,Age,WFH_Days_Per_Week,Gender,Education_Level,Marital_Status,Has_Children,Location_Type,Department,Job_Level,Company_Size,Industry,Home_Office_Quality,Internet_Speed_Category,Work_Hours_Per_Week,Manager_Support_Level,Team_Collaboration_Frequency,Task_Completion_Rate,Quality_Score,Innovation_Score,Efficiency_Rating,Meetings_Per_Week,Commute_Time_Minutes,Job_Satisfaction,Stress_Level,Work_Life_Balance,Prod_Efficiency,Exp_Task_Rate
0,39,2,Female,Associate Degree,Married,Yes,Urban,Product,Mid-Level,Large (1001-5000),Finance,Good,Very Fast (100+ Mbps),41,Low,Few times per week,56.6,58.1,52.1,72.1,4,48,55.9,6,8,3763.62,566.0
1,33,5,Female,Master Degree,Married,No,Urban,Customer Success,Senior,Startup (1-50),Education,Good,Very Fast (100+ Mbps),52,Moderate,Monthly,70.8,93.3,77.9,89.5,12,0,96.1,3,8,7294.25,283.2
2,40,3,Male,PhD,Single,Yes,Rural,Operations,Mid-Level,Medium (201-1000),Technology,Excellent,Fast (50-100 Mbps),43,Moderate,Few times per week,81.9,84.7,63.2,95.0,15,24,90.4,5,6,7809.0,245.70000000000002
3,48,3,Male,Bachelor Degree,Married,Yes,Urban,Finance,Manager,Medium (201-1000),Technology,Excellent,Very Fast (100+ Mbps),45,High,Daily,70.2,67.8,82.5,95.0,8,8,100.0,10,5,7181.999999999999,982.8000000000001
4,32,5,Male,High School,Divorced,Yes,Rural,Engineering,Senior,Small (51-200),Technology,Average,Moderate (25-50 Mbps),42,Very Low,Few times per week,98.2,86.4,67.5,95.0,10,0,100.0,3,4,9310.0,589.2
5,32,4,Male,Bachelor Degree,In Relationship,No,Urban,HR,Mid-Level,Medium (201-1000),Technology,Good,Very Fast (100+ Mbps),43,Very High,Few times per week,59.8,60.6,44.2,72.5,7,49,100.0,7,5,4495.0,418.59999999999997
6,49,2,Female,High School,In Relationship,No,Suburban,Marketing,Junior,Enterprise (5000+),Education,Average,Moderate (25-50 Mbps),38,Moderate,Few times per week,75.0,65.8,79.4,90.0,10,12,100.0,8,3,5958.0,75.0
7,41,0,Female,Bachelor Degree,Married,No,Suburban,Sales,Manager,Large (1001-5000),Media,Excellent,Very Fast (100+ Mbps),45,Moderate,Weekly,75.0,86.3,75.2,94.8,7,13,100.0,4,5,7318.56,825.0
8,39,4,Female,PhD,Divorced,Yes,Urban,Engineering,Senior,Large (1001-5000),Media,Good,Slow (<25 Mbps),32,High,Daily,77.0,83.6,80.2,87.4,6,31,100.0,4,4,6327.760000000001,693.0
9,30,4,Female,Associate Degree,Married,Yes,Rural,Engineering,Junior,Enterprise (5000+),Finance,Good,Very Fast (100+ Mbps),32,High,Weekly,88.7,67.6,68.7,95.0,13,14,100.0,2,5,7704.499999999999,88.7
10,30,5,Male,Bachelor Degree,Married,No,Suburban,Engineering,Junior,Small (51-200),Finance,Good,Very Fast (100+ Mbps),31,Moderate,Few times per week,96.4,95.5,81.9,95.0,8,0,100.0,6,7,9310.0,96.4
11,37,5,Male,Bachelor Degree,Married,No,Urban,Engineering,Junior,Small (51-200),Finance,Good,Very Fast (100+ Mbps),50,High,Few times per week,86.2,84.4,79.2,95.0,11,0,100.0,7,5,7951.5,344.8
12,22,3,Male,Associate Degree,Divorced,Yes,Urban,HR,Junior,Startup (1-50),Finance,Good,Moderate (25-50 Mbps),36,Moderate,Weekly,84.4,70.1,75.7,91.2,11,17,100.0,4,6,6995.040000000001,84.4
13,22,0,Female,Bachelor Degree,Married,No,Rural,Engineering,Junior,Small (51-200),Technology,Excellent,Fast (50-100 Mbps),44,High,Few times per week,54.3,74.9,59.9,84.4,7,29,100.0,3,6,5435.360000000001,54.3
14,29,3,Male,Bachelor Degree,Single,No,Suburban,Sales,Junior,Large (1001-5000),Retail,Average,Moderate (25-50 Mbps),52,High,Few times per week,72.9,89.9,78.4,95.0,6,25,100.0,6,8,8046.5,72.9
15,25,4,Female,Associate Degree,Married,Yes,Suburban,Customer Success,Junior,Small (51-200),Manufacturing,Excellent,Fast (50-100 Mbps),43,Very High,Few times per week,91.4,90.1,83.6,95.0,5,34,100.0,3,8,9310.0,0.0
16,37,4,Female,Bachelor Degree,Single,Yes,Urban,Engineering,Senior,Startup (1-50),Consulting,Good,Very Fast (100+ Mbps),45,Very High,Weekly,69.5,78.6,77.7,95.0,12,13,100.0,4,4,7628.5,208.5
17,26,3,Male,Associate Degree,In Relationship,No,Suburban,Customer Success,Junior,Small (51-200),Finance,Good,Very Fast (100+ Mbps),36,Moderate,Daily,87.6,93.1,79.7,92.7,5,18,85.3,7,6,7073.01,175.2
18,22,3,Male,Bachelor Degree,Married,Yes,Urban,Operations,Junior,Medium (201-1000),Manufacturing,Good,Very Fast (100+ Mbps),43,High,Few times per week,82.4,80.5,78.5,95.0,5,30,100.0,6,7,8160.500000000001,0.0
19,48,2,Female,Bachelor Degree,Married,Yes,Urban,Sales,Lead,Medium (201-1000),Education,Average,Fast (50-100 Mbps),36,Moderate,Few times per week,82.2,80.7,59.3,92.4,7,58,99.2,9,6,6754.44,1397.4
20,32,2,Male,Master Degree,Divorced,No,Suburban,Engineering,Junior,Large (1001-5000),Government,Poor,Fast (50-100 Mbps),30,High,Daily,59.7,71.4,62.4,75.3,11,53,100.0,5,3,4359.87,59.7
21,35,3,Female,Master Degree,Married,No,Urban,Engineering,Junior,Startup (1-50),Finance,Excellent,Very Fast (100+ Mbps),42,Very High,Weekly,94.4,85.8,73.0,95.0,8,30,100.0,4,6,9310.0,94.4
22,22,1,Female,Master Degree,Married,No,Suburban,Sales,Junior,Medium (201-1000),Non-profit,Good,Very Fast (100+ Mbps),43,High,Few times per week,95.3,95.9,87.3,95.0,3,0,100.0,7,5,9310.0,0.0
23,30,2,Female,Bachelor Degree,Married,Yes,Rural,Engineering,Mid-Level,Small (51-200),Retail,Average,Very Fast (100+ Mbps),38,High,Daily,60.5,73.3,83.7,95.0,4,17,100.0,9,6,7581.0,302.5
24,35,2,Female,Bachelor Degree,Married,No,Suburban,Engineering,Junior,Enterprise (5000+),Manufacturing,Good,Very Fast (100+ Mbps),37,Moderate,Few times per week,68.2,71.6,75.8,95.0,8,19,100.0,6,6,7913.5,0.0
25,24,3,Female,Bachelor Degree,Divorced,No,Urban,Engineering,Mid-Level,Small (51-200),Technology,Good,Very Fast (100+ Mbps),40,Very Low,Daily,100.0,100.0,91.3,95.0,8,40,100.0,5,7,9310.0,0.0
26,29,4,Male,Master Degree,In Relationship,Yes,Urban,Engineering,Mid-Level,Startup (1-50),Healthcare,Good,Very Fast (100+ Mbps),46,Moderate,Few times per week,89.2,81.4,67.3,95.0,9,1,95.4,6,5,7894.499999999999,267.6
27,32,3,Female,Bachelor Degree,Single,No,Urban,HR,Junior,Small (51-200),Technology,Excellent,Moderate (25-50 Mbps),44,Moderate,Daily,84.2,99.4,76.9,95.0,6,30,89.6,4,7,9310.0,84.2
28,29,4,Male,Bachelor Degree,Single,No,Suburban,Engineering,Mid-Level,Small (51-200),Finance,Average,Very Fast (100+ Mbps),51,Low,Monthly,84.9,88.9,76.4,95.0,6,32,91.5,9,8,8578.5,254.70000000000002
29,51,4,Male,Bachelor Degree,Single,No,Urban,Customer Success,Manager,Medium (201-1000),Government,Poor,Moderate (25-50 Mbps),39,Moderate,Daily,96.7,95.9,72.2,95.0,8,13,90.7,5,3,8246.0,2030.7
30,34,2,Male,Bachelor Degree,Married,Yes,Urban,Engineering,Mid-Level,Large (1001-5000),Finance,Average,Very Fast (100+ Mbps),42,Moderate,Few times per week,80.8,85.2,72.1,95.0,2,26,100.0,8,5,8493.0,646.4
31,25,3,Female,Professional Degree,Single,No,Urban,Finance,Junior,Small (51-200),Technology,Good,Fast (50-100 Mbps),43,Moderate,Weekly,71.4,75.5,69.8,86.2,4,48,100.0,6,5,6439.14,0.0
32,42,5,Male,Bachelor Degree,Single,No,Urban,Sales,Lead,Medium (201-1000),Healthcare,Poor,Very Fast (100+ Mbps),39,Moderate,Few times per week,63.4,87.0,64.4,95.0,7,0,100.0,6,5,7334.0,824.1999999999999
33,24,4,Male,Master Degree,Married,No,Suburban,Operations,Junior,Large (1001-5000),Technology,Poor,Fast (50-100 Mbps),30,Moderate,Monthly,52.4,69.3,53.6,84.2,7,4,50.3,5,9,4740.46,0.0
34,22,4,Female,Professional Degree,Married,Yes,Suburban,Marketing,Junior,Startup (1-50),Education,Good,Very Fast (100+ Mbps),56,Moderate,Bi-weekly,62.5,50.0,55.9,69.9,6,9,100.0,4,9,3508.9800000000005,62.5
35,23,1,Female,Bachelor Degree,Married,No,Suburban,Engineering,Junior,Small (51-200),Finance,Average,Moderate (25-50 Mbps),47,Moderate,Few times per week,100.0,97.9,66.8,95.0,6,47,100.0,5,6,8930.0,0.0
36,36,0,Female,Master Degree,Married,Yes,Suburban,Marketing,Junior,Large (1001-5000),Manufacturing,Average,Fast (50-100 Mbps),53,High,Few times per week,94.2,100.0,90.3,95.0,8,37,100.0,5,7,9310.0,188.4
37,36,2,Female,Master Degree,Divorced,No,Urban,Marketing,Mid-Level,Startup (1-50),Consulting,Good,Very Fast (100+ Mbps),41,Very High,Bi-weekly,89.8,93.3,95.0,95.0,5,4,100.0,6,7,9310.0,269.4
38,33,2,Male,Bachelor Degree,Married,No,Suburban,Engineering,Junior,Small (51-200),Government,Average,Very Fast (100+ Mbps),45,Low,Bi-weekly,67.5,78.6,63.5,95.0,3,15,73.1,6,7,6213.000000000001,0.0
39,32,4,Female,Bachelor Degree,Married,Yes,Urban,Engineering,Senior,Large (1001-5000),Technology,Average,Fast (50-100 Mbps),48,High,Bi-weekly,82.5,83.3,83.1,95.0,3,20,100.0,3,6,7410.0,247.5
40,22,2,Female,Master Degree,Married,No,Urban,Operations,Junior,Medium (201-1000),Consulting,Average,Fast (50-100 Mbps),32,High,Weekly,74.0,79.8,75.9,94.3,2,72,100.0,6,5,6921.62,74.0
41,28,2,Male,PhD,Single,Yes,Rural,Data Science,Junior,Large (1001-5000),Healthcare,Excellent,Very Fast (100+ Mbps),44,Moderate,Daily,88.2,83.8,89.2,82.7,7,24,100.0,3,9,6202.5,176.4
42,30,4,Female,Bachelor Degree,Divorced,No,Urban,Marketing,Junior,Small (51-200),Healthcare,Good,Very Fast (100+ Mbps),41,Moderate,Daily,100.0,92.1,64.6,95.0,6,2,100.0,9,9,8578.5,0.0
43,44,4,Male,Master Degree,Single,No,Suburban,Finance,Senior,Enterprise (5000+),Technology,Good,Fast (50-100 Mbps),50,High,Daily,99.8,75.7,79.4,95.0,8,18,100.0,4,3,7495.500000000001,698.6
44,38,2,Female,Associate Degree,Divorced,Yes,Suburban,Marketing,Mid-Level,Large (1001-5000),Finance,Average,Very Fast (100+ Mbps),44,High,Daily,100.0,99.1,80.9,95.0,9,20,100.0,7,5,9310.0,900.0
45,22,4,Male,Master Degree,Married,Yes,Urban,Marketing,Junior,Small (51-200),Government,Excellent,Fast (50-100 Mbps),27,Low,Daily,52.6,70.0,56.2,93.9,8,33,100.0,4,7,6413.37,0.0
46,31,3,Female,Bachelor Degree,Married,Yes,Suburban,Engineering,Junior,Startup (1-50),Technology,Good,Fast (50-100 Mbps),29,Very High,Daily,100.0,96.2,74.0,95.0,6,0,100.0,9,8,9310.0,0.0
47,28,0,Female,Master Degree,Married,Yes,Urban,Product,Senior,Small (51-200),Technology,Average,Very Fast (100+ Mbps),49,Moderate,Monthly,77.4,81.5,51.2,95.0,4,21,100.0,8,8,7210.500000000001,232.20000000000002
48,40,0,Female,Master Degree,Married,No,Urban,Sales,Senior,Large (1001-5000),Healthcare,Good,Moderate (25-50 Mbps),37,Moderate,Daily,51.0,76.5,72.2,87.1,5,63,96.2,7,5,5739.89,459.0
49,44,3,Male,Bachelor Degree,Married,Yes,Rural,Operations,Lead,Small (51-200),Government,Average,Very Fast (100+ Mbps),35,Moderate,Daily,63.6,58.8,68.2,77.1,9,34,82.8,7,5,4263.629999999999,699.6
50,43,2,Male,Master Degree,Married,No,Suburban,Marketing,Senior,Large (1001-5000),Education,Poor,Fast (50-100 Mbps),37,Moderate,Weekly,73.4,80.9,86.0,95.0,10,36,100.0,8,5,7875.500000000001,513.8000000000001
51,27,5,Male,Associate Degree,Married,Yes,Urban,Sales,Junior,Small (51-200),Technology,Average,Moderate (25-50 Mbps),36,Low,Weekly,100.0,100.0,81.0,95.0,5,0,100.0,7,6,9310.0,100.0
52,32,4,Female,Master Degree,Married,No,Urban,Sales,Senior,Large (1001-5000),Finance,Excellent,Fast (50-100 Mbps),41,Low,Daily,100.0,93.6,83.6,95.0,12,16,100.0,8,8,8968.0,500.0
53,37,4,Female,Master Degree,Married,Yes,Suburban,Operations,Senior,Small (51-200),Finance,Excellent,Fast (50-100 Mbps),36,Moderate,Daily,83.5,83.2,68.7,95.0,7,35,75.1,5,5,7989.499999999999,668.0
54,43,5,Male,Associate Degree,Single,Yes,Urban,Engineering,Senior,Large (1001-5000),Technology,Average,Very Fast (100+ Mbps),40,High,Daily,77.8,86.3,65.5,91.0,8,0,100.0,6,7,7480.2,466.79999999999995
55,30,5,Male,Master Degree,Divorced,No,Urban,Sales,Junior,Startup (1-50),Healthcare,Good,Moderate (25-50 Mbps),32,High,Few times per week,75.4,81.1,62.2,95.0,5,0,100.0,6,8,6830.500000000001,75.4
56,33,2,Female,Bachelor Degree,Married,Yes,Suburban,Marketing,Junior,Small (51-200),Technology,Average,Very Fast (100+ Mbps),40,Moderate,Daily,86.7,85.3,71.6,95.0,4,47,84.7,4,6,8911.0,173.4
57,25,1,Male,Bachelor Degree,Married,No,Urban,Data Science,Junior,Medium (201-1000),Consulting,Average,Fast (50-100 Mbps),50,Moderate,Weekly,70.7,86.4,55.5,95.0,10,12,100.0,6,6,7923.000000000001,70.7
58,24,4,Female,Bachelor Degree,In Relationship,No,Suburban,Sales,Junior,Medium (201-1000),Healthcare,Poor,Very Fast (100+ Mbps),39,Very High,Weekly,84.9,100.0,95.0,95.0,5,41,100.0,3,6,9310.0,0.0
59,42,2,Male,Bachelor Degree,Married,No,Suburban,Operations,Senior,Medium (201-1000),Consulting,Good,Very Fast (100+ Mbps),45,Moderate,Weekly,100.0,99.0,88.5,95.0,12,79,100.0,6,7,9310.0,600.0
60,47,3,Female,Master Degree,Married,Yes,Urban,Engineering,Lead,Medium (201-1000),Government,Average,Very Fast (100+ Mbps),34,Low,Few times per week,70.8,74.9,61.3,95.0,5,18,76.0,3,8,7096.5,424.79999999999995
61,34,4,Male,Bachelor Degree,Married,Yes,Urban,Engineering,Mid-Level,Enterprise (5000+),Government,Excellent,Very Fast (100+ Mbps),45,High,Daily,89.9,98.5,81.2,95.0,8,9,100.0,6,10,9310.0,359.6
62,44,5,Female,Bachelor Degree,Divorced,No,Urban,Product,Manager,Small (51-200),Technology,Good,Moderate (25-50 Mbps),48,Moderate,Few times per week,92.9,97.3,95.0,95.0,12,0,100.0,6,8,9310.0,1579.3000000000002
63,38,3,Female,Master Degree,Single,No,Suburban,HR,Lead,Large (1001-5000),Government,Excellent,Moderate (25-50 Mbps),50,Moderate,Few times per week,91.2,91.9,87.3,95.0,7,37,100.0,3,6,8759.0,1003.2
64,29,4,Male,Associate Degree,Married,Yes,Urban,Sales,Junior,Medium (201-1000),Manufacturing,Average,Fast (50-100 Mbps),43,High,Weekly,60.6,55.4,42.0,66.0,2,38,100.0,5,3,3517.7999999999997,60.6
65,38,2,Female,Bachelor Degree,Married,Yes,Urban,Marketing,Junior,Medium (201-1000),Manufacturing,Average,Very Fast (100+ Mbps),46,Moderate,Bi-weekly,89.1,90.9,72.4,95.0,6,29,86.0,7,4,7751.999999999999,178.2
66,48,4,Female,Bachelor Degree,Single,Yes,Rural,Engineering,Manager,Medium (201-1000),Technology,Excellent,Very Fast (100+ Mbps),34,High,Daily,82.2,89.3,79.2,95.0,9,6,100.0,6,2,9310.0,1397.4
67,34,0,Female,Master Degree,Single,No,Urban,Finance,Mid-Level,Large (1001-5000),Technology,Good,Fast (50-100 Mbps),39,Moderate,Monthly,71.4,73.0,56.9,88.2,10,43,100.0,6,6,6712.0199999999995,357.0
68,49,5,Female,Bachelor Degree,Married,Yes,Rural,Engineering,Director,Medium (201-1000),Non-profit,Average,Very Fast (100+ Mbps),37,Moderate,Bi-weekly,81.2,96.1,82.7,95.0,12,0,95.0,5,6,7999.0,1948.8000000000002
69,22,0,Male,Bachelor Degree,Married,No,Urban,HR,Junior,Large (1001-5000),Technology,Average,Fast (50-100 Mbps),43,Moderate,Daily,59.9,50.0,49.1,69.6,9,0,71.1,2,8,3375.6,0.0
70,42,4,Female,Bachelor Degree,Divorced,Yes,Urban,Marketing,Mid-Level,Startup (1-50),Technology,Average,Very Fast (100+ Mbps),38,High,Daily,87.3,83.3,70.8,95.0,10,27,100.0,9,3,8559.5,611.1
71,32,2,Female,Associate Degree,Married,Yes,Urban,Product,Senior,Small (51-200),Media,Average,Moderate (25-50 Mbps),56,Moderate,Few times per week,100.0,92.8,81.0,95.0,7,26,87.9,5,6,9310.0,900.0
72,35,3,Female,PhD,Single,No,Urban,Data Science,Mid-Level,Medium (201-1000),Healthcare,Good,Fast (50-100 Mbps),45,High,Daily,98.3,97.3,84.3,95.0,10,43,100.0,3,8,9310.0,491.5
73,22,3,Male,Master Degree,Married,Yes,Urban,Engineering,Junior,Medium (201-1000),Media,Good,Moderate (25-50 Mbps),50,Very High,Daily,89.0,81.9,69.5,95.0,7,57,100.0,6,3,8131.999999999999,0.0
74,33,1,Female,Master Degree,Married,Yes,Rural,Customer Success,Lead,Medium (201-1000),Finance,Good,Fast (50-100 Mbps),34,High,Bi-weekly,100.0,96.7,67.9,95.0,9,56,100.0,9,5,9310.0,600.0
75,38,2,Female,Bachelor Degree,Married,Yes,Urban,HR,Lead,Medium (201-1000),Technology,Average,Fast (50-100 Mbps),41,Moderate,Daily,100.0,93.8,83.3,95.0,8,38,100.0,4,7,9177.0,1000.0
76,48,4,Male,Bachelor Degree,Single,Yes,Suburban,HR,Manager,Small (51-200),Healthcare,Good,Very Fast (100+ Mbps),43,Moderate,Few times per week,92.5,87.2,67.9,95.0,9,32,86.9,5,5,8065.500000000001,1110.0
77,30,4,Female,Master Degree,Married,Yes,Suburban,Design,Mid-Level,Medium (201-1000),Education,Average,Very Fast (100+ Mbps),42,Very Low,Weekly,61.3,60.6,47.0,82.1,12,28,48.4,4,10,4950.629999999999,0.0
78,27,0,Female,Associate Degree,Divorced,No,Suburban,Marketing,Mid-Level,Medium (201-1000),Finance,Excellent,Moderate (25-50 Mbps),53,High,Bi-weekly,56.2,68.7,81.7,75.1,8,14,100.0,8,6,4896.5199999999995,56.2
79,30,4,Male,Associate Degree,Married,No,Suburban,Finance,Mid-Level,Small (51-200),Finance,Average,Fast (50-100 Mbps),37,High,Daily,79.8,78.0,72.3,88.9,11,31,100.0,6,9,6454.14,399.0
80,43,0,Male,Bachelor Degree,Married,Yes,Urban,Customer Success,Lead,Small (51-200),Technology,Average,Fast (50-100 Mbps),43,Moderate,Daily,100.0,88.7,75.4,95.0,12,28,100.0,8,9,8160.500000000001,1300.0
81,37,3,Female,PhD,Married,No,Urban,Marketing,Junior,Large (1001-5000),Technology,Good,Fast (50-100 Mbps),27,Moderate,Weekly,90.8,97.0,89.4,95.0,6,36,100.0,8,5,9006.0,454.0
82,30,2,Male,Master Degree,Single,No,Urban,Marketing,Junior,Large (1001-5000),Retail,Good,Very Fast (100+ Mbps),44,High,Weekly,80.6,73.6,59.2,95.0,11,57,100.0,7,5,7115.500000000001,0.0
83,39,3,Male,Bachelor Degree,Single,Yes,Urban,Sales,Lead,Small (51-200),Finance,Excellent,Slow (<25 Mbps),45,High,Monthly,97.8,91.3,71.9,95.0,7,18,100.0,4,5,9310.0,978.0
84,35,2,Male,Master Degree,Divorced,No,Urban,HR,Mid-Level,Small (51-200),Technology,Average,Very Fast (100+ Mbps),41,High,Daily,73.9,88.9,95.0,95.0,14,33,100.0,2,6,8455.0,517.3000000000001
85,43,5,Male,Bachelor Degree,Married,No,Urban,Finance,Mid-Level,Small (51-200),Technology,Average,Moderate (25-50 Mbps),44,Moderate,Weekly,86.9,79.4,66.9,95.0,7,0,100.0,3,3,8445.5,434.5
86,28,2,Female,Master Degree,Married,No,Rural,Marketing,Junior,Large (1001-5000),Finance,Good,Very Fast (100+ Mbps),38,High,Few times per week,78.3,90.2,87.1,89.8,5,39,100.0,7,8,7453.4,156.6
87,32,2,Female,Bachelor Degree,Single,Yes,Rural,Sales,Junior,Large (1001-5000),Media,Excellent,Very Fast (100+ Mbps),34,Low,Bi-weekly,87.1,100.0,95.0,95.0,13,39,98.8,7,4,8987.0,0.0
88,31,2,Female,Master Degree,Married,Yes,Urban,Engineering,Mid-Level,Startup (1-50),Finance,Good,Very Fast (100+ Mbps),36,Moderate,Few times per week,96.7,100.0,95.0,95.0,8,79,100.0,7,9,8863.5,290.1
89,22,5,Female,Bachelor Degree,Single,No,Urban,Engineering,Junior,Large (1001-5000),Technology,Good,Moderate (25-50 Mbps),36,High,Few times per week,88.0,82.7,80.7,95.0,7,0,100.0,4,7,8483.5,0.0
90,37,4,Female,Bachelor Degree,Single,No,Urban,Marketing,Mid-Level,Startup (1-50),Finance,Good,Moderate (25-50 Mbps),34,High,Daily,79.1,85.2,62.9,95.0,7,20,100.0,4,6,8312.5,553.6999999999999
91,37,4,Male,Bachelor Degree,Married,Yes,Urban,Sales,Senior,Small (51-200),Education,Good,Moderate (25-50 Mbps),34,Very High,Daily,88.5,100.0,81.5,95.0,12,0,100.0,9,7,9310.0,796.5
92,35,5,Female,Bachelor Degree,Married,No,Urban,Customer Success,Senior,Enterprise (5000+),Education,Excellent,Very Fast (100+ Mbps),37,Moderate,Few times per week,100.0,99.2,81.4,95.0,5,0,100.0,7,9,9310.0,900.0
93,32,5,Male,Master Degree,Single,No,Rural,Marketing,Mid-Level,Large (1001-5000),Technology,Good,Very Fast (100+ Mbps),39,Moderate,Daily,78.2,89.5,79.0,88.2,12,0,100.0,7,5,7020.719999999999,312.8
94,22,4,Male,Bachelor Degree,Single,Yes,Urban,Design,Junior,Large (1001-5000),Retail,Average,Fast (50-100 Mbps),42,Very High,Few times per week,78.0,89.2,84.1,95.0,4,21,100.0,3,5,8759.0,78.0
95,31,1,Female,Bachelor Degree,Married,No,Urban,Engineering,Junior,Medium (201-1000),Education,Average,Very Fast (100+ Mbps),34,Moderate,Daily,48.0,54.8,46.9,69.2,8,73,84.4,5,6,3079.4,96.0
96,31,4,Female,Bachelor Degree,Married,No,Urban,Data Science,Junior,Small (51-200),Technology,Good,Fast (50-100 Mbps),36,Moderate,Weekly,100.0,97.9,92.0,95.0,9,31,100.0,2,6,9310.0,500.0
97,27,2,Female,Bachelor Degree,Married,Yes,Rural,Sales,Mid-Level,Large (1001-5000),Technology,Average,Fast (50-100 Mbps),38,High,Daily,73.1,93.4,76.5,95.0,9,37,100.0,7,3,8246.0,73.1
98,38,4,Female,Bachelor Degree,In Relationship,Yes,Suburban,Marketing,Lead,Small (51-200),Education,Good,Fast (50-100 Mbps),34,High,Weekly,97.2,89.1,81.7,95.0,8,22,100.0,6,7,9310.0,874.8000000000001
99,51,4,Female,Bachelor Degree,Single,Yes,Suburban,Sales,Manager,Medium (201-1000),Government,Average,Moderate (25-50 Mbps),38,High,Daily,85.7,80.0,72.4,90.4,5,47,100.0,8,7,7485.12,1456.9
100,36,3,Female,Bachelor Degree,Single,No,Urban,Engineering,Lead,Large (1001-5000),Finance,Excellent,Moderate (25-50 Mbps),47,High,Daily,90.3,99.2,91.9,95.0,2,41,100.0,7,5,9310.0,632.1
101,37,4,Male,Bachelor Degree,Married,No,Urban,Engineering,Senior,Enterprise (5000+),Manufacturing,Good,Fast (50-100 Mbps),37,Very High,Weekly,95.8,97.4,95.0,95.0,11,46,100.0,9,8,9310.0,766.4
102,34,5,Male,PhD,Single,No,Suburban,Finance,Mid-Level,Large (1001-5000),Technology,Excellent,Fast (50-100 Mbps),34,High,Daily,100.0,100.0,83.5,95.0,8,0,100.0,2,6,9310.0,400.0
103,22,1,Female,Master Degree,Married,No,Suburban,Sales,Junior,Large (1001-5000),Media,Good,Fast (50-100 Mbps),41,Low,Daily,62.4,59.0,79.5,75.8,13,10,84.6,6,7,4328.18,62.4
104,34,2,Female,Bachelor Degree,Married,No,Urban,Data Science,Junior,Startup (1-50),Education,Average,Very Fast (100+ Mbps),37,Very High,Few times per week,62.1,84.0,59.9,94.4,10,49,100.0,6,5,7164.960000000001,62.1
105,35,4,Male,Master Degree,In Relationship,No,Urban,Sales,Senior,Medium (201-1000),Education,Excellent,Very Fast (100+ Mbps),25,Very High,Few times per week,100.0,99.2,95.0,95.0,11,0,100.0,2,8,9310.0,500.0
106,57,5,Male,Master Degree,Divorced,Yes,Suburban,Data Science,Mid-Level,Large (1001-5000),Technology,Excellent,Very Fast (100+ Mbps),43,Moderate,Daily,87.5,97.1,88.2,95.0,9,0,100.0,7,5,9310.0,262.5
107,33,1,Male,Bachelor Degree,In Relationship,No,Urban,Engineering,Senior,Startup (1-50),Technology,Average,Very Fast (100+ Mbps),47,Very High,Monthly,95.1,97.5,89.6,95.0,3,33,100.0,4,9,9310.0,285.29999999999995
108,37,0,Female,Master Degree,Single,No,Suburban,Engineering,Senior,Large (1001-5000),Retail,Good,Very Fast (100+ Mbps),41,High,Bi-weekly,100.0,89.9,78.3,95.0,8,41,100.0,7,6,9310.0,500.0
109,34,0,Female,Bachelor Degree,Divorced,Yes,Urban,Sales,Junior,Enterprise (5000+),Technology,Good,Moderate (25-50 Mbps),48,High,Bi-weekly,72.5,76.0,50.7,84.8,6,58,100.0,2,4,6173.44,290.0
110,24,0,Female,Master Degree,Single,No,Urban,Product,Junior,Small (51-200),Technology,Poor,Fast (50-100 Mbps),45,Low,Few times per week,81.5,62.5,59.6,78.6,9,53,84.6,6,7,5289.78,0.0
111,45,5,Female,Bachelor Degree,Married,No,Urban,Marketing,Senior,Large (1001-5000),Technology,Good,Very Fast (100+ Mbps),36,High,Monthly,53.6,62.2,37.9,69.1,6,0,100.0,6,7,3869.5999999999995,643.2
112,41,4,Female,Bachelor Degree,Married,No,Rural,Engineering,Mid-Level,Large (1001-5000),Technology,Average,Very Fast (100+ Mbps),54,Low,Weekly,78.5,69.0,47.7,85.9,6,43,99.1,6,6,6047.360000000001,392.5
113,42,4,Female,Bachelor Degree,Single,Yes,Urban,Engineering,Senior,Medium (201-1000),Education,Poor,Fast (50-100 Mbps),43,Moderate,Weekly,100.0,100.0,85.3,95.0,6,46,100.0,5,8,9310.0,1300.0
114,26,3,Male,Professional Degree,Married,No,Urban,Sales,Mid-Level,Large (1001-5000),Finance,Excellent,Very Fast (100+ Mbps),44,Moderate,Few times per week,47.2,64.0,49.2,72.5,5,23,89.1,5,6,3936.75,47.2
115,47,4,Male,Master Degree,Single,Yes,Urban,Operations,Lead,Small (51-200),Technology,Good,Very Fast (100+ Mbps),36,Moderate,Daily,100.0,94.2,76.7,95.0,10,5,100.0,6,4,9310.0,1400.0
116,22,1,Female,Bachelor Degree,Married,Yes,Suburban,Sales,Junior,Large (1001-5000),Finance,Good,Moderate (25-50 Mbps),32,Very High,Bi-weekly,76.8,100.0,94.2,95.0,8,46,100.0,5,2,9006.0,76.8
117,40,3,Male,Associate Degree,In Relationship,No,Suburban,HR,Junior,Small (51-200),Consulting,Average,Fast (50-100 Mbps),35,Very High,Few times per week,40.2,62.3,59.2,89.2,11,37,98.5,9,9,5048.72,80.4
118,54,3,Female,Bachelor Degree,Single,No,Urban,Operations,Senior,Large (1001-5000),Media,Good,Fast (50-100 Mbps),47,High,Monthly,85.1,89.8,81.5,95.0,8,16,100.0,9,6,8759.0,510.59999999999997
119,26,1,Female,Bachelor Degree,Single,Yes,Urban,Product,Junior,Medium (201-1000),Healthcare,Average,Fast (50-100 Mbps),52,Very High,Daily,40.0,50.0,60.3,57.9,10,36,100.0,5,7,2466.54,40.0
120,29,3,Male,Associate Degree,Married,Yes,Rural,Marketing,Junior,Startup (1-50),Healthcare,Poor,Very Fast (100+ Mbps),43,Very Low,Monthly,40.0,58.4,49.5,64.9,7,35,78.4,7,4,2920.5000000000005,80.0
121,35,2,Female,Bachelor Degree,Divorced,No,Suburban,Sales,Junior,Medium (201-1000),Technology,Average,Fast (50-100 Mbps),42,Moderate,Daily,63.8,76.6,62.6,83.7,10,65,100.0,7,6,5457.240000000001,127.6
122,30,0,Female,Master Degree,Single,No,Suburban,Data Science,Mid-Level,Small (51-200),Healthcare,Average,Fast (50-100 Mbps),47,High,Few times per week,66.2,50.0,69.6,84.0,9,6,100.0,8,7,5510.4,331.0
123,22,1,Male,Master Degree,Married,No,Urban,Sales,Junior,Startup (1-50),Retail,Average,Fast (50-100 Mbps),50,Moderate,Few times per week,76.0,57.2,45.8,82.0,9,59,60.1,1,6,5207.0,76.0
124,35,4,Female,Bachelor Degree,Divorced,No,Urban,Sales,Senior,Startup (1-50),Healthcare,Average,Very Fast (100+ Mbps),33,Very Low,Weekly,52.7,66.7,69.7,79.3,10,24,94.1,5,10,4821.44,421.6
125,25,0,Female,Bachelor Degree,Single,Yes,Suburban,Customer Success,Mid-Level,Large (1001-5000),Finance,Excellent,Moderate (25-50 Mbps),51,Low,Weekly,72.6,84.5,58.9,88.2,5,31,66.7,3,7,6579.719999999999,72.6
126,39,5,Male,PhD,Married,Yes,Suburban,Engineering,Junior,Large (1001-5000),Education,Average,Very Fast (100+ Mbps),39,Moderate,Few times per week,79.3,76.6,78.1,95.0,4,0,89.1,5,10,7144.0,79.3
127,26,1,Male,Master Degree,Married,Yes,Suburban,Sales,Junior,Enterprise (5000+),Government,Average,Fast (50-100 Mbps),48,High,Daily,65.0,75.7,52.7,79.9,12,60,100.0,6,4,5361.29,65.0
128,48,4,Female,Master Degree,Married,Yes,Urban,Engineering,Mid-Level,Large (1001-5000),Media,Good,Fast (50-100 Mbps),35,Very High,Few times per week,77.3,86.6,59.1,95.0,2,16,100.0,8,9,7163.000000000001,463.79999999999995
129,27,5,Female,PhD,Divorced,Yes,Suburban,Engineering,Junior,Large (1001-5000),Manufacturing,Excellent,Fast (50-100 Mbps),48,Very High,Daily,100.0,98.3,88.2,95.0,11,0,100.0,8,7,9234.0,300.0
130,32,5,Female,Master Degree,Single,Yes,Suburban,Engineering,Lead,Startup (1-50),Technology,Good,Fast (50-100 Mbps),33,Very High,Weekly,48.7,52.3,40.6,64.3,6,0,100.0,6,5,3169.99,292.20000000000005
131,42,5,Female,Associate Degree,In Relationship,No,Rural,Engineering,Senior,Large (1001-5000),Technology,Excellent,Very Fast (100+ Mbps),48,Very High,Daily,88.8,97.2,73.3,95.0,9,0,100.0,2,8,9310.0,355.2
132,23,2,Female,Bachelor Degree,In Relationship,Yes,Urban,Sales,Junior,Large (1001-5000),Consulting,Good,Very Fast (100+ Mbps),45,Low,Few times per week,77.7,74.7,61.4,85.4,12,45,70.2,5,7,6498.94,0.0
133,37,2,Male,PhD,Single,No,Suburban,Customer Success,Senior,Startup (1-50),Technology,Good,Very Fast (100+ Mbps),32,Low,Monthly,95.6,100.0,90.6,95.0,6,21,100.0,3,7,9262.5,478.0
134,46,3,Female,Bachelor Degree,Single,No,Suburban,Operations,Lead,Large (1001-5000),Education,Poor,Very Fast (100+ Mbps),49,Moderate,Daily,100.0,99.0,90.1,95.0,11,21,100.0,7,4,9310.0,600.0
135,22,1,Male,Associate Degree,In Relationship,No,Rural,Operations,Junior,Medium (201-1000),Finance,Good,Very Fast (100+ Mbps),36,Moderate,Few times per week,90.2,85.7,85.0,95.0,7,64,98.4,7,7,8816.0,0.0
136,36,0,Male,Bachelor Degree,Married,No,Suburban,Marketing,Senior,Enterprise (5000+),Healthcare,Average,Fast (50-100 Mbps),48,Moderate,Daily,86.0,81.9,63.7,90.2,6,43,76.4,6,5,6909.32,430.0
137,37,5,Female,Master Degree,Married,No,Rural,Customer Success,Mid-Level,Large (1001-5000),Healthcare,Excellent,Very Fast (100+ Mbps),42,High,Daily,74.4,81.8,70.1,95.0,9,0,100.0,5,6,7561.999999999999,372.0
138,42,3,Female,Professional Degree,Married,Yes,Rural,Product,Senior,Enterprise (5000+),Media,Good,Very Fast (100+ Mbps),34,Low,Few times per week,81.7,83.4,75.5,95.0,11,44,75.2,8,9,8179.499999999999,735.3000000000001
139,23,4,Male,Bachelor Degree,Married,Yes,Urban,Customer Success,Junior,Startup (1-50),Technology,Good,Fast (50-100 Mbps),35,High,Few times per week,67.9,83.4,83.3,95.0,4,0,100.0,6,4,7371.999999999999,0.0
140,23,5,Female,Bachelor Degree,Divorced,Yes,Suburban,Customer Success,Junior,Startup (1-50),Manufacturing,Good,Moderate (25-50 Mbps),65,Moderate,Few times per week,68.1,72.1,80.5,94.4,8,0,100.0,6,9,7316.0,0.0
141,39,4,Female,Master Degree,Single,Yes,Suburban,Engineering,Mid-Level,Enterprise (5000+),Consulting,Average,Fast (50-100 Mbps),55,High,Bi-weekly,51.5,69.2,63.2,81.7,9,44,100.0,8,6,5539.26,103.0
142,37,4,Female,Bachelor Degree,Single,No,Urban,Operations,Mid-Level,Startup (1-50),Government,Average,Moderate (25-50 Mbps),40,Low,Weekly,52.7,59.0,51.1,63.8,7,9,91.5,2,4,3107.06,368.90000000000003
143,37,4,Male,Associate Degree,Divorced,No,Urban,Operations,Senior,Medium (201-1000),Healthcare,Average,Fast (50-100 Mbps),44,Moderate,Bi-weekly,60.9,78.9,89.6,91.4,9,15,100.0,4,8,6845.860000000001,304.5
144,38,1,Female,PhD,Divorced,No,Urban,Marketing,Mid-Level,Medium (201-1000),Healthcare,Good,Very Fast (100+ Mbps),49,Moderate,Few times per week,92.4,83.7,66.9,95.0,13,25,100.0,6,7,8027.5,277.20000000000005
145,28,2,Male,Bachelor Degree,Married,Yes,Suburban,Marketing,Mid-Level,Large (1001-5000),Government,Average,Fast (50-100 Mbps),34,Very High,Few times per week,47.1,62.3,61.5,83.4,6,42,100.0,6,6,5429.34,141.3
146,37,5,Male,Bachelor Degree,In Relationship,No,Urban,Engineering,Mid-Level,Small (51-200),Healthcare,Good,Very Fast (100+ Mbps),46,High,Few times per week,95.9,98.8,88.2,95.0,5,0,100.0,6,5,9310.0,575.4000000000001
147,37,5,Female,Master Degree,Married,Yes,Suburban,Engineering,Lead,Startup (1-50),Healthcare,Excellent,Very Fast (100+ Mbps),47,Moderate,Weekly,88.2,100.0,86.2,95.0,11,0,100.0,7,6,9310.0,705.6
148,28,5,Female,High School,Single,No,Suburban,Product,Junior,Medium (201-1000),Finance,Average,Very Fast (100+ Mbps),44,High,Few times per week,100.0,100.0,83.1,95.0,10,0,100.0,5,4,9310.0,200.0
149,51,3,Female,PhD,Divorced,Yes,Suburban,Operations,Junior,Medium (201-1000),Technology,Average,Very Fast (100+ Mbps),50,Low,Daily,86.9,84.3,75.1,92.7,12,30,95.8,1,8,7258.41,173.8
150,39,5,Female,Bachelor Degree,Married,Yes,Urban,Engineering,Mid-Level,Small (51-200),Finance,Good,Fast (50-100 Mbps),42,Moderate,Daily,55.0,70.3,74.0,87.8,5,0,95.7,5,5,6356.72,275.0
151,24,0,Male,Bachelor Degree,Single,Yes,Suburban,Engineering,Junior,Large (1001-5000),Education,Average,Fast (50-100 Mbps),48,High,Few times per week,75.4,54.6,58.8,79.8,10,47,100.0,9,8,4859.82,0.0
152,40,1,Female,Bachelor Degree,Married,No,Urban,Operations,Senior,Large (1001-5000),Retail,Average,Very Fast (100+ Mbps),43,High,Daily,87.9,98.7,95.0,95.0,11,42,100.0,7,8,9310.0,263.70000000000005
153,26,3,Male,Bachelor Degree,Married,Yes,Urban,Sales,Junior,Large (1001-5000),Technology,Good,Moderate (25-50 Mbps),32,Moderate,Daily,100.0,100.0,78.3,95.0,8,30,100.0,5,9,9310.0,100.0
154,42,3,Female,Master Degree,In Relationship,Yes,Suburban,Marketing,Mid-Level,Small (51-200),Manufacturing,Good,Fast (50-100 Mbps),47,High,Weekly,76.9,77.9,57.5,86.7,7,20,100.0,4,3,6311.76,384.5
155,45,2,Male,Master Degree,Single,No,Suburban,Engineering,Senior,Large (1001-5000),Healthcare,Poor,Fast (50-100 Mbps),49,Very High,Daily,70.7,83.4,62.6,95.0,3,39,100.0,8,6,7951.5,424.20000000000005
156,43,1,Female,Bachelor Degree,Married,Yes,Suburban,Sales,Senior,Medium (201-1000),Government,Good,Very Fast (100+ Mbps),33,Very High,Weekly,92.6,95.1,79.2,95.0,9,6,100.0,6,8,9310.0,1018.5999999999999
157,38,3,Female,Master Degree,Divorced,No,Urban,Finance,Senior,Small (51-200),Technology,Good,Fast (50-100 Mbps),47,High,Daily,94.3,85.2,71.8,95.0,13,32,100.0,6,4,8654.5,282.9
158,42,4,Female,Bachelor Degree,Married,Yes,Urban,Engineering,Lead,Enterprise (5000+),Manufacturing,Good,Very Fast (100+ Mbps),43,High,Daily,100.0,95.9,74.3,95.0,12,28,100.0,5,8,9310.0,600.0
159,52,4,Female,Master Degree,Married,Yes,Suburban,Sales,Mid-Level,Medium (201-1000),Education,Good,Fast (50-100 Mbps),43,Moderate,Daily,72.0,58.0,48.6,76.9,11,40,77.8,5,3,4737.040000000001,432.0
160,32,1,Male,Master Degree,Married,No,Urban,Finance,Mid-Level,Large (1001-5000),Retail,Good,Moderate (25-50 Mbps),43,Moderate,Few times per week,78.8,76.9,61.6,95.0,2,65,89.1,7,6,7638.000000000001,394.0
161,28,3,Male,Bachelor Degree,Single,Yes,Suburban,Customer Success,Mid-Level,Startup (1-50),Finance,Good,Fast (50-100 Mbps),48,Moderate,Weekly,54.0,70.0,64.7,75.8,8,48,84.0,3,3,4532.839999999999,108.0
162,26,4,Female,Bachelor Degree,Married,No,Suburban,Engineering,Junior,Large (1001-5000),Technology,Average,Very Fast (100+ Mbps),43,High,Few times per week,89.8,98.2,78.6,95.0,6,0,100.0,5,4,9310.0,89.8
163,27,3,Male,Bachelor Degree,Single,No,Suburban,HR,Junior,Enterprise (5000+),Healthcare,Average,Very Fast (100+ Mbps),39,Low,Few times per week,40.0,50.0,30.0,59.3,7,12,67.6,9,8,2075.5,40.0
164,34,3,Female,Bachelor Degree,Divorced,No,Urban,Design,Senior,Medium (201-1000),Finance,Poor,Very Fast (100+ Mbps),32,Moderate,Few times per week,50.7,57.5,63.9,69.8,10,9,65.8,7,1,3601.68,405.6
165,38,4,Male,PhD,Single,No,Urban,Product,Senior,Small (51-200),Technology,Average,Fast (50-100 Mbps),39,High,Weekly,100.0,97.4,72.3,95.0,8,25,100.0,2,7,9310.0,700.0
166,37,5,Male,Bachelor Degree,Married,No,Urban,HR,Mid-Level,Startup (1-50),Consulting,Average,Very Fast (100+ Mbps),47,Moderate,Daily,99.8,86.5,87.5,95.0,11,0,100.0,5,3,8027.5,499.0
167,42,1,Female,Associate Degree,Single,Yes,Rural,Finance,Senior,Small (51-200),Healthcare,Average,Very Fast (100+ Mbps),39,Very High,Weekly,95.4,95.3,84.0,95.0,5,21,100.0,3,8,8930.0,477.0
168,48,3,Female,Master Degree,Married,No,Suburban,Operations,Lead,Large (1001-5000),Healthcare,Poor,Very Fast (100+ Mbps),33,Very Low,Daily,84.0,100.0,84.9,95.0,2,14,100.0,3,7,8692.5,588.0
169,32,3,Female,Bachelor Degree,Married,No,Suburban,Operations,Mid-Level,Small (51-200),Healthcare,Excellent,Moderate (25-50 Mbps),35,High,Few times per week,90.5,78.4,56.5,95.0,5,28,100.0,5,8,7628.5,271.5
170,59,1,Female,Bachelor Degree,Single,No,Suburban,Sales,Manager,Startup (1-50),Non-profit,Good,Very Fast (100+ Mbps),35,Moderate,Daily,90.5,100.0,71.5,95.0,11,19,99.9,6,7,9310.0,1810.0
171,40,1,Male,Bachelor Degree,Married,No,Suburban,Marketing,Junior,Medium (201-1000),Government,Good,Very Fast (100+ Mbps),42,High,Few times per week,79.2,79.2,54.4,90.3,8,37,100.0,5,6,7287.21,158.4
172,27,2,Male,Master Degree,Married,Yes,Rural,Finance,Junior,Medium (201-1000),Technology,Good,Very Fast (100+ Mbps),52,Low,Daily,60.5,60.7,81.8,86.6,10,0,96.1,6,6,5758.9,0.0
173,25,5,Female,Bachelor Degree,Married,No,Urban,Design,Junior,Medium (201-1000),Consulting,Good,Slow (<25 Mbps),55,High,Daily,100.0,91.5,77.8,95.0,7,0,100.0,10,7,9310.0,100.0
174,39,4,Female,Master Degree,Married,Yes,Urban,Sales,Senior,Large (1001-5000),Finance,Average,Fast (50-100 Mbps),48,High,Few times per week,75.1,72.7,73.4,90.9,10,15,100.0,4,6,6199.380000000001,525.6999999999999
175,32,4,Female,Bachelor Degree,Married,No,Urban,Engineering,Mid-Level,Large (1001-5000),Technology,Excellent,Very Fast (100+ Mbps),30,Moderate,Weekly,56.6,69.3,77.0,92.8,7,0,68.1,6,1,6505.279999999999,113.2
176,39,1,Male,Associate Degree,In Relationship,Yes,Suburban,Engineering,Lead,Medium (201-1000),Non-profit,Good,Fast (50-100 Mbps),25,Moderate,Weekly,78.9,95.3,75.6,95.0,8,37,100.0,8,7,8407.5,473.40000000000003
177,34,5,Male,Associate Degree,Married,No,Urban,Operations,Senior,Small (51-200),Non-profit,Poor,Very Fast (100+ Mbps),42,Moderate,Few times per week,68.6,58.6,50.2,63.4,7,0,65.3,5,6,3442.62,411.59999999999997
178,27,3,Female,Bachelor Degree,Single,No,Suburban,Engineering,Senior,Startup (1-50),Technology,Good,Fast (50-100 Mbps),51,High,Monthly,91.2,93.8,92.9,95.0,8,23,100.0,6,10,9310.0,273.6
179,22,2,Male,Bachelor Degree,Divorced,Yes,Urban,Marketing,Junior,Medium (201-1000),Manufacturing,Good,Very Fast (100+ Mbps),46,High,Daily,100.0,91.7,95.0,95.0,11,27,100.0,7,6,9167.5,100.0
180,30,4,Male,Master Degree,Single,No,Urban,Operations,Mid-Level,Large (1001-5000),Manufacturing,Good,Very Fast (100+ Mbps),31,Moderate,Daily,100.0,100.0,79.3,95.0,10,22,100.0,9,3,9310.0,0.0
181,42,4,Male,High School,Divorced,No,Suburban,Engineering,Senior,Startup (1-50),Finance,Average,Fast (50-100 Mbps),50,Moderate,Few times per week,78.7,92.0,69.7,95.0,10,40,89.8,4,5,7267.5,236.10000000000002
182,36,4,Male,Associate Degree,Single,No,Urban,Engineering,Lead,Startup (1-50),Education,Excellent,Very Fast (100+ Mbps),49,High,Few times per week,87.1,95.0,93.9,89.9,6,25,100.0,10,7,7542.610000000001,609.6999999999999
183,23,1,Female,Master Degree,Married,Yes,Suburban,Sales,Mid-Level,Large (1001-5000),Healthcare,Good,Moderate (25-50 Mbps),51,Moderate,Few times per week,70.5,67.3,74.0,78.0,8,27,90.1,7,7,4773.6,0.0
184,36,5,Female,Bachelor Degree,Single,No,Rural,Sales,Junior,Large (1001-5000),Technology,Excellent,Very Fast (100+ Mbps),48,Low,Weekly,51.1,50.0,42.5,57.7,1,0,83.9,6,7,2481.1,0.0
185,38,5,Female,Master Degree,In Relationship,No,Suburban,Finance,Senior,Medium (201-1000),Manufacturing,Good,Fast (50-100 Mbps),38,Moderate,Daily,100.0,100.0,54.2,95.0,6,0,100.0,4,4,9310.0,500.0
186,27,2,Female,Master Degree,Married,No,Urban,Marketing,Junior,Large (1001-5000),Technology,Poor,Very Fast (100+ Mbps),30,Very High,Few times per week,100.0,100.0,79.7,95.0,9,0,100.0,6,8,9310.0,0.0
187,36,0,Male,Bachelor Degree,Married,No,Rural,Sales,Junior,Enterprise (5000+),Finance,Excellent,Moderate (25-50 Mbps),49,High,Few times per week,96.0,99.3,73.4,95.0,10,24,100.0,3,9,9082.0,96.0
188,35,1,Female,Master Degree,Single,No,Urban,Marketing,Mid-Level,Small (51-200),Technology,Average,Very Fast (100+ Mbps),46,High,Weekly,92.6,83.9,78.7,95.0,10,32,100.0,9,4,8854.0,185.2
189,24,5,Male,Bachelor Degree,Married,No,Suburban,Engineering,Junior,Small (51-200),Retail,Average,Slow (<25 Mbps),30,High,Bi-weekly,73.2,73.9,50.2,95.0,7,0,100.0,4,7,7096.5,0.0
190,38,3,Male,Bachelor Degree,Married,Yes,Urban,HR,Senior,Small (51-200),Healthcare,Excellent,Very Fast (100+ Mbps),36,High,Weekly,88.2,100.0,74.5,95.0,12,30,100.0,7,5,9310.0,705.6
191,40,2,Male,Bachelor Degree,Married,No,Urban,Engineering,Lead,Large (1001-5000),Finance,Good,Fast (50-100 Mbps),36,High,Daily,94.0,97.1,88.6,95.0,8,45,100.0,5,4,9310.0,658.0
192,44,2,Female,Bachelor Degree,Single,Yes,Rural,Customer Success,Senior,Small (51-200),Education,Excellent,Fast (50-100 Mbps),46,Very High,Weekly,93.6,100.0,79.5,91.5,8,49,100.0,4,5,7557.9,1404.0
193,44,2,Female,Bachelor Degree,Married,Yes,Urban,Marketing,Junior,Enterprise (5000+),Technology,Good,Very Fast (100+ Mbps),41,High,Daily,89.5,100.0,81.0,95.0,9,32,100.0,8,7,9205.5,179.0
194,22,4,Female,Bachelor Degree,Married,No,Suburban,Marketing,Junior,Large (1001-5000),Media,Excellent,Very Fast (100+ Mbps),40,High,Monthly,85.6,88.7,88.5,95.0,4,11,100.0,8,9,8635.5,85.6
195,26,3,Female,Bachelor Degree,Single,No,Urban,Finance,Junior,Small (51-200),Healthcare,Good,Moderate (25-50 Mbps),39,High,Weekly,100.0,97.9,69.2,95.0,7,22,100.0,1,8,9310.0,200.0
196,39,5,Male,Associate Degree,Single,No,Suburban,Customer Success,Senior,Startup (1-50),Finance,Good,Very Fast (100+ Mbps),35,Very High,Few times per week,98.3,99.7,95.0,95.0,5,0,100.0,9,4,9310.0,884.6999999999999
197,39,4,Female,Associate Degree,Married,No,Rural,Design,Senior,Medium (201-1000),Technology,Average,Fast (50-100 Mbps),47,Very High,Weekly,88.8,97.0,94.3,95.0,8,10,100.0,5,6,9310.0,888.0
198,39,4,Female,High School,In Relationship,Yes,Suburban,Marketing,Mid-Level,Small (51-200),Technology,Average,Very Fast (100+ Mbps),37,High,Few times per week,71.7,82.4,60.0,95.0,7,0,100.0,3,4,8284.0,573.6
199,65,2,Male,Associate Degree,Single,Yes,Suburban,Engineering,Director,Enterprise (5000+),Media,Average,Slow (<25 Mbps),48,Low,Daily,80.9,82.5,80.1,95.0,7,43,98.6,6,6,8407.5,2588.8
200,40,0,Male,Bachelor Degree,Married,Yes,Suburban,Product,Senior,Medium (201-1000),Healthcare,Good,Fast (50-100 Mbps),33,Moderate,Weekly,95.5,91.0,78.2,95.0,10,0,100.0,3,7,8008.5,764.0
201,45,3,Female,Bachelor Degree,Single,No,Rural,Engineering,Manager,Small (51-200),Retail,Good,Very Fast (100+ Mbps),39,High,Few times per week,76.0,77.7,65.3,95.0,9,8,100.0,4,8,7001.5,1292.0
202,43,2,Female,Bachelor Degree,Married,Yes,Urban,Customer Success,Senior,Medium (201-1000),Technology,Good,Very Fast (100+ Mbps),53,Low,Bi-weekly,91.9,87.0,72.1,95.0,7,33,100.0,6,8,8141.5,1286.6000000000001
203,40,2,Female,Master Degree,Married,Yes,Suburban,Finance,Lead,Startup (1-50),Education,Good,Very Fast (100+ Mbps),43,High,Daily,47.9,60.1,44.7,63.4,12,67,100.0,5,2,3214.38,718.5
204,32,5,Female,Master Degree,Single,Yes,Urban,Product,Senior,Medium (201-1000),Media,Good,Very Fast (100+ Mbps),39,Moderate,Weekly,75.8,71.1,47.8,90.5,9,0,100.0,4,7,6190.200000000001,454.79999999999995
205,28,1,Male,Master Degree,Divorced,No,Urban,Engineering,Mid-Level,Medium (201-1000),Education,Good,Moderate (25-50 Mbps),36,Moderate,Bi-weekly,81.7,84.9,75.9,95.0,8,0,100.0,6,6,7885.0,245.10000000000002
206,32,1,Male,Bachelor Degree,In Relationship,No,Suburban,Operations,Junior,Medium (201-1000),Government,Good,Moderate (25-50 Mbps),44,Very High,Daily,73.3,67.9,63.2,88.2,5,31,100.0,8,5,6412.14,293.2
207,30,2,Male,High School,Single,Yes,Rural,Engineering,Mid-Level,Medium (201-1000),Retail,Average,Very Fast (100+ Mbps),47,Very High,Few times per week,100.0,100.0,84.8,95.0,3,33,100.0,2,2,9310.0,200.0
208,35,5,Male,Master Degree,Single,Yes,Urban,Engineering,Junior,Large (1001-5000),Technology,Average,Fast (50-100 Mbps),43,High,Weekly,97.4,96.0,90.7,95.0,10,0,100.0,4,8,9310.0,194.8
209,55,2,Female,Associate Degree,In Relationship,Yes,Suburban,Marketing,Manager,Startup (1-50),Finance,Good,Very Fast (100+ Mbps),41,Low,Few times per week,93.2,94.0,72.6,95.0,6,15,83.7,7,5,8673.5,2889.2000000000003
210,22,2,Female,PhD,Single,Yes,Suburban,Engineering,Mid-Level,Medium (201-1000),Technology,Good,Very Fast (100+ Mbps),45,Very High,Few times per week,78.8,79.6,67.9,95.0,10,29,100.0,10,9,7685.500000000001,78.8
211,41,4,Female,Bachelor Degree,Married,Yes,Urban,Finance,Senior,Medium (201-1000),Consulting,Average,Very Fast (100+ Mbps),33,High,Few times per week,97.2,85.9,62.9,95.0,8,13,100.0,7,3,8131.999999999999,874.8000000000001
212,22,2,Male,Bachelor Degree,Single,Yes,Rural,Data Science,Junior,Medium (201-1000),Education,Excellent,Fast (50-100 Mbps),44,High,Monthly,73.2,80.9,76.8,95.0,8,41,100.0,2,6,7561.999999999999,73.2
213,30,2,Female,Bachelor Degree,Married,Yes,Urban,Operations,Junior,Enterprise (5000+),Government,Good,Slow (<25 Mbps),44,Moderate,Weekly,90.6,73.7,59.8,94.0,9,20,100.0,4,8,7350.8,0.0
214,44,1,Male,Bachelor Degree,Single,Yes,Urban,Engineering,Mid-Level,Startup (1-50),Technology,Average,Very Fast (100+ Mbps),43,High,Few times per week,77.4,93.0,74.9,95.0,13,20,100.0,5,5,7951.5,309.6
215,35,2,Male,High School,Divorced,Yes,Urban,Customer Success,Mid-Level,Large (1001-5000),Finance,Average,Very Fast (100+ Mbps),38,Moderate,Weekly,67.9,82.0,51.3,83.3,7,50,88.1,4,10,5739.37,67.9
216,25,1,Female,Bachelor Degree,Divorced,No,Rural,Customer Success,Junior,Medium (201-1000),Technology,Excellent,Very Fast (100+ Mbps),37,High,Few times per week,90.6,94.8,89.3,95.0,6,30,100.0,4,7,8540.5,181.2
217,28,0,Female,Master Degree,Married,No,Rural,HR,Junior,Medium (201-1000),Finance,Good,Moderate (25-50 Mbps),34,Moderate,Monthly,77.5,79.1,80.2,87.3,5,23,100.0,5,5,6669.72,0.0
218,41,4,Male,Bachelor Degree,Divorced,No,Urban,Operations,Lead,Large (1001-5000),Technology,Good,Very Fast (100+ Mbps),50,Very High,Few times per week,100.0,100.0,92.1,95.0,8,47,100.0,5,8,9310.0,700.0
219,28,1,Male,Bachelor Degree,Married,Yes,Urban,Product,Junior,Small (51-200),Finance,Good,Fast (50-100 Mbps),41,High,Daily,50.6,50.0,59.3,67.4,8,41,100.0,5,10,3383.4800000000005,0.0
220,36,4,Female,Bachelor Degree,Single,Yes,Suburban,Engineering,Junior,Large (1001-5000),Consulting,Good,Moderate (25-50 Mbps),39,Low,Daily,55.9,61.2,48.7,83.8,9,0,83.4,6,5,5564.320000000001,0.0
221,35,4,Male,Master Degree,Married,No,Suburban,Design,Lead,Startup (1-50),Technology,Poor,Very Fast (100+ Mbps),38,Moderate,Few times per week,68.9,75.3,76.0,95.0,11,6,81.6,9,8,7695.0,482.30000000000007
222,29,3,Male,Bachelor Degree,Married,Yes,Suburban,Design,Junior,Medium (201-1000),Healthcare,Good,Fast (50-100 Mbps),36,Very Low,Few times per week,83.7,86.6,86.2,95.0,8,23,100.0,10,10,9310.0,0.0
223,54,2,Female,Bachelor Degree,Single,No,Rural,Product,Mid-Level,Large (1001-5000),Media,Good,Very Fast (100+ Mbps),38,Moderate,Weekly,100.0,82.8,70.7,94.5,2,52,100.0,1,5,8334.9,800.0
224,40,1,Male,PhD,Single,No,Suburban,Engineering,Junior,Small (51-200),Non-profit,Good,Moderate (25-50 Mbps),49,High,Bi-weekly,85.9,92.5,80.6,91.3,8,0,100.0,6,5,8244.39,429.5
225,22,4,Male,Bachelor Degree,In Relationship,No,Suburban,Customer Success,Mid-Level,Large (1001-5000),Technology,Excellent,Very Fast (100+ Mbps),45,Moderate,Bi-weekly,72.6,87.8,82.3,95.0,6,6,83.2,7,7,8407.5,72.6
226,36,4,Female,Bachelor Degree,Divorced,No,Suburban,Marketing,Mid-Level,Small (51-200),Government,Good,Slow (<25 Mbps),46,Moderate,Daily,88.6,91.4,69.9,95.0,14,45,88.2,3,10,8008.5,354.4
227,27,5,Male,Bachelor Degree,Married,Yes,Suburban,Engineering,Junior,Large (1001-5000),Consulting,Good,Fast (50-100 Mbps),42,High,Daily,100.0,98.1,71.9,95.0,6,0,100.0,4,3,9310.0,0.0
228,33,0,Male,Bachelor Degree,Single,Yes,Urban,Sales,Mid-Level,Enterprise (5000+),Manufacturing,Good,Fast (50-100 Mbps),39,Very High,Few times per week,97.6,94.7,75.8,95.0,4,5,100.0,7,9,8749.5,390.4
229,39,2,Male,Master Degree,In Relationship,Yes,Urban,Customer Success,Lead,Medium (201-1000),Consulting,Good,Very Fast (100+ Mbps),44,High,Daily,79.3,65.5,72.6,82.1,10,45,100.0,6,3,5648.48,555.1
230,42,3,Male,Bachelor Degree,Single,Yes,Suburban,Customer Success,Junior,Small (51-200),Manufacturing,Excellent,Very Fast (100+ Mbps),45,Low,Daily,54.3,51.9,48.1,77.2,9,0,49.1,2,5,4099.320000000001,0.0
231,24,0,Female,PhD,Married,Yes,Suburban,Customer Success,Junior,Large (1001-5000),Technology,Excellent,Very Fast (100+ Mbps),41,Moderate,Daily,67.7,54.7,62.6,90.7,7,32,93.8,5,6,5523.63,0.0
232,31,3,Female,Associate Degree,Married,Yes,Suburban,Engineering,Senior,Small (51-200),Healthcare,Average,Fast (50-100 Mbps),36,Moderate,Weekly,83.2,86.7,69.1,95.0,8,31,100.0,4,6,7647.5,332.8
233,30,4,Female,Bachelor Degree,Divorced,No,Urban,Finance,Mid-Level,Medium (201-1000),Finance,Poor,Moderate (25-50 Mbps),43,High,Few times per week,79.5,88.8,79.1,95.0,9,26,100.0,8,3,8341.0,318.0
234,29,4,Male,Associate Degree,Married,Yes,Suburban,Engineering,Mid-Level,Enterprise (5000+),Healthcare,Excellent,Moderate (25-50 Mbps),45,High,Weekly,100.0,93.7,93.5,95.0,5,28,100.0,8,3,9310.0,100.0
235,50,5,Male,Master Degree,Married,Yes,Urban,HR,Senior,Large (1001-5000),Technology,Average,Fast (50-100 Mbps),44,Moderate,Weekly,100.0,97.1,91.2,95.0,10,0,92.9,2,4,9006.0,900.0
236,38,3,Female,Master Degree,Married,Yes,Suburban,Engineering,Junior,Small (51-200),Finance,Good,Fast (50-100 Mbps),30,Moderate,Daily,78.0,86.3,83.1,95.0,7,15,100.0,7,2,7961.0,78.0
237,23,4,Male,Master Degree,Divorced,No,Suburban,HR,Mid-Level,Small (51-200),Consulting,Good,Moderate (25-50 Mbps),32,Moderate,Daily,76.9,61.2,57.7,88.7,14,41,93.3,3,10,5889.68,0.0
238,43,0,Female,PhD,Single,Yes,Suburban,Marketing,Senior,Small (51-200),Media,Average,Moderate (25-50 Mbps),46,Low,Daily,91.1,75.0,58.4,95.0,5,43,86.7,7,5,7315.0,728.8
239,54,3,Female,Associate Degree,Divorced,No,Suburban,Data Science,Senior,Medium (201-1000),Education,Good,Fast (50-100 Mbps),39,High,Few times per week,86.7,100.0,86.8,95.0,8,3,100.0,8,9,9310.0,953.7
240,44,1,Female,Associate Degree,In Relationship,No,Suburban,Operations,Mid-Level,Small (51-200),Healthcare,Excellent,Very Fast (100+ Mbps),55,High,Bi-weekly,100.0,95.3,80.4,95.0,6,24,100.0,2,8,9310.0,500.0
241,22,2,Male,Master Degree,Single,No,Suburban,Operations,Mid-Level,Large (1001-5000),Retail,Excellent,Fast (50-100 Mbps),50,High,Weekly,65.6,69.6,53.7,85.9,15,73,100.0,5,7,5566.32,65.6
242,30,2,Female,Master Degree,Single,Yes,Suburban,Sales,Senior,Small (51-200),Education,Excellent,Fast (50-100 Mbps),34,High,Daily,93.5,90.9,82.6,95.0,12,42,100.0,5,7,9310.0,280.5
243,46,3,Male,Master Degree,Married,No,Urban,HR,Senior,Enterprise (5000+),Non-profit,Excellent,Fast (50-100 Mbps),48,Very High,Daily,99.1,96.9,88.2,95.0,11,35,100.0,9,6,9310.0,693.6999999999999
244,28,3,Male,Master Degree,Single,No,Suburban,Marketing,Senior,Large (1001-5000),Technology,Good,Slow (<25 Mbps),51,Low,Weekly,77.5,81.1,77.4,92.6,9,7,97.3,5,7,7787.659999999999,232.5
245,38,5,Female,Bachelor Degree,Married,Yes,Suburban,Engineering,Senior,Enterprise (5000+),Finance,Good,Moderate (25-50 Mbps),39,Very Low,Few times per week,98.3,97.0,78.8,95.0,7,0,100.0,4,9,9101.0,983.0
246,41,3,Male,Bachelor Degree,Married,Yes,Suburban,Operations,Junior,Small (51-200),Media,Average,Very Fast (100+ Mbps),41,Low,Weekly,83.3,81.7,77.5,95.0,13,40,100.0,6,8,8227.0,166.6
247,26,5,Female,PhD,Married,Yes,Urban,Customer Success,Senior,Medium (201-1000),Media,Good,Very Fast (100+ Mbps),38,Low,Daily,71.2,80.0,65.4,88.7,6,0,80.7,4,5,6155.780000000001,213.60000000000002
248,34,4,Female,Bachelor Degree,Single,No,Rural,Engineering,Lead,Small (51-200),Healthcare,Excellent,Very Fast (100+ Mbps),35,Very Low,Few times per week,68.7,68.6,59.7,95.0,10,0,93.7,6,3,7181.999999999999,480.90000000000003
249,22,3,Female,Bachelor Degree,Married,Yes,Urban,Engineering,Junior,Small (51-200),Technology,Excellent,Very Fast (100+ Mbps),51,Low,Few times per week,72.0,77.1,54.5,87.3,8,29,72.7,6,5,6599.879999999999,0.0
250,25,4,Female,Master Degree,Married,No,Urban,Operations,Junior,Medium (201-1000),Consulting,Average,Very Fast (100+ Mbps),26,Moderate,Weekly,62.8,58.9,52.2,85.2,2,20,87.6,7,4,4839.36,62.8
251,32,1,Male,Bachelor Degree,In Relationship,Yes,Rural,Customer Success,Mid-Level,Large (1001-5000),Education,Excellent,Moderate (25-50 Mbps),37,Very High,Daily,100.0,92.2,91.3,95.0,13,29,100.0,6,10,9310.0,700.0
252,49,3,Female,Associate Degree,Married,No,Urban,Design,Mid-Level,Small (51-200),Healthcare,Good,Fast (50-100 Mbps),42,Very High,Few times per week,99.1,100.0,90.4,95.0,2,8,100.0,9,4,9310.0,198.2
253,22,5,Female,Master Degree,Divorced,Yes,Rural,Design,Junior,Small (51-200),Technology,Poor,Very Fast (100+ Mbps),34,High,Daily,69.7,70.0,48.2,82.6,10,0,100.0,5,7,5385.5199999999995,0.0
254,31,4,Male,Master Degree,Married,Yes,Urban,Engineering,Senior,Large (1001-5000),Technology,Good,Fast (50-100 Mbps),50,Moderate,Weekly,92.1,97.8,80.4,95.0,8,28,100.0,7,6,9120.0,368.4
255,36,4,Female,Bachelor Degree,Married,Yes,Suburban,Engineering,Lead,Enterprise (5000+),Healthcare,Excellent,Moderate (25-50 Mbps),30,High,Daily,100.0,100.0,74.0,95.0,6,28,100.0,6,5,9310.0,700.0
256,47,4,Male,Bachelor Degree,Single,Yes,Suburban,Finance,Director,Startup (1-50),Technology,Good,Fast (50-100 Mbps),31,High,Daily,77.9,95.2,64.0,95.0,8,28,100.0,8,3,7628.5,1246.4
257,22,2,Female,Bachelor Degree,Divorced,No,Suburban,Design,Junior,Medium (201-1000),Technology,Good,Very Fast (100+ Mbps),42,Very High,Bi-weekly,100.0,100.0,78.5,95.0,3,63,100.0,5,3,9110.5,0.0
258,45,2,Male,Bachelor Degree,Married,Yes,Suburban,Finance,Mid-Level,Enterprise (5000+),Finance,Good,Moderate (25-50 Mbps),34,Very High,Daily,73.7,74.1,44.4,85.7,13,34,100.0,6,7,6076.130000000001,368.5
259,35,3,Female,Bachelor Degree,In Relationship,No,Urban,Marketing,Senior,Small (51-200),Finance,Good,Very Fast (100+ Mbps),43,High,Daily,99.4,100.0,69.2,95.0,6,31,100.0,3,8,9310.0,596.4000000000001
260,26,3,Male,Bachelor Degree,Divorced,Yes,Urban,Engineering,Junior,Large (1001-5000),Technology,Excellent,Fast (50-100 Mbps),37,Very High,Daily,92.7,86.8,84.4,95.0,6,40,100.0,3,9,9310.0,0.0
261,39,2,Male,Bachelor Degree,Married,Yes,Suburban,Marketing,Senior,Startup (1-50),Technology,Good,Very Fast (100+ Mbps),46,Very High,Bi-weekly,91.3,99.0,81.0,95.0,7,19,100.0,8,7,9310.0,365.2
262,36,5,Male,Associate Degree,Married,No,Urban,Operations,Lead,Medium (201-1000),Government,Poor,Fast (50-100 Mbps),36,High,Weekly,89.8,76.8,88.9,95.0,4,0,100.0,8,7,7856.5,538.8
263,29,3,Male,Associate Degree,Single,No,Rural,Sales,Junior,Medium (201-1000),Technology,Poor,Very Fast (100+ Mbps),50,Moderate,Monthly,68.5,65.3,38.7,74.9,11,22,96.0,5,5,4771.130000000001,68.5
264,35,5,Male,Master Degree,Single,Yes,Suburban,Marketing,Senior,Large (1001-5000),Finance,Good,Fast (50-100 Mbps),45,High,Weekly,91.8,83.6,71.7,95.0,6,0,100.0,7,5,8550.0,367.2
265,31,4,Female,High School,Married,No,Urban,Engineering,Senior,Small (51-200),Finance,Excellent,Fast (50-100 Mbps),37,Moderate,Weekly,92.5,79.6,66.0,95.0,5,5,100.0,8,6,8711.5,555.0
266,36,3,Female,Master Degree,Married,Yes,Suburban,Marketing,Junior,Small (51-200),Consulting,Excellent,Very Fast (100+ Mbps),45,High,Few times per week,100.0,94.9,79.7,95.0,9,33,100.0,3,8,9310.0,200.0
267,40,5,Female,Master Degree,Married,No,Urban,Engineering,Mid-Level,Small (51-200),Finance,Average,Moderate (25-50 Mbps),42,Very High,Weekly,99.0,96.0,88.4,95.0,9,0,100.0,10,6,9310.0,396.0
268,49,3,Female,Master Degree,Divorced,Yes,Urban,Engineering,Senior,Medium (201-1000),Technology,Average,Very Fast (100+ Mbps),46,Moderate,Few times per week,100.0,88.0,84.6,95.0,10,26,91.2,8,5,9310.0,800.0
269,23,5,Male,Master Degree,Single,Yes,Suburban,Customer Success,Junior,Large (1001-5000),Technology,Poor,Moderate (25-50 Mbps),45,High,Weekly,58.0,55.9,61.8,63.6,13,0,100.0,7,9,3218.1600000000003,0.0
270,54,2,Male,Associate Degree,Married,No,Rural,Engineering,Senior,Large (1001-5000),Retail,Good,Very Fast (100+ Mbps),44,Very High,Weekly,94.7,100.0,76.4,95.0,8,49,100.0,6,6,9310.0,757.6
271,22,2,Male,Master Degree,Married,Yes,Urban,Operations,Mid-Level,Startup (1-50),Retail,Average,Fast (50-100 Mbps),42,Low,Weekly,84.1,68.4,71.2,89.1,11,33,100.0,8,3,6789.42,0.0
272,33,3,Female,Bachelor Degree,Married,Yes,Urban,Engineering,Senior,Large (1001-5000),Finance,Average,Fast (50-100 Mbps),47,Moderate,Daily,100.0,98.4,95.0,95.0,8,16,100.0,7,7,9310.0,900.0
273,40,3,Female,Master Degree,In Relationship,Yes,Suburban,Engineering,Lead,Startup (1-50),Technology,Good,Very Fast (100+ Mbps),49,High,Few times per week,95.9,96.6,95.0,95.0,8,30,100.0,6,7,9310.0,1246.7
274,37,3,Male,Master Degree,Married,No,Urban,Sales,Junior,Medium (201-1000),Finance,Average,Very Fast (100+ Mbps),42,Low,Few times per week,78.4,70.3,51.3,95.0,14,46,94.6,8,10,6963.5,78.4
275,29,3,Male,High School,Married,No,Urban,Engineering,Mid-Level,Large (1001-5000),Education,Excellent,Fast (50-100 Mbps),45,Low,Few times per week,53.0,54.9,54.0,49.6,3,33,35.2,4,8,2460.1600000000003,53.0
276,33,2,Female,Bachelor Degree,Married,No,Suburban,Engineering,Senior,Startup (1-50),Retail,Good,Moderate (25-50 Mbps),47,High,Monthly,93.5,85.3,76.0,95.0,7,6,100.0,4,3,7904.0,561.0
277,30,5,Female,Bachelor Degree,Single,No,Rural,Product,Senior,Startup (1-50),Technology,Poor,Slow (<25 Mbps),51,Moderate,Few times per week,78.7,58.2,64.2,90.9,7,0,74.5,9,6,6017.580000000001,314.8
278,29,3,Female,Master Degree,Married,No,Urban,Engineering,Junior,Small (51-200),Healthcare,Excellent,Very Fast (100+ Mbps),50,Moderate,Daily,80.6,79.4,48.5,94.7,6,27,79.0,2,6,7310.84,161.2
279,42,3,Female,Bachelor Degree,Married,Yes,Suburban,Engineering,Senior,Large (1001-5000),Technology,Average,Very Fast (100+ Mbps),48,Very High,Few times per week,100.0,98.3,86.3,95.0,7,56,100.0,2,6,9310.0,900.0
280,38,4,Female,Bachelor Degree,In Relationship,Yes,Rural,Customer Success,Senior,Medium (201-1000),Education,Good,Fast (50-100 Mbps),39,Moderate,Weekly,98.2,94.1,90.9,95.0,6,15,100.0,7,4,9310.0,294.6
281,28,4,Male,Bachelor Degree,Divorced,No,Urban,Sales,Mid-Level,Medium (201-1000),Education,Average,Fast (50-100 Mbps),34,Very High,Bi-weekly,77.3,88.3,74.0,95.0,6,17,100.0,5,6,7856.5,231.89999999999998
282,43,5,Female,Bachelor Degree,Married,Yes,Urban,Finance,Manager,Large (1001-5000),Media,Average,Moderate (25-50 Mbps),45,Moderate,Few times per week,100.0,100.0,95.0,95.0,11,0,100.0,8,6,9310.0,1900.0
283,37,3,Female,PhD,Married,Yes,Rural,Engineering,Junior,Large (1001-5000),Finance,Average,Very Fast (100+ Mbps),45,Moderate,Daily,95.0,92.7,68.9,95.0,8,0,94.4,5,5,8502.5,190.0
284,42,1,Female,Master Degree,Single,No,Suburban,Engineering,Lead,Large (1001-5000),Healthcare,Average,Very Fast (100+ Mbps),39,High,Daily,82.7,94.3,85.0,95.0,6,33,100.0,5,7,7970.500000000001,909.7
285,40,3,Female,Bachelor Degree,Single,No,Urban,Operations,Lead,Medium (201-1000),Technology,Good,Fast (50-100 Mbps),33,Low,Daily,100.0,100.0,95.0,95.0,12,18,100.0,9,5,9310.0,800.0
286,27,3,Male,Associate Degree,Married,Yes,Urban,Data Science,Junior,Startup (1-50),Technology,Excellent,Very Fast (100+ Mbps),51,Moderate,Daily,91.6,89.0,85.9,95.0,11,32,100.0,6,4,8122.5,183.2
287,29,5,Male,Bachelor Degree,Married,Yes,Urban,Engineering,Junior,Small (51-200),Technology,Average,Fast (50-100 Mbps),44,Low,Weekly,88.0,95.7,84.8,95.0,5,0,92.5,6,10,9310.0,176.0
288,41,3,Male,Bachelor Degree,Single,No,Suburban,Sales,Mid-Level,Large (1001-5000),Technology,Good,Very Fast (100+ Mbps),34,High,Daily,100.0,100.0,90.6,95.0,3,25,100.0,8,7,9310.0,600.0
289,40,5,Male,Master Degree,Married,No,Suburban,Engineering,Mid-Level,Large (1001-5000),Technology,Average,Fast (50-100 Mbps),41,Very High,Daily,98.8,98.6,90.5,95.0,7,0,100.0,5,7,9310.0,494.0
290,34,3,Male,Bachelor Degree,Married,Yes,Suburban,Engineering,Junior,Enterprise (5000+),Government,Excellent,Fast (50-100 Mbps),33,Moderate,Weekly,71.3,79.7,65.2,95.0,6,27,93.7,4,5,7334.0,0.0
291,36,5,Female,Bachelor Degree,Married,Yes,Suburban,Product,Senior,Small (51-200),Education,Average,Very Fast (100+ Mbps),46,High,Few times per week,85.8,100.0,95.0,95.0,5,0,100.0,6,5,9310.0,943.8
292,46,0,Female,Master Degree,Married,No,Urban,Engineering,Senior,Startup (1-50),Technology,Good,Very Fast (100+ Mbps),53,High,Daily,77.8,90.1,73.0,92.5,7,46,100.0,5,4,7279.75,544.6
293,29,5,Male,Master Degree,Single,Yes,Urban,Customer Success,Mid-Level,Startup (1-50),Technology,Average,Slow (<25 Mbps),40,Moderate,Few times per week,70.3,64.2,87.6,91.3,9,0,75.4,4,3,6126.23,210.89999999999998
294,39,5,Female,Bachelor Degree,Married,No,Urban,Engineering,Mid-Level,Small (51-200),Finance,Average,Moderate (25-50 Mbps),41,High,Daily,89.1,79.4,77.2,95.0,12,0,100.0,3,7,8122.5,445.5
295,33,5,Male,High School,Divorced,Yes,Suburban,Product,Mid-Level,Medium (201-1000),Finance,Excellent,Moderate (25-50 Mbps),40,High,Few times per week,100.0,95.9,75.3,95.0,7,0,100.0,7,5,8531.0,300.0
296,33,0,Female,Bachelor Degree,Married,Yes,Suburban,Marketing,Senior,Enterprise (5000+),Technology,Good,Slow (<25 Mbps),40,High,Weekly,88.5,88.6,78.1,95.0,11,0,100.0,2,5,7581.0,531.0
297,44,1,Male,Master Degree,Divorced,Yes,Urban,Product,Lead,Medium (201-1000),Healthcare,Average,Very Fast (100+ Mbps),37,High,Bi-weekly,63.6,71.2,72.1,85.3,5,57,100.0,6,4,6116.01,445.2
298,42,4,Male,PhD,Single,No,Urban,Engineering,Lead,Medium (201-1000),Media,Average,Very Fast (100+ Mbps),50,High,Daily,89.3,100.0,83.2,95.0,12,31,100.0,5,4,9310.0,982.3
299,42,0,Female,Associate Degree,Married,No,Suburban,HR,Manager,Large (1001-5000),Healthcare,Good,Very Fast (100+ Mbps),43,Very High,Daily,72.7,76.3,71.9,93.7,10,54,100.0,4,6,6961.91,1090.5
300,46,0,Male,High School,Married,Yes,Suburban,Finance,Lead,Startup (1-50),Healthcare,Poor,Moderate (25-50 Mbps),42,High,Weekly,88.1,100.0,75.2,95.0,15,43,100.0,8,8,8692.5,1673.8999999999999
301,35,2,Male,Master Degree,Married,No,Urban,Marketing,Senior,Large (1001-5000),Manufacturing,Good,Fast (50-100 Mbps),40,Moderate,Daily,91.4,98.8,67.1,95.0,6,42,100.0,7,10,9310.0,274.20000000000005
302,41,3,Male,Master Degree,Divorced,Yes,Urban,Customer Success,Lead,Medium (201-1000),Technology,Good,Fast (50-100 Mbps),34,High,Few times per week,100.0,93.9,95.0,95.0,8,22,100.0,7,6,9310.0,1100.0
303,32,3,Female,Professional Degree,Married,No,Urban,Operations,Junior,Small (51-200),Technology,Average,Moderate (25-50 Mbps),47,Moderate,Daily,40.0,50.0,30.0,47.4,8,17,52.6,5,7,1659.0,80.0
304,37,0,Male,Bachelor Degree,Married,Yes,Suburban,Product,Lead,Medium (201-1000),Healthcare,Excellent,Fast (50-100 Mbps),50,High,Weekly,77.0,88.4,91.3,95.0,7,52,100.0,6,4,9310.0,462.0
305,33,1,Female,Bachelor Degree,Married,No,Suburban,Sales,Senior,Medium (201-1000),Retail,Good,Very Fast (100+ Mbps),30,Moderate,Bi-weekly,64.4,74.1,56.8,95.0,12,43,82.8,3,7,6450.500000000001,322.0
306,35,3,Female,Bachelor Degree,Married,Yes,Suburban,Operations,Mid-Level,Startup (1-50),Healthcare,Average,Very Fast (100+ Mbps),46,Very Low,Monthly,73.2,84.6,73.3,90.1,7,19,100.0,3,6,7325.129999999999,366.0
307,40,3,Female,Associate Degree,Married,No,Suburban,Product,Senior,Small (51-200),Technology,Good,Very Fast (100+ Mbps),47,Moderate,Weekly,93.4,94.0,76.4,88.4,6,44,100.0,5,2,7673.12,560.4000000000001
308,27,1,Male,Bachelor Degree,Married,No,Rural,Engineering,Junior,Medium (201-1000),Media,Excellent,Very Fast (100+ Mbps),49,Moderate,Daily,61.5,74.9,63.1,76.8,8,31,83.2,6,6,5629.44,123.0
309,53,3,Male,Bachelor Degree,In Relationship,Yes,Urban,Marketing,Manager,Small (51-200),Finance,Good,Very Fast (100+ Mbps),49,Very High,Weekly,87.4,87.6,79.3,95.0,9,31,100.0,3,6,9082.0,1485.8000000000002
310,25,5,Male,Associate Degree,Single,Yes,Urban,Data Science,Junior,Small (51-200),Manufacturing,Good,Fast (50-100 Mbps),57,High,Few times per week,90.0,89.1,84.2,95.0,12,0,100.0,6,6,8455.0,180.0
311,24,5,Male,Master Degree,Married,Yes,Suburban,Marketing,Mid-Level,Medium (201-1000),Media,Good,Very Fast (100+ Mbps),44,Low,Bi-weekly,90.8,98.7,78.5,95.0,8,0,100.0,4,7,8977.5,0.0
312,45,5,Female,Bachelor Degree,Married,No,Urban,Engineering,Senior,Medium (201-1000),Finance,Average,Fast (50-100 Mbps),47,Moderate,Bi-weekly,90.0,94.4,73.8,95.0,9,0,86.8,7,2,9310.0,810.0
313,42,5,Male,Master Degree,Divorced,Yes,Suburban,Sales,Senior,Large (1001-5000),Consulting,Excellent,Fast (50-100 Mbps),42,Moderate,Monthly,58.4,55.8,59.5,69.1,5,0,75.4,1,8,3973.2499999999995,408.8
314,40,3,Female,Bachelor Degree,In Relationship,No,Rural,Product,Junior,Enterprise (5000+),Retail,Average,Slow (<25 Mbps),37,Low,Bi-weekly,91.6,91.6,76.0,95.0,7,7,75.1,8,7,8692.5,0.0
315,40,4,Male,Master Degree,Married,No,Suburban,Design,Lead,Large (1001-5000),Media,Average,Fast (50-100 Mbps),46,Very High,Few times per week,86.1,93.5,68.4,95.0,8,18,100.0,7,2,8312.5,774.9
316,34,3,Male,Associate Degree,Single,Yes,Urban,Design,Junior,Medium (201-1000),Technology,Average,Slow (<25 Mbps),47,Moderate,Weekly,98.1,82.8,94.5,95.0,4,8,100.0,6,10,8417.0,0.0
317,26,4,Male,Master Degree,Married,Yes,Urban,Finance,Junior,Large (1001-5000),Government,Good,Very Fast (100+ Mbps),44,High,Monthly,100.0,100.0,86.5,95.0,9,8,100.0,7,6,9310.0,0.0
318,35,2,Male,Associate Degree,Married,No,Urban,Marketing,Senior,Medium (201-1000),Technology,Good,Very Fast (100+ Mbps),32,Moderate,Few times per week,100.0,97.8,83.1,95.0,9,31,87.3,5,10,9310.0,1000.0
319,28,4,Male,Bachelor Degree,In Relationship,No,Suburban,Engineering,Junior,Small (51-200),Manufacturing,Good,Fast (50-100 Mbps),33,Very High,Weekly,73.4,80.4,82.2,91.4,7,16,100.0,4,4,6562.52,73.4
320,43,3,Male,Master Degree,Married,No,Urban,Engineering,Senior,Small (51-200),Finance,Average,Very Fast (100+ Mbps),46,Low,Bi-weekly,61.5,86.9,71.4,90.9,8,39,100.0,1,2,7172.010000000001,615.0
321,33,0,Male,Bachelor Degree,Married,Yes,Urban,Engineering,Senior,Large (1001-5000),Technology,Good,Fast (50-100 Mbps),39,Moderate,Few times per week,67.2,76.8,64.2,95.0,6,22,93.6,6,7,7619.0,604.8000000000001
322,27,4,Female,Bachelor Degree,Married,Yes,Urban,Engineering,Junior,Large (1001-5000),Technology,Good,Very Fast (100+ Mbps),44,High,Daily,84.6,100.0,87.0,95.0,5,32,100.0,5,9,8702.0,84.6
323,32,0,Female,Master Degree,Married,No,Rural,Product,Lead,Enterprise (5000+),Finance,Good,Fast (50-100 Mbps),44,Moderate,Daily,65.2,64.2,68.3,84.6,15,20,100.0,4,3,5972.759999999999,456.40000000000003
324,38,2,Male,Master Degree,Divorced,No,Suburban,Customer Success,Junior,Medium (201-1000),Finance,Average,Moderate (25-50 Mbps),41,Moderate,Daily,53.1,50.0,42.6,74.2,3,34,56.7,8,8,3813.88,53.1
325,29,0,Male,High School,Single,No,Rural,Operations,Junior,Large (1001-5000),Technology,Excellent,Very Fast (100+ Mbps),40,High,Few times per week,91.4,97.7,86.3,95.0,8,13,100.0,7,3,8996.5,91.4
326,27,2,Female,Bachelor Degree,Married,Yes,Suburban,Data Science,Junior,Startup (1-50),Technology,Poor,Slow (<25 Mbps),41,Very High,Few times per week,65.4,72.4,80.7,89.4,12,48,100.0,10,8,6418.92,130.8
327,37,5,Female,Bachelor Degree,Single,Yes,Urban,Finance,Lead,Enterprise (5000+),Finance,Good,Very Fast (100+ Mbps),44,Very High,Few times per week,95.6,100.0,76.3,95.0,6,0,100.0,8,8,9310.0,669.1999999999999
328,30,3,Male,PhD,Married,No,Urban,Marketing,Junior,Small (51-200),Finance,Good,Fast (50-100 Mbps),37,Moderate,Monthly,89.2,88.9,86.4,95.0,7,7,100.0,3,6,9310.0,178.4
329,30,3,Female,Bachelor Degree,Married,Yes,Suburban,Engineering,Mid-Level,Small (51-200),Consulting,Excellent,Moderate (25-50 Mbps),41,High,Daily,97.9,93.8,79.6,95.0,6,33,100.0,7,9,9310.0,293.70000000000005
330,37,2,Female,Bachelor Degree,Married,No,Suburban,Marketing,Lead,Small (51-200),Education,Average,Fast (50-100 Mbps),35,High,Bi-weekly,90.0,100.0,89.7,95.0,16,66,100.0,3,5,9310.0,900.0
331,22,4,Male,Professional Degree,Single,No,Urban,Engineering,Junior,Large (1001-5000),Technology,Good,Fast (50-100 Mbps),45,Moderate,Daily,93.2,100.0,79.9,95.0,5,12,79.9,3,5,9158.0,0.0
332,22,4,Female,Bachelor Degree,Married,Yes,Urban,Sales,Mid-Level,Startup (1-50),Healthcare,Excellent,Very Fast (100+ Mbps),39,Very Low,Few times per week,77.0,75.1,70.2,84.6,3,46,85.6,8,10,5769.72,0.0
333,28,4,Male,Master Degree,Married,Yes,Suburban,Design,Junior,Medium (201-1000),Manufacturing,Average,Very Fast (100+ Mbps),46,Moderate,Few times per week,98.5,93.9,92.4,95.0,6,25,100.0,5,4,9310.0,0.0
334,37,5,Female,Bachelor Degree,Married,Yes,Suburban,Engineering,Mid-Level,Medium (201-1000),Finance,Poor,Very Fast (100+ Mbps),48,High,Few times per week,97.9,95.7,91.0,95.0,10,0,100.0,4,7,9310.0,881.1
335,48,5,Female,Bachelor Degree,Single,Yes,Urban,Operations,Manager,Enterprise (5000+),Healthcare,Good,Slow (<25 Mbps),49,Very High,Daily,100.0,98.0,92.7,95.0,6,0,100.0,6,5,9310.0,1900.0
336,42,4,Female,Associate Degree,Married,Yes,Urban,Operations,Mid-Level,Small (51-200),Government,Good,Moderate (25-50 Mbps),44,Very High,Few times per week,100.0,100.0,82.6,95.0,7,20,100.0,4,5,9310.0,800.0
337,33,2,Female,Bachelor Degree,Divorced,No,Urban,Engineering,Mid-Level,Startup (1-50),Healthcare,Excellent,Very Fast (100+ Mbps),39,Moderate,Daily,100.0,94.0,82.1,95.0,6,29,100.0,6,5,9310.0,300.0
338,34,4,Female,Bachelor Degree,Single,No,Suburban,Engineering,Senior,Medium (201-1000),Retail,Average,Fast (50-100 Mbps),36,High,Few times per week,84.3,92.4,95.0,95.0,8,6,100.0,7,8,8417.0,337.2
339,25,3,Female,High School,Single,No,Suburban,Data Science,Junior,Medium (201-1000),Finance,Good,Fast (50-100 Mbps),47,High,Few times per week,87.9,84.1,95.0,95.0,9,16,100.0,7,6,8131.999999999999,87.9
340,34,4,Female,Bachelor Degree,Divorced,No,Urban,Engineering,Junior,Small (51-200),Manufacturing,Poor,Very Fast (100+ Mbps),41,Low,Few times per week,48.5,55.0,48.2,72.7,8,57,79.6,5,6,4412.89,97.0
341,32,4,Female,Bachelor Degree,Married,No,Rural,Customer Success,Senior,Medium (201-1000),Finance,Average,Very Fast (100+ Mbps),42,High,Weekly,94.5,100.0,80.0,95.0,5,3,100.0,7,7,8996.5,661.5
342,37,4,Female,Bachelor Degree,Single,No,Urban,Marketing,Lead,Enterprise (5000+),Finance,Poor,Fast (50-100 Mbps),39,Low,Bi-weekly,95.5,87.2,56.7,95.0,7,27,100.0,4,6,8122.5,573.0
343,39,0,Female,Master Degree,Single,Yes,Suburban,Sales,Senior,Small (51-200),Media,Good,Very Fast (100+ Mbps),48,Very High,Daily,98.7,85.3,91.5,95.0,6,31,100.0,1,7,9310.0,888.3000000000001
344,48,0,Female,Associate Degree,Single,Yes,Urban,HR,Senior,Medium (201-1000),Technology,Excellent,Moderate (25-50 Mbps),41,Low,Weekly,85.3,86.6,86.3,95.0,11,19,71.8,9,6,7980.0,853.0
345,34,2,Male,Bachelor Degree,In Relationship,No,Suburban,Product,Senior,Medium (201-1000),Technology,Excellent,Fast (50-100 Mbps),30,Very High,Few times per week,93.2,95.5,79.4,95.0,6,0,100.0,5,5,8512.0,279.6
346,38,5,Female,Master Degree,Married,No,Rural,Engineering,Junior,Startup (1-50),Retail,Good,Very Fast (100+ Mbps),41,Low,Few times per week,83.1,80.8,60.4,92.9,8,0,100.0,5,8,7023.24,83.1
347,41,4,Male,Bachelor Degree,Married,Yes,Suburban,Engineering,Senior,Medium (201-1000),Education,Good,Very Fast (100+ Mbps),33,High,Few times per week,98.9,87.9,95.0,95.0,3,29,100.0,6,3,8920.5,593.4000000000001
348,31,4,Male,Master Degree,Single,No,Suburban,Engineering,Junior,Enterprise (5000+),Technology,Excellent,Fast (50-100 Mbps),45,Moderate,Weekly,77.4,75.1,83.9,95.0,6,15,100.0,8,10,7951.5,232.20000000000002
349,37,4,Male,Master Degree,Single,Yes,Suburban,Customer Success,Senior,Small (51-200),Technology,Good,Fast (50-100 Mbps),44,Moderate,Bi-weekly,63.3,86.5,77.5,95.0,5,26,100.0,5,7,7685.500000000001,379.79999999999995
350,35,4,Female,Associate Degree,Divorced,Yes,Urban,Marketing,Senior,Medium (201-1000),Finance,Good,Fast (50-100 Mbps),51,Moderate,Monthly,65.9,66.0,55.2,74.7,10,13,87.0,3,5,4877.91,329.5
351,35,5,Female,High School,Single,No,Suburban,Engineering,Junior,Startup (1-50),Healthcare,Excellent,Very Fast (100+ Mbps),33,Moderate,Bi-weekly,100.0,86.9,93.4,95.0,8,0,100.0,5,4,9310.0,100.0
352,28,4,Female,PhD,Married,Yes,Urban,Sales,Junior,Medium (201-1000),Consulting,Good,Very Fast (100+ Mbps),50,Low,Weekly,67.9,69.2,48.3,84.2,10,32,79.6,1,5,6011.880000000001,135.8
353,35,4,Female,Bachelor Degree,Single,No,Rural,Marketing,Senior,Medium (201-1000),Technology,Excellent,Very Fast (100+ Mbps),45,Low,Bi-weekly,80.0,91.6,65.9,90.6,17,24,90.7,4,9,7202.7,720.0
354,39,4,Female,Master Degree,Married,Yes,Urban,Customer Success,Junior,Medium (201-1000),Media,Good,Very Fast (100+ Mbps),33,Moderate,Daily,47.6,58.9,40.7,78.4,4,27,79.2,2,8,3982.7200000000003,95.2
355,48,2,Female,Bachelor Degree,Single,Yes,Suburban,Operations,Lead,Medium (201-1000),Finance,Excellent,Fast (50-100 Mbps),52,Moderate,Weekly,100.0,100.0,88.9,95.0,3,45,96.4,5,4,9310.0,900.0
356,43,4,Male,Bachelor Degree,Married,No,Rural,Engineering,Senior,Small (51-200),Technology,Average,Very Fast (100+ Mbps),41,High,Daily,100.0,85.9,86.6,95.0,11,25,100.0,2,7,9310.0,600.0
357,54,3,Male,Associate Degree,Divorced,No,Suburban,Engineering,Senior,Large (1001-5000),Healthcare,Excellent,Very Fast (100+ Mbps),34,Moderate,Weekly,73.7,86.6,58.5,95.0,11,13,100.0,10,9,7761.5,221.10000000000002
358,28,1,Male,Bachelor Degree,Married,Yes,Rural,Sales,Junior,Medium (201-1000),Education,Average,Very Fast (100+ Mbps),48,Moderate,Daily,62.3,64.2,49.5,91.3,8,52,83.9,7,8,6263.179999999999,62.3
359,42,4,Female,Bachelor Degree,Single,No,Suburban,Engineering,Senior,Small (51-200),Technology,Good,Fast (50-100 Mbps),35,Moderate,Few times per week,72.4,78.3,66.7,94.6,13,52,99.9,5,7,7104.459999999999,217.20000000000002
360,36,3,Female,Master Degree,Married,No,Urban,HR,Mid-Level,Enterprise (5000+),Retail,Good,Fast (50-100 Mbps),48,Moderate,Daily,75.3,78.1,73.4,94.9,13,30,100.0,7,5,7639.450000000001,75.3
361,54,5,Male,Master Degree,Single,Yes,Suburban,Sales,Lead,Startup (1-50),Manufacturing,Good,Moderate (25-50 Mbps),40,High,Few times per week,68.4,61.7,54.3,79.5,11,0,100.0,5,9,4205.55,1846.8000000000002
362,27,3,Male,Bachelor Degree,Married,No,Urban,Marketing,Mid-Level,Medium (201-1000),Technology,Excellent,Fast (50-100 Mbps),34,Very High,Daily,100.0,100.0,92.4,95.0,7,12,100.0,8,5,9310.0,200.0
363,29,3,Male,Master Degree,Single,No,Suburban,Finance,Mid-Level,Medium (201-1000),Technology,Average,Very Fast (100+ Mbps),35,Moderate,Weekly,98.7,97.7,86.3,95.0,6,21,100.0,7,6,9310.0,394.8
364,22,1,Male,Master Degree,Married,Yes,Suburban,Operations,Mid-Level,Small (51-200),Manufacturing,Average,Fast (50-100 Mbps),42,High,Bi-weekly,89.2,89.0,79.9,95.0,8,27,100.0,3,3,8236.5,89.2
365,30,3,Male,PhD,Married,Yes,Suburban,Customer Success,Junior,Small (51-200),Technology,Poor,Very Fast (100+ Mbps),32,Moderate,Weekly,59.9,61.6,64.2,79.6,12,1,79.4,2,7,4577.0,0.0
366,28,2,Male,Bachelor Degree,In Relationship,Yes,Rural,Operations,Junior,Startup (1-50),Manufacturing,Average,Fast (50-100 Mbps),46,Very High,Weekly,94.9,84.7,74.0,95.0,4,19,100.0,6,3,8046.5,189.8
367,36,1,Male,Master Degree,Married,Yes,Suburban,HR,Senior,Large (1001-5000),Healthcare,Good,Fast (50-100 Mbps),38,High,Weekly,82.0,99.9,86.6,95.0,15,34,100.0,4,9,9310.0,492.0
368,38,2,Female,Bachelor Degree,Single,No,Urban,Finance,Lead,Large (1001-5000),Manufacturing,Good,Fast (50-100 Mbps),39,High,Bi-weekly,100.0,98.9,80.3,95.0,7,39,100.0,10,9,9310.0,1100.0
369,51,2,Male,Bachelor Degree,Married,No,Suburban,Engineering,Lead,Large (1001-5000),Healthcare,Average,Very Fast (100+ Mbps),45,High,Few times per week,68.7,71.2,52.9,77.0,5,34,100.0,1,5,4673.900000000001,1167.9
370,43,4,Female,Professional Degree,Married,Yes,Suburban,Engineering,Lead,Large (1001-5000),Finance,Average,Slow (<25 Mbps),40,Very High,Few times per week,86.8,87.5,84.8,95.0,8,11,100.0,7,8,8018.000000000001,520.8
371,29,0,Female,High School,Married,No,Rural,Product,Mid-Level,Enterprise (5000+),Media,Good,Fast (50-100 Mbps),49,Moderate,Bi-weekly,56.1,54.2,35.5,71.9,7,10,78.9,2,6,3889.7900000000004,0.0
372,26,4,Male,Bachelor Degree,Married,No,Urban,Design,Junior,Medium (201-1000),Retail,Average,Fast (50-100 Mbps),29,Very High,Daily,67.3,86.5,74.1,95.0,10,17,100.0,6,8,7096.5,0.0
373,39,4,Female,Master Degree,Married,No,Urban,Finance,Mid-Level,Large (1001-5000),Healthcare,Good,Very Fast (100+ Mbps),46,Very High,Daily,92.9,99.9,95.0,95.0,7,17,100.0,5,3,9243.5,278.70000000000005
374,23,3,Male,Associate Degree,Single,No,Suburban,Finance,Junior,Startup (1-50),Education,Good,Very Fast (100+ Mbps),42,Low,Weekly,64.8,60.5,55.4,73.1,9,31,92.9,6,6,4217.87,0.0
375,51,5,Female,Master Degree,Single,No,Urban,Engineering,Senior,Large (1001-5000),Education,Poor,Very Fast (100+ Mbps),38,High,Daily,100.0,98.2,76.2,95.0,7,0,100.0,7,6,9310.0,800.0
376,45,4,Female,Master Degree,Married,No,Suburban,Marketing,Junior,Large (1001-5000),Finance,Poor,Very Fast (100+ Mbps),47,Moderate,Few times per week,81.1,76.2,72.6,95.0,12,6,72.1,2,5,8588.0,0.0
377,30,4,Male,High School,Married,Yes,Urban,Data Science,Junior,Startup (1-50),Finance,Average,Fast (50-100 Mbps),45,Low,Daily,53.6,50.0,54.5,75.8,12,27,58.2,6,5,4237.219999999999,53.6
378,22,1,Female,Bachelor Degree,In Relationship,No,Urban,Customer Success,Junior,Medium (201-1000),Finance,Good,Moderate (25-50 Mbps),43,Moderate,Weekly,81.5,63.1,72.2,84.2,11,33,78.4,9,7,5313.02,0.0
379,47,4,Female,Master Degree,Married,No,Suburban,Sales,Mid-Level,Enterprise (5000+),Non-profit,Excellent,Very Fast (100+ Mbps),40,Moderate,Monthly,100.0,84.4,83.9,95.0,10,18,100.0,4,5,9072.5,700.0
380,33,4,Female,Bachelor Degree,Divorced,Yes,Urban,Sales,Senior,Small (51-200),Education,Excellent,Fast (50-100 Mbps),37,High,Daily,93.7,99.5,76.5,95.0,10,30,100.0,3,7,9015.5,374.8
381,46,2,Female,PhD,Divorced,Yes,Suburban,Marketing,Manager,Small (51-200),Technology,Average,Very Fast (100+ Mbps),35,High,Daily,94.2,100.0,88.6,95.0,10,25,100.0,7,6,9006.0,1601.4
382,22,2,Male,Master Degree,Divorced,Yes,Urban,Sales,Mid-Level,Small (51-200),Healthcare,Good,Very Fast (100+ Mbps),50,High,Daily,93.4,83.0,81.2,94.2,5,55,100.0,7,5,8393.22,0.0
383,29,3,Female,Bachelor Degree,Single,No,Urban,Sales,Mid-Level,Small (51-200),Technology,Good,Moderate (25-50 Mbps),46,Very High,Weekly,87.3,95.1,74.8,95.0,9,35,100.0,5,8,9310.0,261.9
384,35,4,Male,Associate Degree,In Relationship,No,Urban,Operations,Junior,Startup (1-50),Technology,Good,Fast (50-100 Mbps),45,High,Few times per week,82.0,94.3,70.7,95.0,7,14,100.0,8,6,8208.0,164.0
385,35,3,Male,PhD,Single,No,Suburban,Engineering,Senior,Small (51-200),Finance,Good,Fast (50-100 Mbps),39,Moderate,Few times per week,94.3,79.9,78.2,95.0,6,48,100.0,6,1,8198.5,754.4
386,30,4,Male,Bachelor Degree,Single,Yes,Urban,HR,Junior,Small (51-200),Healthcare,Good,Very Fast (100+ Mbps),54,High,Daily,90.0,93.6,83.3,95.0,10,0,100.0,6,8,9082.0,180.0
387,40,1,Male,Associate Degree,Married,No,Suburban,HR,Junior,Large (1001-5000),Non-profit,Average,Very Fast (100+ Mbps),37,Moderate,Few times per week,78.5,93.0,86.4,95.0,3,65,100.0,8,5,8217.5,78.5
388,25,4,Female,Master Degree,Single,Yes,Suburban,Customer Success,Junior,Small (51-200),Non-profit,Excellent,Very Fast (100+ Mbps),39,Moderate,Daily,79.4,77.5,72.6,95.0,6,45,100.0,3,8,7980.0,0.0
389,33,2,Female,Master Degree,Single,No,Suburban,Customer Success,Junior,Medium (201-1000),Technology,Average,Very Fast (100+ Mbps),52,Very High,Few times per week,83.4,98.7,70.9,95.0,7,13,100.0,4,7,8265.0,83.4
390,36,2,Female,Master Degree,Married,Yes,Suburban,Operations,Junior,Medium (201-1000),Healthcare,Good,Very Fast (100+ Mbps),41,Very High,Daily,93.5,100.0,69.9,95.0,11,28,100.0,5,9,9310.0,187.0
391,39,3,Male,Bachelor Degree,Single,No,Urban,HR,Junior,Startup (1-50),Consulting,Average,Fast (50-100 Mbps),52,High,Few times per week,100.0,99.8,80.4,95.0,5,8,100.0,3,6,9205.5,500.0
392,41,0,Female,Master Degree,Married,No,Urban,Marketing,Lead,Enterprise (5000+),Technology,Poor,Very Fast (100+ Mbps),44,Moderate,Few times per week,44.1,50.0,43.9,71.2,8,25,61.7,10,4,3054.48,485.1
393,24,0,Female,Master Degree,Single,No,Suburban,Design,Junior,Large (1001-5000),Manufacturing,Good,Very Fast (100+ Mbps),38,High,Daily,95.2,76.8,51.1,95.0,9,62,100.0,5,1,7685.500000000001,95.2
394,22,2,Male,Master Degree,Married,No,Urban,Engineering,Junior,Medium (201-1000),Consulting,Excellent,Fast (50-100 Mbps),40,Moderate,Daily,100.0,83.6,85.9,95.0,11,31,100.0,9,8,9234.0,0.0
395,46,3,Male,PhD,In Relationship,No,Suburban,Product,Mid-Level,Medium (201-1000),Education,Excellent,Moderate (25-50 Mbps),37,Moderate,Weekly,89.2,97.5,73.8,95.0,7,0,92.8,6,8,9310.0,446.0
396,37,5,Female,Bachelor Degree,Married,Yes,Suburban,Engineering,Junior,Medium (201-1000),Finance,Excellent,Slow (<25 Mbps),46,Moderate,Few times per week,96.9,94.0,56.7,95.0,12,0,100.0,9,4,8578.5,96.9
397,28,4,Female,Master Degree,Married,No,Urban,Engineering,Mid-Level,Small (51-200),Media,Average,Moderate (25-50 Mbps),49,Very High,Bi-weekly,87.6,86.8,91.1,95.0,6,35,100.0,5,10,8721.0,87.6
398,48,3,Female,PhD,In Relationship,No,Suburban,Marketing,Mid-Level,Startup (1-50),Media,Excellent,Very Fast (100+ Mbps),44,Moderate,Daily,100.0,99.1,94.1,95.0,13,28,91.6,8,9,8873.0,500.0
399,36,0,Female,Bachelor Degree,Single,Yes,Rural,Operations,Senior,Medium (201-1000),Retail,Excellent,Very Fast (100+ Mbps),43,Very High,Daily,100.0,93.2,88.0,95.0,5,11,100.0,7,6,9044.0,600.0
400,45,3,Female,High School,Married,No,Urban,Engineering,Lead,Enterprise (5000+),Finance,Average,Moderate (25-50 Mbps),35,Very High,Daily,77.8,89.0,82.9,95.0,4,48,100.0,9,4,9310.0,700.1999999999999
401,35,4,Male,Master Degree,Divorced,No,Suburban,Operations,Mid-Level,Small (51-200),Manufacturing,Good,Moderate (25-50 Mbps),48,High,Daily,87.6,92.8,84.5,95.0,5,35,100.0,6,5,8198.5,262.79999999999995
402,53,2,Female,Bachelor Degree,In Relationship,No,Urban,Customer Success,Manager,Medium (201-1000),Finance,Good,Fast (50-100 Mbps),47,Moderate,Daily,82.6,93.1,74.6,95.0,6,28,100.0,4,9,9101.0,1404.1999999999998
403,50,1,Male,High School,Married,No,Suburban,Engineering,Lead,Startup (1-50),Technology,Good,Very Fast (100+ Mbps),43,Very Low,Daily,66.7,61.9,54.2,73.3,12,39,100.0,6,7,4273.389999999999,933.8000000000001
404,32,2,Female,Bachelor Degree,Single,No,Rural,Operations,Senior,Startup (1-50),Healthcare,Average,Very Fast (100+ Mbps),40,High,Few times per week,100.0,100.0,95.0,95.0,3,60,100.0,3,9,9291.0,600.0
405,43,4,Female,Bachelor Degree,Divorced,No,Suburban,Sales,Junior,Medium (201-1000),Non-profit,Excellent,Moderate (25-50 Mbps),42,Moderate,Weekly,88.9,83.4,49.9,93.9,4,33,86.8,5,2,7596.510000000001,177.8
406,40,2,Female,Bachelor Degree,Single,No,Suburban,Marketing,Senior,Small (51-200),Manufacturing,Good,Very Fast (100+ Mbps),36,High,Weekly,100.0,82.1,82.6,95.0,8,5,100.0,7,10,9310.0,700.0
407,26,2,Male,PhD,Married,No,Suburban,Sales,Junior,Medium (201-1000),Healthcare,Good,Slow (<25 Mbps),40,High,Few times per week,62.2,73.4,70.0,80.5,6,0,100.0,6,4,5337.15,0.0
408,41,1,Female,Master Degree,Married,Yes,Suburban,Data Science,Senior,Small (51-200),Finance,Average,Fast (50-100 Mbps),36,High,Weekly,96.3,100.0,91.4,95.0,8,30,100.0,7,6,9310.0,1155.6
409,44,3,Female,Master Degree,Married,Yes,Suburban,Operations,Junior,Medium (201-1000),Consulting,Average,Very Fast (100+ Mbps),38,Moderate,Few times per week,78.5,84.2,64.7,95.0,7,0,100.0,8,8,7837.5,157.0
410,24,0,Female,Master Degree,Married,No,Suburban,Finance,Junior,Startup (1-50),Consulting,Average,Very Fast (100+ Mbps),41,Very High,Monthly,82.5,75.3,83.3,95.0,7,51,100.0,5,7,7999.0,0.0
411,22,1,Male,Master Degree,Single,No,Rural,Customer Success,Mid-Level,Medium (201-1000),Healthcare,Average,Fast (50-100 Mbps),41,Moderate,Bi-weekly,79.2,81.2,75.7,95.0,8,31,100.0,7,7,7904.0,0.0
412,32,1,Female,Master Degree,Married,No,Suburban,Engineering,Senior,Large (1001-5000),Manufacturing,Average,Fast (50-100 Mbps),25,High,Few times per week,87.2,78.1,73.3,95.0,7,9,100.0,6,6,7828.000000000001,261.6
413,41,1,Female,Bachelor Degree,Married,No,Suburban,Engineering,Junior,Startup (1-50),Consulting,Average,Very Fast (100+ Mbps),44,Very High,Few times per week,71.9,76.9,52.7,82.5,9,33,100.0,6,7,5733.75,143.8
414,48,2,Male,Bachelor Degree,Married,Yes,Urban,Marketing,Senior,Enterprise (5000+),Finance,Good,Very Fast (100+ Mbps),42,High,Weekly,86.3,100.0,93.3,95.0,11,39,100.0,3,8,9310.0,1035.6
415,35,5,Female,Master Degree,In Relationship,No,Suburban,Customer Success,Lead,Small (51-200),Technology,Excellent,Very Fast (100+ Mbps),47,Low,Daily,95.9,100.0,72.9,95.0,11,0,100.0,6,10,9310.0,671.3000000000001
416,49,3,Female,Master Degree,Divorced,No,Suburban,Engineering,Lead,Small (51-200),Technology,Good,Slow (<25 Mbps),40,Low,Weekly,69.0,72.8,55.4,88.8,8,38,50.8,8,7,5478.96,966.0
417,22,4,Female,Master Degree,Married,Yes,Suburban,Data Science,Junior,Medium (201-1000),Media,Excellent,Moderate (25-50 Mbps),48,Very High,Few times per week,100.0,96.8,93.7,95.0,8,14,100.0,5,7,9310.0,0.0
418,22,2,Male,Bachelor Degree,Single,Yes,Urban,Engineering,Junior,Small (51-200),Retail,Good,Very Fast (100+ Mbps),41,Moderate,Weekly,68.4,69.0,59.0,74.8,6,44,87.2,7,5,4899.4,68.4
419,34,2,Female,Bachelor Degree,Married,No,Rural,Engineering,Senior,Large (1001-5000),Retail,Good,Moderate (25-50 Mbps),44,Moderate,Daily,75.1,100.0,87.9,95.0,7,11,100.0,8,6,8607.0,375.5
420,38,0,Female,Master Degree,Divorced,Yes,Urban,Engineering,Mid-Level,Medium (201-1000),Finance,Poor,Fast (50-100 Mbps),36,Low,Daily,96.6,98.1,82.9,95.0,3,16,99.3,6,9,8616.5,676.1999999999999
421,34,3,Female,Associate Degree,Married,No,Urban,Operations,Senior,Startup (1-50),Retail,Poor,Fast (50-100 Mbps),48,Low,Few times per week,76.8,68.0,60.3,87.8,7,43,90.2,3,3,6409.4,537.6
422,22,3,Male,Master Degree,Divorced,Yes,Suburban,Product,Mid-Level,Enterprise (5000+),Education,Average,Fast (50-100 Mbps),49,Moderate,Few times per week,74.0,61.8,77.1,79.9,7,53,100.0,2,5,5457.17,74.0
423,34,1,Male,Professional Degree,Married,No,Suburban,Engineering,Mid-Level,Large (1001-5000),Technology,Poor,Fast (50-100 Mbps),53,Very High,Daily,92.3,89.0,92.1,95.0,11,19,100.0,7,5,8550.0,461.5
424,23,4,Female,Master Degree,Married,Yes,Urban,Operations,Junior,Medium (201-1000),Government,Poor,Very Fast (100+ Mbps),38,High,Few times per week,60.1,52.1,37.7,67.7,12,42,98.6,2,3,3459.4700000000003,0.0
425,41,3,Female,Bachelor Degree,Married,Yes,Suburban,Engineering,Senior,Medium (201-1000),Finance,Average,Fast (50-100 Mbps),45,Moderate,Daily,80.3,86.7,71.0,92.7,9,35,100.0,10,7,8120.5199999999995,803.0
426,38,2,Male,Bachelor Degree,Married,No,Urban,Operations,Lead,Startup (1-50),Finance,Excellent,Moderate (25-50 Mbps),33,Low,Few times per week,89.2,94.6,84.7,95.0,12,25,81.7,3,9,9310.0,1248.8
427,26,1,Male,Master Degree,Divorced,No,Urban,Engineering,Junior,Large (1001-5000),Finance,Good,Very Fast (100+ Mbps),30,High,Few times per week,55.2,69.7,71.2,85.6,9,33,100.0,7,2,5623.92,0.0
428,30,3,Male,Master Degree,Single,No,Urban,Marketing,Mid-Level,Large (1001-5000),Technology,Good,Very Fast (100+ Mbps),45,Moderate,Daily,58.9,60.8,56.4,67.7,7,32,98.1,8,5,3879.21,235.6
429,25,4,Female,Bachelor Degree,Single,Yes,Rural,Finance,Junior,Startup (1-50),Education,Excellent,Very Fast (100+ Mbps),41,Moderate,Few times per week,70.6,80.0,81.1,92.9,11,34,87.2,5,9,6763.12,70.6
430,34,2,Male,Bachelor Degree,Married,Yes,Urban,Operations,Mid-Level,Medium (201-1000),Technology,Average,Very Fast (100+ Mbps),34,Very High,Daily,82.8,80.8,75.4,92.6,9,61,100.0,6,6,7157.98,165.6
431,43,2,Male,Bachelor Degree,Single,No,Urban,Engineering,Manager,Medium (201-1000),Manufacturing,Excellent,Very Fast (100+ Mbps),43,Moderate,Weekly,87.0,94.1,95.0,95.0,12,16,100.0,9,9,8711.5,957.0
432,26,3,Male,Master Degree,Married,Yes,Suburban,Engineering,Mid-Level,Small (51-200),Finance,Good,Fast (50-100 Mbps),47,High,Daily,100.0,100.0,95.0,95.0,10,38,100.0,9,9,9310.0,0.0
433,39,1,Female,Master Degree,Single,Yes,Suburban,Finance,Mid-Level,Large (1001-5000),Healthcare,Excellent,Very Fast (100+ Mbps),42,Moderate,Weekly,86.6,89.0,91.2,95.0,2,49,97.1,9,10,8578.5,519.5999999999999
434,30,4,Male,PhD,Single,No,Suburban,Customer Success,Junior,Startup (1-50),Education,Good,Very Fast (100+ Mbps),49,Moderate,Daily,53.4,65.6,66.5,77.6,12,47,90.9,5,6,4981.92,106.8
435,27,4,Male,Bachelor Degree,Married,Yes,Suburban,Product,Junior,Small (51-200),Manufacturing,Good,Moderate (25-50 Mbps),38,Very Low,Few times per week,67.3,63.5,48.7,71.5,11,20,100.0,2,6,4161.3,134.6
436,34,1,Female,Master Degree,Married,Yes,Suburban,Customer Success,Senior,Startup (1-50),Technology,Average,Fast (50-100 Mbps),48,Low,Few times per week,71.4,76.4,61.4,82.4,10,57,82.9,3,8,5866.880000000001,285.6
437,25,0,Male,Bachelor Degree,Single,Yes,Urban,Data Science,Mid-Level,Medium (201-1000),Government,Good,Very Fast (100+ Mbps),39,Very High,Daily,72.4,71.9,73.4,85.3,12,64,100.0,3,7,6499.86,72.4
438,30,4,Male,Bachelor Degree,Single,No,Suburban,Sales,Senior,Small (51-200),Education,Good,Very Fast (100+ Mbps),49,Very High,Daily,95.7,93.1,86.9,95.0,9,29,100.0,7,7,9310.0,382.8
439,24,2,Female,Master Degree,Single,Yes,Suburban,Sales,Junior,Large (1001-5000),Technology,Average,Fast (50-100 Mbps),34,Moderate,Daily,40.0,50.0,35.8,64.6,10,39,88.9,8,7,2261.0,0.0
440,52,1,Male,Bachelor Degree,Married,No,Urban,Engineering,Senior,Large (1001-5000),Finance,Average,Fast (50-100 Mbps),43,Moderate,Daily,100.0,92.6,93.4,95.0,11,34,96.5,2,6,9310.0,1200.0
441,35,4,Female,Bachelor Degree,Single,Yes,Urban,Marketing,Lead,Startup (1-50),Finance,Good,Very Fast (100+ Mbps),43,Moderate,Few times per week,62.6,74.6,53.8,72.6,3,37,92.2,8,5,4595.579999999999,626.0
442,28,2,Male,Master Degree,Married,No,Suburban,Finance,Junior,Large (1001-5000),Manufacturing,Excellent,Moderate (25-50 Mbps),44,High,Few times per week,92.6,77.8,53.2,91.2,9,57,100.0,7,7,6721.4400000000005,185.2
443,36,3,Female,Bachelor Degree,Married,Yes,Urban,Customer Success,Junior,Large (1001-5000),Finance,Excellent,Fast (50-100 Mbps),39,Moderate,Daily,70.0,59.3,53.1,77.6,9,34,87.0,6,5,4477.5199999999995,280.0
444,33,2,Male,Associate Degree,Married,No,Rural,Engineering,Lead,Small (51-200),Finance,Average,Moderate (25-50 Mbps),44,High,Few times per week,80.6,92.0,81.3,95.0,6,48,100.0,10,6,8521.5,483.59999999999997
445,33,4,Female,Bachelor Degree,Married,No,Suburban,Marketing,Mid-Level,Startup (1-50),Technology,Good,Very Fast (100+ Mbps),40,High,Monthly,88.0,81.5,58.2,94.1,9,14,100.0,4,7,7038.679999999999,264.0
446,40,2,Male,Bachelor Degree,Married,No,Urban,Finance,Senior,Startup (1-50),Technology,Excellent,Very Fast (100+ Mbps),38,Very High,Bi-weekly,83.1,93.5,95.0,95.0,11,22,100.0,4,7,9167.5,1163.3999999999999
447,41,5,Male,Master Degree,In Relationship,No,Urban,Operations,Lead,Small (51-200),Retail,Excellent,Very Fast (100+ Mbps),50,Low,Daily,77.3,99.9,79.0,95.0,8,0,67.9,5,7,8189.0,1004.9
448,30,4,Female,Bachelor Degree,Married,No,Rural,Engineering,Junior,Large (1001-5000),Education,Average,Very Fast (100+ Mbps),42,Moderate,Daily,61.7,62.3,58.1,79.2,10,6,50.8,6,7,4910.400000000001,61.7
449,32,3,Male,Associate Degree,Married,No,Suburban,Engineering,Mid-Level,Enterprise (5000+),Technology,Good,Very Fast (100+ Mbps),37,Moderate,Daily,79.4,84.7,68.0,94.9,9,19,100.0,8,7,7933.64,397.0
450,22,3,Female,Bachelor Degree,Single,No,Suburban,Product,Mid-Level,Large (1001-5000),Finance,Good,Fast (50-100 Mbps),50,Very High,Daily,76.7,92.4,71.0,95.0,7,35,100.0,8,3,7733.000000000001,76.7
451,22,3,Male,Bachelor Degree,Married,No,Suburban,Design,Junior,Small (51-200),Retail,Excellent,Very Fast (100+ Mbps),36,Moderate,Daily,92.0,97.5,80.2,95.0,7,10,94.8,9,6,8189.0,92.0
452,47,4,Female,Master Degree,Divorced,Yes,Suburban,Sales,Senior,Large (1001-5000),Consulting,Good,Very Fast (100+ Mbps),45,Very High,Daily,100.0,97.9,95.0,95.0,11,17,100.0,8,7,9310.0,600.0
453,49,3,Male,Bachelor Degree,Married,No,Urban,Sales,Mid-Level,Startup (1-50),Technology,Good,Moderate (25-50 Mbps),37,Moderate,Few times per week,92.2,100.0,84.2,95.0,13,7,100.0,6,6,9310.0,645.4
454,32,0,Female,Master Degree,Married,No,Urban,HR,Mid-Level,Startup (1-50),Finance,Good,Very Fast (100+ Mbps),33,High,Few times per week,83.8,93.1,87.5,95.0,13,18,100.0,6,1,8768.5,251.39999999999998
455,40,4,Male,Bachelor Degree,Married,No,Suburban,Marketing,Senior,Medium (201-1000),Finance,Average,Fast (50-100 Mbps),44,Moderate,Daily,75.7,83.2,66.6,95.0,8,26,100.0,4,7,7809.0,757.0
456,37,0,Male,Professional Degree,Single,Yes,Rural,Engineering,Lead,Small (51-200),Media,Good,Fast (50-100 Mbps),40,Moderate,Few times per week,50.0,50.0,49.0,76.3,14,41,90.9,4,6,3883.6699999999996,300.0
457,62,4,Male,Master Degree,Single,Yes,Urban,Product,Senior,Small (51-200),Healthcare,Average,Slow (<25 Mbps),51,High,Few times per week,72.6,96.4,75.5,95.0,7,25,100.0,10,4,8740.0,798.5999999999999
458,45,4,Male,Master Degree,Divorced,No,Suburban,Marketing,Mid-Level,Large (1001-5000),Technology,Excellent,Moderate (25-50 Mbps),48,Very High,Few times per week,100.0,96.7,68.0,95.0,9,13,100.0,4,10,9310.0,400.0
459,33,2,Female,Master Degree,In Relationship,No,Urban,Engineering,Lead,Large (1001-5000),Finance,Good,Very Fast (100+ Mbps),49,High,Monthly,92.7,93.3,82.2,95.0,12,31,100.0,6,9,7989.499999999999,648.9
460,22,4,Female,Master Degree,In Relationship,No,Suburban,Engineering,Junior,Small (51-200),Education,Average,Very Fast (100+ Mbps),46,High,Few times per week,96.1,95.2,95.0,95.0,5,42,100.0,7,7,9310.0,96.1
461,36,4,Male,Bachelor Degree,Married,No,Urban,Engineering,Junior,Medium (201-1000),Technology,Good,Fast (50-100 Mbps),33,Moderate,Weekly,84.6,96.6,82.1,95.0,15,35,84.5,5,6,7999.0,169.2
462,28,2,Male,Associate Degree,Single,No,Urban,Marketing,Mid-Level,Large (1001-5000),Finance,Good,Very Fast (100+ Mbps),40,Very High,Daily,75.5,96.3,62.9,95.0,3,41,100.0,7,5,8778.0,302.0
463,22,2,Female,Master Degree,Married,No,Urban,Sales,Junior,Small (51-200),Education,Average,Fast (50-100 Mbps),46,High,Few times per week,86.6,94.5,84.7,95.0,9,28,100.0,9,7,9110.5,0.0
464,25,0,Male,Bachelor Degree,Divorced,Yes,Urban,Data Science,Junior,Large (1001-5000),Education,Excellent,Fast (50-100 Mbps),41,Moderate,Few times per week,74.9,81.6,57.7,95.0,7,33,96.9,5,9,7514.499999999999,0.0
465,50,1,Female,Bachelor Degree,In Relationship,Yes,Urban,Customer Success,Manager,Medium (201-1000),Finance,Excellent,Fast (50-100 Mbps),46,Moderate,Daily,100.0,92.1,95.0,95.0,6,38,100.0,5,7,9053.5,1500.0
466,34,1,Female,Master Degree,Married,No,Suburban,Engineering,Junior,Enterprise (5000+),Technology,Average,Very Fast (100+ Mbps),36,Moderate,Few times per week,75.2,84.6,62.6,95.0,8,22,100.0,5,6,7096.5,75.2
467,48,3,Male,High School,Married,Yes,Suburban,Operations,Manager,Startup (1-50),Media,Excellent,Fast (50-100 Mbps),46,High,Few times per week,99.7,95.0,81.7,95.0,9,9,100.0,6,2,9310.0,1694.9
468,35,5,Male,PhD,Single,Yes,Urban,Operations,Senior,Startup (1-50),Technology,Good,Very Fast (100+ Mbps),45,Very High,Monthly,84.1,100.0,83.4,95.0,12,0,100.0,6,4,9148.5,504.59999999999997
469,27,4,Female,PhD,Married,No,Urban,Product,Junior,Large (1001-5000),Technology,Good,Very Fast (100+ Mbps),36,High,Daily,97.4,95.6,94.2,95.0,9,0,100.0,6,2,9272.0,97.4
470,48,0,Female,PhD,Married,Yes,Urban,Operations,Senior,Enterprise (5000+),Consulting,Good,Fast (50-100 Mbps),39,Very High,Bi-weekly,72.6,60.8,64.9,80.8,11,56,100.0,8,3,5938.8,653.4
471,39,3,Male,Bachelor Degree,Married,No,Suburban,Engineering,Mid-Level,Large (1001-5000),Consulting,Excellent,Moderate (25-50 Mbps),42,Low,Daily,64.1,64.6,45.1,82.3,8,23,84.8,3,3,5300.12,128.2
472,25,3,Male,Bachelor Degree,In Relationship,No,Suburban,Marketing,Mid-Level,Medium (201-1000),Technology,Good,Very Fast (100+ Mbps),50,Moderate,Bi-weekly,91.1,94.9,95.0,95.0,13,1,96.4,4,1,9310.0,0.0
473,33,1,Female,PhD,Divorced,Yes,Rural,Customer Success,Mid-Level,Large (1001-5000),Media,Excellent,Fast (50-100 Mbps),39,High,Weekly,100.0,95.2,95.0,95.0,10,23,100.0,6,8,9310.0,600.0
474,27,5,Female,Master Degree,Single,No,Suburban,Design,Junior,Small (51-200),Technology,Excellent,Very Fast (100+ Mbps),44,Low,Daily,82.3,76.4,60.5,95.0,10,0,100.0,5,6,7571.5,0.0
475,22,3,Male,Master Degree,Single,No,Urban,Engineering,Junior,Enterprise (5000+),Education,Good,Very Fast (100+ Mbps),49,Low,Daily,100.0,90.7,79.9,95.0,11,14,100.0,4,8,9291.0,100.0
476,43,5,Female,Bachelor Degree,Married,No,Rural,Marketing,Senior,Medium (201-1000),Technology,Average,Very Fast (100+ Mbps),53,High,Daily,88.2,100.0,85.6,95.0,9,0,100.0,7,4,9310.0,1146.6000000000001
477,52,3,Female,Bachelor Degree,Single,Yes,Urban,Engineering,Lead,Enterprise (5000+),Finance,Excellent,Fast (50-100 Mbps),43,Low,Monthly,100.0,100.0,78.3,95.0,9,17,100.0,6,8,9310.0,900.0
478,22,4,Female,Master Degree,Married,Yes,Urban,Marketing,Mid-Level,Medium (201-1000),Healthcare,Good,Fast (50-100 Mbps),29,Very High,Few times per week,97.1,86.6,76.5,95.0,10,34,100.0,4,3,8911.0,97.1
479,40,1,Male,Bachelor Degree,Married,No,Urban,Engineering,Mid-Level,Enterprise (5000+),Education,Excellent,Very Fast (100+ Mbps),47,Low,Weekly,82.2,84.9,82.2,95.0,5,13,88.2,4,5,8084.499999999999,411.0
480,29,3,Female,Master Degree,Single,Yes,Suburban,Design,Junior,Small (51-200),Healthcare,Average,Fast (50-100 Mbps),43,High,Daily,92.2,94.3,66.9,95.0,4,37,100.0,7,6,8075.0,276.6
481,30,2,Female,Master Degree,Married,Yes,Suburban,Operations,Junior,Large (1001-5000),Healthcare,Average,Very Fast (100+ Mbps),36,Moderate,Bi-weekly,89.0,79.3,71.5,92.6,15,21,88.4,5,5,6898.7,0.0
482,29,4,Male,Master Degree,Married,Yes,Urban,Customer Success,Junior,Enterprise (5000+),Government,Average,Very Fast (100+ Mbps),46,High,Daily,66.1,67.3,62.4,79.7,13,13,100.0,4,4,5292.080000000001,132.2
483,27,4,Female,Bachelor Degree,Divorced,Yes,Urban,Data Science,Mid-Level,Medium (201-1000),Technology,Good,Fast (50-100 Mbps),53,Very Low,Daily,42.1,50.0,30.0,43.4,3,7,71.4,9,7,1519.0,42.1
484,35,4,Male,Bachelor Degree,Single,Yes,Suburban,Engineering,Junior,Large (1001-5000),Technology,Good,Very Fast (100+ Mbps),43,Very High,Daily,72.4,76.5,60.5,95.0,2,23,100.0,3,1,7885.0,0.0
485,27,4,Male,Professional Degree,Divorced,Yes,Rural,Finance,Mid-Level,Startup (1-50),Retail,Average,Very Fast (100+ Mbps),32,High,Few times per week,85.3,81.2,89.7,95.0,6,29,100.0,3,8,7837.5,255.89999999999998
486,37,4,Male,Master Degree,Married,No,Urban,Product,Mid-Level,Medium (201-1000),Technology,Excellent,Fast (50-100 Mbps),50,Moderate,Daily,88.9,93.4,77.0,95.0,6,18,77.0,7,2,8350.5,444.5
487,34,2,Male,Master Degree,Married,No,Suburban,Operations,Junior,Large (1001-5000),Healthcare,Good,Fast (50-100 Mbps),42,Moderate,Few times per week,100.0,100.0,77.5,95.0,8,33,100.0,5,10,9310.0,100.0
488,32,3,Male,Master Degree,Single,Yes,Urban,Operations,Junior,Small (51-200),Healthcare,Average,Moderate (25-50 Mbps),46,Moderate,Daily,89.2,99.1,81.5,95.0,8,20,100.0,7,8,8873.0,178.4
489,26,4,Female,Master Degree,Married,No,Urban,Sales,Mid-Level,Large (1001-5000),Finance,Good,Very Fast (100+ Mbps),42,Moderate,Few times per week,43.0,50.0,35.8,55.9,8,38,54.9,6,6,2252.77,43.0
490,29,4,Male,Master Degree,Married,Yes,Urban,Finance,Junior,Large (1001-5000),Government,Good,Very Fast (100+ Mbps),44,Moderate,Few times per week,67.5,80.9,58.6,90.2,5,21,86.5,2,4,6530.4800000000005,0.0
491,39,2,Female,Bachelor Degree,Married,Yes,Urban,Marketing,Mid-Level,Small (51-200),Technology,Excellent,Very Fast (100+ Mbps),46,High,Daily,94.4,100.0,95.0,95.0,7,65,100.0,8,7,9310.0,755.2
492,26,1,Male,Bachelor Degree,Married,Yes,Rural,Engineering,Junior,Medium (201-1000),Technology,Good,Fast (50-100 Mbps),42,High,Weekly,64.9,87.3,54.8,83.7,7,88,100.0,6,6,5967.81,129.8
493,35,5,Male,High School,Divorced,No,Urban,Engineering,Junior,Startup (1-50),Technology,Good,Moderate (25-50 Mbps),37,Low,Daily,95.3,93.6,90.8,95.0,10,0,100.0,5,5,9129.5,95.3
494,41,3,Female,Bachelor Degree,Single,Yes,Urban,Engineering,Lead,Enterprise (5000+),Finance,Excellent,Fast (50-100 Mbps),43,High,Daily,100.0,99.0,85.1,95.0,3,12,100.0,1,7,9310.0,1100.0
495,22,1,Female,Bachelor Degree,Divorced,No,Urban,Engineering,Junior,Large (1001-5000),Retail,Excellent,Very Fast (100+ Mbps),46,High,Weekly,91.2,100.0,81.6,95.0,7,62,100.0,8,6,9310.0,0.0
496,39,4,Male,Master Degree,Single,Yes,Suburban,Marketing,Junior,Small (51-200),Retail,Good,Moderate (25-50 Mbps),37,Moderate,Daily,80.1,71.8,54.4,87.5,4,10,81.4,7,6,6378.750000000001,160.2
497,29,5,Male,Bachelor Degree,Divorced,Yes,Rural,Engineering,Junior,Small (51-200),Consulting,Excellent,Fast (50-100 Mbps),35,High,Few times per week,97.2,91.2,92.8,95.0,6,0,100.0,2,8,9310.0,194.4
498,40,1,Female,Associate Degree,In Relationship,No,Urban,Engineering,Mid-Level,Large (1001-5000),Technology,Good,Fast (50-100 Mbps),49,High,Daily,87.0,92.8,76.8,95.0,9,49,100.0,8,10,9310.0,609.0
499,28,4,Male,Associate Degree,Married,No,Suburban,HR,Senior,Medium (201-1000),Technology,Good,Fast (50-100 Mbps),52,Moderate,Daily,58.8,81.6,55.2,89.2,14,51,98.5,2,10,6475.92,176.39999999999998
500,22,5,Female,Master Degree,Married,Yes,Urban,HR,Junior,Small (51-200),Non-profit,Excellent,Very Fast (100+ Mbps),42,High,Weekly,76.0,61.4,76.8,72.2,9,0,100.0,7,9,4851.84,76.0
501,22,5,Female,High School,Married,Yes,Suburban,HR,Mid-Level,Medium (201-1000),Technology,Good,Very Fast (100+ Mbps),45,Moderate,Daily,53.2,59.1,54.3,75.0,11,0,83.3,7,8,4110.0,0.0
502,35,5,Male,Bachelor Degree,Single,Yes,Urban,Design,Junior,Large (1001-5000),Government,Excellent,Moderate (25-50 Mbps),44,High,Few times per week,98.3,94.7,71.3,95.0,10,0,100.0,8,6,8825.5,0.0
503,37,3,Male,Associate Degree,Married,No,Suburban,Engineering,Lead,Startup (1-50),Consulting,Good,Very Fast (100+ Mbps),28,High,Weekly,89.2,100.0,72.4,95.0,5,34,100.0,4,3,9310.0,624.4
504,26,2,Male,Master Degree,Married,No,Suburban,Engineering,Junior,Small (51-200),Media,Good,Very Fast (100+ Mbps),43,Low,Daily,70.9,77.1,65.7,94.9,14,34,80.8,6,7,7326.280000000001,70.9
505,40,0,Female,PhD,Divorced,Yes,Suburban,Sales,Lead,Enterprise (5000+),Finance,Average,Very Fast (100+ Mbps),50,High,Few times per week,64.8,83.7,83.6,90.7,8,0,100.0,6,6,6947.62,388.79999999999995
506,22,0,Male,PhD,Divorced,No,Urban,Product,Junior,Startup (1-50),Technology,Good,Very Fast (100+ Mbps),34,High,Bi-weekly,96.7,94.7,60.9,95.0,10,23,100.0,2,7,7989.499999999999,96.7
507,34,3,Male,Bachelor Degree,Married,Yes,Urban,HR,Junior,Large (1001-5000),Education,Good,Fast (50-100 Mbps),34,Low,Few times per week,100.0,100.0,88.5,95.0,8,15,100.0,6,5,9034.5,100.0
508,24,3,Female,Master Degree,Married,Yes,Suburban,Sales,Junior,Medium (201-1000),Retail,Average,Slow (<25 Mbps),37,Very High,Daily,88.0,84.2,68.7,93.9,6,14,100.0,4,8,7267.860000000001,0.0
509,29,1,Male,Bachelor Degree,Married,Yes,Suburban,Engineering,Senior,Small (51-200),Technology,Good,Very Fast (100+ Mbps),39,Very High,Few times per week,100.0,100.0,81.9,95.0,4,35,100.0,5,4,9310.0,300.0
510,35,3,Female,Bachelor Degree,Married,No,Urban,Operations,Senior,Startup (1-50),Manufacturing,Good,Fast (50-100 Mbps),46,High,Daily,58.3,54.0,43.6,66.9,7,28,100.0,4,8,3659.4300000000003,174.89999999999998
511,27,1,Female,Bachelor Degree,Married,Yes,Suburban,Engineering,Mid-Level,Startup (1-50),Technology,Average,Fast (50-100 Mbps),49,Moderate,Daily,53.7,50.0,44.8,61.4,14,0,61.4,2,9,2541.96,107.4
512,31,4,Female,Associate Degree,Married,No,Suburban,Marketing,Senior,Small (51-200),Healthcare,Excellent,Fast (50-100 Mbps),49,High,Weekly,92.1,96.5,83.7,95.0,18,0,100.0,4,9,8635.5,368.4
513,44,2,Female,Master Degree,In Relationship,No,Urban,Design,Senior,Startup (1-50),Consulting,Poor,Very Fast (100+ Mbps),45,Moderate,Daily,87.7,93.5,72.7,95.0,8,59,77.3,4,6,7495.500000000001,350.8
514,29,3,Female,Bachelor Degree,Married,Yes,Urban,Operations,Junior,Small (51-200),Technology,Average,Fast (50-100 Mbps),32,Very High,Daily,87.8,100.0,87.4,95.0,8,19,100.0,6,6,8920.5,87.8
515,42,3,Male,Bachelor Degree,Married,Yes,Rural,Design,Junior,Startup (1-50),Technology,Good,Slow (<25 Mbps),32,High,Few times per week,100.0,97.8,75.4,95.0,9,15,100.0,3,8,9310.0,500.0
516,24,0,Male,Bachelor Degree,Married,Yes,Urban,Sales,Junior,Large (1001-5000),Technology,Average,Very Fast (100+ Mbps),46,Moderate,Monthly,47.7,50.0,34.6,60.1,3,41,63.5,9,7,2944.9,47.7
517,39,5,Male,Bachelor Degree,Married,No,Rural,Operations,Senior,Large (1001-5000),Technology,Average,Fast (50-100 Mbps),32,High,Daily,100.0,100.0,95.0,95.0,7,0,100.0,4,7,9310.0,600.0
518,47,3,Female,Master Degree,Married,No,Urban,Product,Junior,Large (1001-5000),Technology,Poor,Slow (<25 Mbps),45,High,Daily,72.6,77.3,62.6,80.5,10,43,100.0,7,10,5820.15,72.6
519,22,2,Male,Master Degree,Married,Yes,Urban,Operations,Junior,Medium (201-1000),Technology,Average,Fast (50-100 Mbps),43,Moderate,Few times per week,96.1,86.8,87.3,95.0,10,0,100.0,4,6,8293.5,96.1
520,40,2,Female,Bachelor Degree,Married,Yes,Urban,Finance,Junior,Startup (1-50),Consulting,Excellent,Slow (<25 Mbps),26,Very High,Few times per week,71.8,85.1,88.9,95.0,9,24,100.0,3,7,7609.499999999999,143.6
521,33,0,Male,Associate Degree,Married,Yes,Urban,Product,Mid-Level,Startup (1-50),Media,Good,Very Fast (100+ Mbps),43,High,Bi-weekly,75.7,67.8,60.8,95.0,11,61,100.0,7,6,6935.0,302.8
522,38,2,Female,Bachelor Degree,Married,No,Urban,Engineering,Junior,Small (51-200),Finance,Excellent,Fast (50-100 Mbps),45,High,Daily,90.6,91.9,85.2,95.0,3,68,100.0,5,5,9044.0,90.6
523,29,3,Male,PhD,Married,Yes,Suburban,Sales,Mid-Level,Large (1001-5000),Technology,Good,Very Fast (100+ Mbps),38,Moderate,Daily,99.4,96.1,93.0,95.0,8,25,100.0,6,4,8996.5,397.6
524,35,5,Female,Professional Degree,Married,Yes,Suburban,Sales,Mid-Level,Large (1001-5000),Technology,Poor,Very Fast (100+ Mbps),35,Low,Daily,69.1,68.9,58.3,95.0,4,0,84.4,5,6,7181.999999999999,207.29999999999998
525,33,4,Female,Master Degree,Married,No,Urban,Product,Mid-Level,Medium (201-1000),Retail,Excellent,Fast (50-100 Mbps),43,Low,Weekly,69.9,68.4,67.1,79.7,2,31,78.4,5,10,5929.68,0.0
526,45,1,Male,Bachelor Degree,Divorced,Yes,Urban,Design,Senior,Medium (201-1000),Retail,Average,Very Fast (100+ Mbps),33,High,Daily,100.0,85.1,65.6,95.0,6,22,100.0,1,4,9310.0,700.0
527,37,1,Male,Associate Degree,Married,No,Suburban,Engineering,Lead,Large (1001-5000),Government,Excellent,Very Fast (100+ Mbps),45,High,Weekly,97.9,96.6,82.1,95.0,12,33,100.0,2,6,9310.0,783.2
528,38,3,Female,Bachelor Degree,In Relationship,Yes,Urban,Engineering,Junior,Small (51-200),Technology,Excellent,Very Fast (100+ Mbps),48,High,Monthly,84.0,92.9,87.8,95.0,5,25,100.0,7,5,9310.0,0.0
529,31,1,Female,Master Degree,Married,No,Urban,Design,Mid-Level,Medium (201-1000),Manufacturing,Good,Very Fast (100+ Mbps),30,High,Daily,98.9,97.9,84.2,95.0,10,11,100.0,4,9,9310.0,296.70000000000005
530,30,0,Female,Master Degree,Married,Yes,Urban,Sales,Junior,Medium (201-1000),Healthcare,Excellent,Very Fast (100+ Mbps),38,Moderate,Monthly,76.4,75.5,53.9,83.6,11,41,95.0,6,6,5760.04,0.0
531,31,4,Male,Master Degree,Married,No,Suburban,Engineering,Junior,Startup (1-50),Media,Poor,Moderate (25-50 Mbps),41,High,Daily,89.5,90.0,82.8,95.0,5,36,100.0,7,5,8749.5,0.0
532,38,0,Male,Master Degree,Single,Yes,Urban,Engineering,Mid-Level,Startup (1-50),Education,Excellent,Very Fast (100+ Mbps),41,Moderate,Few times per week,96.8,96.2,70.2,95.0,9,47,90.4,7,6,9310.0,290.4
533,31,4,Male,Associate Degree,Single,No,Suburban,Engineering,Junior,Large (1001-5000),Finance,Excellent,Fast (50-100 Mbps),36,Low,Weekly,84.1,73.7,57.1,78.1,1,10,89.4,6,4,5443.57,0.0
534,37,1,Female,Associate Degree,Married,Yes,Suburban,Finance,Senior,Medium (201-1000),Education,Excellent,Fast (50-100 Mbps),33,High,Weekly,100.0,91.5,92.0,95.0,10,22,100.0,6,6,8768.5,500.0
535,53,5,Male,High School,Married,No,Rural,Sales,Senior,Small (51-200),Consulting,Good,Very Fast (100+ Mbps),39,Moderate,Weekly,78.2,65.0,68.5,87.4,9,0,91.6,6,8,5768.400000000001,312.8
536,42,4,Male,Bachelor Degree,Married,Yes,Suburban,Marketing,Director,Medium (201-1000),Technology,Excellent,Moderate (25-50 Mbps),45,Very High,Few times per week,83.6,75.9,68.0,95.0,7,18,100.0,9,7,7666.5,1421.1999999999998
537,32,4,Female,Bachelor Degree,Married,No,Urban,Product,Mid-Level,Enterprise (5000+),Technology,Good,Moderate (25-50 Mbps),45,Very High,Bi-weekly,80.7,67.1,50.7,90.9,5,29,100.0,7,1,6226.650000000001,0.0
538,45,1,Female,Master Degree,Married,No,Suburban,Engineering,Senior,Medium (201-1000),Finance,Good,Very Fast (100+ Mbps),45,Very High,Weekly,82.2,90.2,64.3,93.0,7,39,100.0,5,6,7123.799999999999,822.0
539,31,5,Male,Master Degree,Married,No,Rural,Engineering,Mid-Level,Startup (1-50),Technology,Excellent,Slow (<25 Mbps),49,Very High,Daily,100.0,100.0,71.7,95.0,7,0,100.0,5,8,9310.0,400.0
540,22,4,Female,Bachelor Degree,Married,No,Suburban,Customer Success,Junior,Medium (201-1000),Finance,Excellent,Fast (50-100 Mbps),35,High,Bi-weekly,76.2,85.9,68.0,85.0,9,42,100.0,3,7,6298.499999999999,0.0
541,25,4,Female,Bachelor Degree,Single,Yes,Urban,HR,Junior,Medium (201-1000),Non-profit,Average,Very Fast (100+ Mbps),39,Moderate,Monthly,63.7,67.0,52.1,88.7,11,27,94.3,10,6,5694.540000000001,63.7
542,22,3,Male,Associate Degree,Married,Yes,Urban,Engineering,Junior,Startup (1-50),Education,Good,Fast (50-100 Mbps),40,Moderate,Few times per week,72.9,70.1,64.3,90.8,8,44,100.0,8,6,6083.599999999999,0.0
543,31,4,Male,Master Degree,Married,No,Rural,Sales,Mid-Level,Small (51-200),Retail,Good,Fast (50-100 Mbps),25,Very High,Weekly,53.2,61.9,39.8,67.7,11,44,81.8,2,7,3486.55,53.2
544,35,0,Male,Bachelor Degree,Married,Yes,Urban,Sales,Junior,Medium (201-1000),Retail,Average,Fast (50-100 Mbps),43,Low,Weekly,81.6,90.3,70.3,95.0,7,23,100.0,8,3,8255.5,81.6
545,50,3,Female,Bachelor Degree,Single,Yes,Urban,Operations,Lead,Medium (201-1000),Consulting,Average,Fast (50-100 Mbps),41,Moderate,Weekly,81.6,74.7,76.8,93.3,11,26,98.3,3,8,6708.27,489.59999999999997
546,37,4,Female,Master Degree,Single,Yes,Suburban,Engineering,Mid-Level,Small (51-200),Government,Average,Very Fast (100+ Mbps),35,Moderate,Daily,88.1,85.3,68.0,95.0,7,22,100.0,4,8,8113.000000000001,440.5
547,33,2,Male,Bachelor Degree,Married,Yes,Suburban,Marketing,Junior,Large (1001-5000),Education,Average,Slow (<25 Mbps),47,High,Few times per week,91.3,99.3,87.7,95.0,9,45,100.0,7,7,9158.0,91.3
548,42,1,Male,Bachelor Degree,Married,No,Urban,Engineering,Manager,Enterprise (5000+),Healthcare,Excellent,Moderate (25-50 Mbps),46,Very High,Monthly,96.0,100.0,83.2,95.0,10,45,100.0,7,10,9196.0,1536.0
549,22,3,Female,Master Degree,Single,No,Suburban,Customer Success,Mid-Level,Enterprise (5000+),Finance,Excellent,Fast (50-100 Mbps),44,Moderate,Daily,82.4,71.4,68.2,92.3,10,32,100.0,6,7,7005.570000000001,82.4
550,41,1,Female,Master Degree,Single,Yes,Suburban,Marketing,Senior,Medium (201-1000),Finance,Average,Fast (50-100 Mbps),36,High,Few times per week,92.0,82.3,93.2,95.0,10,37,100.0,6,6,9082.0,552.0
551,45,1,Female,Bachelor Degree,Single,No,Suburban,Engineering,Mid-Level,Large (1001-5000),Retail,Good,Moderate (25-50 Mbps),38,Very High,Daily,83.7,93.6,85.1,95.0,2,26,100.0,1,4,8664.0,418.5
552,38,4,Female,Master Degree,Married,No,Rural,Finance,Junior,Large (1001-5000),Education,Average,Moderate (25-50 Mbps),40,Moderate,Weekly,100.0,94.2,70.3,95.0,10,17,87.0,8,7,8987.0,100.0
553,31,0,Male,Bachelor Degree,Married,No,Suburban,HR,Mid-Level,Small (51-200),Technology,Good,Moderate (25-50 Mbps),35,Very High,Daily,92.7,86.1,83.6,95.0,7,20,100.0,5,6,8189.0,185.4
554,40,4,Male,Master Degree,Married,No,Rural,Finance,Mid-Level,Startup (1-50),Government,Good,Very Fast (100+ Mbps),43,Moderate,Few times per week,86.9,87.6,84.1,95.0,6,34,100.0,7,4,8550.0,521.4000000000001
555,55,2,Male,Master Degree,Married,Yes,Urban,HR,Manager,Enterprise (5000+),Finance,Good,Moderate (25-50 Mbps),51,Moderate,Few times per week,80.0,100.0,90.4,95.0,5,43,100.0,7,6,9310.0,1840.0
556,36,4,Female,Master Degree,Married,Yes,Urban,Engineering,Mid-Level,Enterprise (5000+),Healthcare,Excellent,Very Fast (100+ Mbps),43,High,Few times per week,99.6,100.0,95.0,95.0,12,26,100.0,2,8,9310.0,298.79999999999995
557,37,5,Female,Bachelor Degree,Married,Yes,Urban,Finance,Mid-Level,Medium (201-1000),Retail,Good,Very Fast (100+ Mbps),47,Very High,Daily,95.1,100.0,94.2,95.0,3,0,100.0,8,6,9310.0,95.1
558,30,1,Female,Bachelor Degree,Single,No,Suburban,Engineering,Mid-Level,Enterprise (5000+),Education,Excellent,Very Fast (100+ Mbps),47,Low,Weekly,83.8,60.0,88.3,95.0,8,24,95.3,5,5,7581.0,419.0
559,27,2,Male,Bachelor Degree,Married,No,Suburban,Engineering,Junior,Large (1001-5000),Finance,Average,Moderate (25-50 Mbps),39,Moderate,Weekly,48.3,57.3,64.3,80.4,5,40,100.0,8,7,4405.92,96.6
560,42,4,Male,Master Degree,Single,No,Urban,HR,Lead,Medium (201-1000),Manufacturing,Average,Moderate (25-50 Mbps),40,Moderate,Daily,96.2,100.0,82.2,95.0,5,33,99.7,6,8,9310.0,1250.6000000000001
561,27,2,Male,Bachelor Degree,Married,No,Urban,Product,Junior,Medium (201-1000),Technology,Good,Very Fast (100+ Mbps),50,Moderate,Few times per week,74.4,82.9,68.5,83.7,4,14,95.3,6,6,5959.4400000000005,74.4
562,35,2,Male,Bachelor Degree,Married,No,Urban,Finance,Junior,Medium (201-1000),Healthcare,Average,Very Fast (100+ Mbps),46,Low,Few times per week,72.2,79.6,64.8,95.0,7,47,95.0,3,3,7514.499999999999,144.4
563,30,4,Female,Associate Degree,Divorced,No,Suburban,Customer Success,Lead,Medium (201-1000),Technology,Good,Slow (<25 Mbps),47,Very High,Daily,94.3,85.3,80.4,95.0,5,6,100.0,5,9,8027.5,565.8
564,39,5,Female,Bachelor Degree,Married,No,Urban,Data Science,Senior,Enterprise (5000+),Education,Excellent,Fast (50-100 Mbps),42,Low,Bi-weekly,88.0,90.3,77.3,95.0,5,0,100.0,9,7,9139.0,440.0
565,38,3,Male,Associate Degree,Married,Yes,Urban,Engineering,Lead,Medium (201-1000),Technology,Excellent,Fast (50-100 Mbps),39,High,Few times per week,100.0,93.4,79.6,95.0,9,53,100.0,9,10,9310.0,1400.0
566,44,2,Male,Bachelor Degree,Married,Yes,Suburban,Data Science,Junior,Large (1001-5000),Manufacturing,Good,Fast (50-100 Mbps),40,Very High,Daily,83.6,87.2,71.2,95.0,9,32,100.0,10,7,7999.0,83.6
567,30,3,Female,Master Degree,Single,Yes,Urban,Operations,Senior,Large (1001-5000),Technology,Average,Fast (50-100 Mbps),50,Moderate,Daily,82.1,89.6,55.4,95.0,4,44,67.1,6,4,8217.5,328.4
568,32,1,Male,High School,Single,Yes,Suburban,Customer Success,Junior,Startup (1-50),Media,Poor,Slow (<25 Mbps),41,Very Low,Few times per week,49.0,68.9,62.4,78.0,10,33,95.6,8,6,4609.8,49.0
569,26,4,Female,Associate Degree,Married,No,Suburban,Finance,Junior,Startup (1-50),Consulting,Good,Very Fast (100+ Mbps),49,Very High,Daily,88.3,75.5,62.1,78.2,8,44,91.1,6,2,5505.280000000001,176.6
570,31,4,Male,Master Degree,Married,Yes,Suburban,Operations,Mid-Level,Large (1001-5000),Finance,Good,Very Fast (100+ Mbps),50,High,Daily,53.4,56.5,49.5,72.1,7,48,100.0,9,6,4059.2299999999996,267.0
571,38,5,Male,Master Degree,Single,No,Urban,Finance,Junior,Small (51-200),Finance,Good,Very Fast (100+ Mbps),47,Moderate,Daily,94.3,100.0,92.2,95.0,8,0,100.0,10,8,9310.0,94.3
572,41,0,Male,Bachelor Degree,Married,Yes,Rural,Sales,Senior,Large (1001-5000),Retail,Good,Very Fast (100+ Mbps),46,High,Few times per week,91.4,100.0,75.5,95.0,11,44,100.0,8,7,9310.0,639.8000000000001
573,26,3,Male,Associate Degree,Married,Yes,Suburban,Design,Mid-Level,Startup (1-50),Technology,Good,Fast (50-100 Mbps),52,Very Low,Daily,74.7,83.9,59.4,90.2,8,11,82.5,6,6,6972.46,0.0
574,42,2,Female,Master Degree,Married,No,Urban,Engineering,Senior,Medium (201-1000),Technology,Average,Moderate (25-50 Mbps),36,Moderate,Bi-weekly,100.0,97.7,71.8,95.0,11,18,100.0,10,8,9234.0,500.0
575,47,2,Male,Bachelor Degree,Married,No,Urban,Sales,Mid-Level,Startup (1-50),Technology,Average,Fast (50-100 Mbps),39,Moderate,Few times per week,96.3,100.0,92.5,95.0,5,41,100.0,10,4,9310.0,577.8
576,38,4,Male,High School,Married,Yes,Urban,Engineering,Manager,Small (51-200),Healthcare,Good,Slow (<25 Mbps),34,High,Weekly,98.4,100.0,94.8,95.0,11,26,100.0,6,7,9243.5,1279.2
577,51,1,Male,Bachelor Degree,Single,No,Suburban,Engineering,Manager,Startup (1-50),Technology,Good,Moderate (25-50 Mbps),33,High,Weekly,99.1,92.6,75.7,95.0,12,53,100.0,5,7,8835.0,2279.2999999999997
578,28,4,Male,Associate Degree,Single,Yes,Suburban,Engineering,Mid-Level,Enterprise (5000+),Technology,Poor,Fast (50-100 Mbps),41,Moderate,Few times per week,85.8,90.7,66.2,92.2,8,23,83.5,4,9,7385.219999999999,343.2
579,23,4,Male,Bachelor Degree,Married,No,Urban,Engineering,Junior,Medium (201-1000),Education,Average,Fast (50-100 Mbps),43,High,Weekly,84.0,79.0,90.4,95.0,6,31,100.0,7,4,8616.5,0.0
580,22,5,Female,Master Degree,Married,No,Urban,Marketing,Junior,Enterprise (5000+),Technology,Good,Fast (50-100 Mbps),45,Moderate,Few times per week,89.0,91.2,76.4,95.0,15,0,100.0,2,7,8474.0,89.0
581,48,4,Female,Master Degree,Married,Yes,Suburban,Marketing,Mid-Level,Enterprise (5000+),Technology,Good,Very Fast (100+ Mbps),37,High,Few times per week,74.4,63.5,48.7,85.9,8,25,100.0,7,2,5660.810000000001,148.8
582,40,4,Female,Bachelor Degree,Single,No,Suburban,Engineering,Lead,Enterprise (5000+),Media,Average,Fast (50-100 Mbps),39,High,Few times per week,97.7,100.0,95.0,95.0,9,31,100.0,2,7,9310.0,977.0
583,34,3,Male,Bachelor Degree,Married,No,Suburban,Engineering,Mid-Level,Medium (201-1000),Education,Good,Fast (50-100 Mbps),47,Low,Weekly,83.3,76.9,81.0,95.0,13,30,100.0,4,7,7685.500000000001,0.0
584,37,1,Male,Master Degree,Single,No,Suburban,Design,Junior,Large (1001-5000),Finance,Good,Fast (50-100 Mbps),33,Moderate,Few times per week,88.1,62.8,49.4,81.8,9,51,66.6,6,8,5349.72,176.2
585,24,3,Male,Bachelor Degree,Married,No,Suburban,Engineering,Junior,Small (51-200),Technology,Good,Fast (50-100 Mbps),42,Very High,Few times per week,100.0,87.4,78.5,95.0,6,30,100.0,3,5,9310.0,0.0
586,57,3,Male,Bachelor Degree,Married,Yes,Suburban,Sales,Mid-Level,Startup (1-50),Education,Average,Very Fast (100+ Mbps),49,Low,Daily,75.3,92.4,71.1,95.0,10,46,100.0,2,7,9139.0,376.5
587,36,4,Female,Master Degree,Married,No,Urban,Engineering,Lead,Large (1001-5000),Technology,Good,Fast (50-100 Mbps),40,Moderate,Few times per week,100.0,89.9,95.0,95.0,7,54,89.0,6,3,9310.0,600.0
588,35,4,Female,Master Degree,In Relationship,No,Urban,Engineering,Junior,Startup (1-50),Government,Good,Very Fast (100+ Mbps),39,Moderate,Daily,95.4,100.0,80.4,95.0,10,41,100.0,8,5,9310.0,95.4
589,41,3,Female,Bachelor Degree,Married,No,Suburban,Finance,Mid-Level,Enterprise (5000+),Retail,Average,Very Fast (100+ Mbps),49,High,Monthly,81.6,92.3,76.3,95.0,4,24,100.0,5,8,8493.0,734.4
590,39,2,Male,Master Degree,Married,Yes,Urban,Sales,Senior,Large (1001-5000),Non-profit,Average,Fast (50-100 Mbps),33,High,Few times per week,96.1,100.0,95.0,95.0,8,52,100.0,4,9,9310.0,864.9
591,37,1,Male,Bachelor Degree,Married,No,Urban,Marketing,Mid-Level,Medium (201-1000),Consulting,Average,Very Fast (100+ Mbps),37,Moderate,Daily,73.8,79.6,67.1,95.0,7,50,89.3,5,1,7239.0,295.2
592,27,4,Female,Bachelor Degree,Single,No,Suburban,Engineering,Senior,Startup (1-50),Healthcare,Excellent,Moderate (25-50 Mbps),37,High,Daily,89.8,97.0,76.4,95.0,8,15,100.0,7,4,9310.0,269.4
593,39,4,Male,High School,Divorced,No,Suburban,Finance,Lead,Large (1001-5000),Education,Good,Very Fast (100+ Mbps),46,Very High,Daily,89.9,100.0,80.9,95.0,8,54,100.0,2,5,9310.0,809.1
594,51,4,Female,Master Degree,Married,Yes,Rural,HR,Senior,Medium (201-1000),Consulting,Good,Fast (50-100 Mbps),32,High,Daily,100.0,90.9,80.1,95.0,12,43,100.0,2,6,9310.0,500.0
595,47,2,Female,Master Degree,Single,Yes,Suburban,Engineering,Lead,Large (1001-5000),Education,Excellent,Fast (50-100 Mbps),49,Very High,Bi-weekly,100.0,99.6,95.0,95.0,10,32,100.0,6,4,9310.0,1000.0
596,49,2,Female,Master Degree,Married,Yes,Rural,Engineering,Senior,Medium (201-1000),Technology,Average,Very Fast (100+ Mbps),41,Moderate,Bi-weekly,85.1,95.1,74.7,95.0,7,36,99.6,7,10,8540.5,510.59999999999997
597,30,4,Female,Bachelor Degree,Single,No,Urban,Engineering,Mid-Level,Startup (1-50),Healthcare,Average,Very Fast (100+ Mbps),48,Very High,Monthly,75.7,69.9,40.3,70.5,7,7,100.0,6,6,4653.0,302.8
598,26,4,Male,Associate Degree,In Relationship,No,Suburban,Finance,Junior,Small (51-200),Technology,Good,Fast (50-100 Mbps),49,High,Weekly,87.9,82.1,69.6,95.0,12,25,100.0,6,4,8189.0,175.8
599,33,3,Male,Bachelor Degree,Divorced,No,Urban,Engineering,Senior,Small (51-200),Retail,Excellent,Very Fast (100+ Mbps),37,Low,Few times per week,100.0,98.8,94.3,95.0,13,32,100.0,4,8,9310.0,400.0
600,35,4,Male,Bachelor Degree,Married,No,Urban,Marketing,Junior,Startup (1-50),Retail,Excellent,Very Fast (100+ Mbps),42,Moderate,Bi-weekly,100.0,80.3,85.5,94.5,5,22,93.1,6,7,8344.35,100.0
601,44,2,Female,Bachelor Degree,Single,No,Urban,Engineering,Mid-Level,Startup (1-50),Non-profit,Good,Fast (50-100 Mbps),40,High,Bi-weekly,79.3,89.8,67.7,95.0,8,12,100.0,5,9,7381.5,317.2
602,22,4,Male,PhD,Single,Yes,Suburban,Engineering,Junior,Small (51-200),Education,Excellent,Very Fast (100+ Mbps),41,Moderate,Bi-weekly,98.1,91.7,68.6,95.0,4,34,100.0,3,9,7780.500000000001,0.0
603,48,4,Female,Master Degree,Single,Yes,Urban,Engineering,Mid-Level,Large (1001-5000),Manufacturing,Good,Fast (50-100 Mbps),38,High,Bi-weekly,100.0,100.0,89.2,95.0,8,21,100.0,3,8,9310.0,400.0
604,33,4,Female,Bachelor Degree,Single,No,Suburban,Sales,Mid-Level,Medium (201-1000),Technology,Good,Moderate (25-50 Mbps),48,Very High,Weekly,68.5,71.0,50.9,83.7,4,13,100.0,6,7,5231.25,205.5
605,31,3,Female,High School,Married,No,Urban,Engineering,Mid-Level,Small (51-200),Finance,Average,Very Fast (100+ Mbps),40,Moderate,Daily,100.0,100.0,72.0,95.0,5,30,100.0,9,5,9025.0,400.0
606,25,3,Male,High School,In Relationship,No,Urban,Sales,Mid-Level,Medium (201-1000),Media,Excellent,Very Fast (100+ Mbps),39,Moderate,Few times per week,76.6,75.0,69.0,95.0,3,8,100.0,3,6,7581.0,0.0
607,22,4,Male,Master Degree,Married,No,Suburban,Operations,Junior,Medium (201-1000),Manufacturing,Good,Very Fast (100+ Mbps),48,Low,Few times per week,46.4,75.2,49.1,95.0,6,26,75.1,6,6,6222.5,0.0
608,42,4,Female,Master Degree,Married,No,Rural,Sales,Junior,Medium (201-1000),Education,Average,Fast (50-100 Mbps),47,Moderate,Few times per week,61.7,65.9,51.1,72.6,15,43,63.1,4,10,4072.8599999999997,123.4
609,35,3,Female,Master Degree,Married,Yes,Urban,Finance,Lead,Medium (201-1000),Technology,Good,Very Fast (100+ Mbps),43,Low,Weekly,100.0,96.3,67.6,95.0,8,38,100.0,5,5,9310.0,700.0
610,23,4,Female,Bachelor Degree,Divorced,No,Suburban,HR,Junior,Small (51-200),Retail,Excellent,Very Fast (100+ Mbps),39,Very Low,Weekly,81.5,73.7,54.7,77.0,9,32,73.3,4,6,5243.7,0.0
611,23,1,Male,High School,Single,No,Rural,Finance,Junior,Startup (1-50),Media,Excellent,Very Fast (100+ Mbps),50,Moderate,Few times per week,77.7,86.1,83.7,95.0,10,36,94.8,6,7,8740.0,0.0
612,31,5,Female,PhD,Married,No,Suburban,Design,Mid-Level,Medium (201-1000),Technology,Average,Very Fast (100+ Mbps),35,Low,Daily,100.0,100.0,95.0,95.0,11,0,91.4,2,6,9310.0,500.0
613,50,4,Female,Professional Degree,Married,Yes,Suburban,Engineering,Senior,Small (51-200),Retail,Average,Fast (50-100 Mbps),48,Moderate,Few times per week,100.0,100.0,76.4,95.0,7,0,100.0,7,4,9310.0,900.0
614,32,2,Male,Bachelor Degree,Divorced,No,Urban,Engineering,Mid-Level,Medium (201-1000),Finance,Average,Very Fast (100+ Mbps),45,Very High,Daily,100.0,90.7,81.0,95.0,11,28,100.0,6,9,9310.0,400.0
615,22,3,Female,Associate Degree,In Relationship,Yes,Suburban,Operations,Junior,Large (1001-5000),Technology,Excellent,Very Fast (100+ Mbps),34,High,Daily,100.0,100.0,92.0,95.0,9,25,100.0,5,8,9310.0,100.0
616,32,0,Female,Bachelor Degree,Married,Yes,Urban,Operations,Senior,Medium (201-1000),Manufacturing,Average,Very Fast (100+ Mbps),42,Very High,Few times per week,100.0,100.0,79.2,95.0,5,50,100.0,4,5,9310.0,500.0
617,32,0,Male,Master Degree,Single,No,Suburban,Marketing,Junior,Large (1001-5000),Technology,Average,Very Fast (100+ Mbps),34,Low,Daily,59.0,69.7,45.1,76.8,4,17,100.0,6,6,4746.24,118.0
618,22,2,Male,Master Degree,Married,Yes,Suburban,Engineering,Junior,Large (1001-5000),Technology,Excellent,Very Fast (100+ Mbps),39,Moderate,Daily,71.0,72.9,60.9,79.8,11,45,82.8,9,8,5266.8,0.0
619,34,4,Female,Master Degree,Single,No,Suburban,Operations,Junior,Small (51-200),Manufacturing,Poor,Very Fast (100+ Mbps),43,Moderate,Few times per week,59.5,65.6,63.8,87.7,3,34,99.9,7,10,5542.64,119.0
620,32,5,Male,Associate Degree,Married,Yes,Urban,Design,Senior,Enterprise (5000+),Retail,Good,Very Fast (100+ Mbps),35,High,Weekly,100.0,100.0,91.1,95.0,9,0,100.0,5,4,9101.0,500.0
621,41,3,Female,Associate Degree,Married,No,Rural,Sales,Lead,Startup (1-50),Technology,Average,Fast (50-100 Mbps),27,High,Daily,64.5,73.0,63.0,95.0,12,26,100.0,7,7,7590.500000000001,387.0
622,51,3,Female,Associate Degree,Married,No,Suburban,Data Science,Manager,Enterprise (5000+),Government,Average,Very Fast (100+ Mbps),41,Very High,Weekly,86.2,95.6,71.1,95.0,15,38,100.0,6,8,9310.0,2068.8
623,45,3,Female,Master Degree,In Relationship,Yes,Rural,Sales,Lead,Small (51-200),Technology,Good,Fast (50-100 Mbps),43,Low,Few times per week,67.8,67.2,59.6,80.8,8,6,95.6,2,2,4864.16,1017.0
624,32,1,Female,Bachelor Degree,Married,No,Suburban,Engineering,Junior,Small (51-200),Non-profit,Good,Very Fast (100+ Mbps),39,Low,Daily,61.1,69.0,45.0,82.6,5,16,68.1,6,8,4807.32,0.0
625,25,1,Male,Master Degree,Married,No,Urban,Sales,Junior,Medium (201-1000),Retail,Good,Fast (50-100 Mbps),41,Moderate,Few times per week,48.2,69.8,56.9,71.0,9,37,91.6,4,8,4465.9,48.2
626,58,4,Male,Associate Degree,Single,No,Suburban,Marketing,Mid-Level,Enterprise (5000+),Finance,Average,Very Fast (100+ Mbps),40,Very High,Monthly,100.0,97.6,94.0,95.0,4,14,100.0,5,9,9310.0,400.0
627,35,5,Female,PhD,Divorced,No,Suburban,Operations,Mid-Level,Small (51-200),Technology,Good,Moderate (25-50 Mbps),35,Very High,Few times per week,98.5,100.0,61.2,95.0,4,0,100.0,6,3,9215.0,394.0
628,35,3,Male,Master Degree,Single,No,Urban,Marketing,Junior,Large (1001-5000),Finance,Average,Fast (50-100 Mbps),53,High,Weekly,88.1,85.4,74.2,95.0,7,23,100.0,7,4,8265.0,176.2
629,34,4,Female,Bachelor Degree,Single,Yes,Suburban,Marketing,Mid-Level,Large (1001-5000),Technology,Excellent,Very Fast (100+ Mbps),43,High,Weekly,78.1,80.3,70.4,95.0,5,42,100.0,6,6,7429.0,312.4
630,36,5,Female,Master Degree,Single,Yes,Suburban,Engineering,Senior,Small (51-200),Education,Average,Very Fast (100+ Mbps),39,Moderate,Weekly,66.4,67.7,50.7,77.2,5,0,91.8,5,9,4894.4800000000005,730.4000000000001
631,33,1,Male,Bachelor Degree,Married,Yes,Suburban,Engineering,Junior,Medium (201-1000),Finance,Good,Fast (50-100 Mbps),37,High,Daily,55.8,71.1,61.3,95.0,8,0,100.0,7,9,6336.5,279.0
632,29,4,Male,Bachelor Degree,Single,No,Urban,Sales,Junior,Medium (201-1000),Technology,Excellent,Moderate (25-50 Mbps),39,Moderate,Weekly,40.3,50.0,47.5,70.6,13,60,66.0,4,7,2908.72,40.3
633,30,4,Female,Bachelor Degree,In Relationship,No,Suburban,Data Science,Junior,Small (51-200),Manufacturing,Average,Very Fast (100+ Mbps),39,Moderate,Bi-weekly,51.0,59.5,42.4,68.5,9,34,80.3,8,6,3781.2000000000003,51.0
634,34,3,Female,Master Degree,In Relationship,No,Urban,Sales,Mid-Level,Large (1001-5000),Technology,Excellent,Fast (50-100 Mbps),42,High,Weekly,92.5,98.2,95.0,95.0,10,26,100.0,4,5,9310.0,647.5
635,30,2,Male,Master Degree,In Relationship,No,Suburban,Product,Senior,Enterprise (5000+),Education,Excellent,Very Fast (100+ Mbps),48,High,Weekly,89.8,95.7,91.7,95.0,8,27,100.0,6,6,9310.0,269.4
636,28,4,Female,Bachelor Degree,Single,No,Urban,Sales,Mid-Level,Large (1001-5000),Technology,Excellent,Very Fast (100+ Mbps),37,Low,Few times per week,55.9,65.3,38.8,79.8,12,31,92.2,4,5,5043.36,223.6
637,35,4,Female,Master Degree,In Relationship,Yes,Urban,Engineering,Mid-Level,Enterprise (5000+),Retail,Good,Very Fast (100+ Mbps),43,High,Daily,71.1,100.0,83.1,95.0,4,18,100.0,5,8,8284.0,426.59999999999997
638,48,3,Male,Master Degree,In Relationship,No,Urban,Engineering,Lead,Startup (1-50),Manufacturing,Average,Very Fast (100+ Mbps),37,High,Few times per week,100.0,100.0,81.2,95.0,7,25,100.0,5,7,9310.0,1300.0
639,22,1,Male,Bachelor Degree,Married,Yes,Urban,Data Science,Junior,Large (1001-5000),Technology,Average,Very Fast (100+ Mbps),37,Moderate,Bi-weekly,81.3,82.2,66.3,95.0,9,26,89.5,9,7,7885.0,81.3
640,44,5,Female,Bachelor Degree,Married,No,Rural,Finance,Mid-Level,Large (1001-5000),Technology,Good,Fast (50-100 Mbps),32,High,Monthly,93.9,93.9,88.7,95.0,4,0,100.0,4,7,9310.0,751.2
641,46,3,Female,Master Degree,Single,Yes,Suburban,Design,Lead,Startup (1-50),Technology,Good,Fast (50-100 Mbps),52,Moderate,Weekly,96.5,92.0,90.8,95.0,8,28,100.0,4,8,9310.0,1061.5
642,22,4,Male,High School,Divorced,Yes,Suburban,Customer Success,Junior,Small (51-200),Technology,Excellent,Very Fast (100+ Mbps),45,Moderate,Monthly,57.1,62.6,53.3,73.7,6,16,100.0,6,8,4259.86,57.1
643,31,2,Female,Bachelor Degree,Single,No,Rural,Operations,Junior,Large (1001-5000),Technology,Average,Moderate (25-50 Mbps),38,Very High,Daily,100.0,86.6,72.9,95.0,6,42,100.0,9,5,8303.0,100.0
644,31,1,Female,Master Degree,Married,Yes,Rural,Finance,Senior,Startup (1-50),Healthcare,Good,Very Fast (100+ Mbps),38,Very High,Bi-weekly,78.9,74.3,85.5,95.0,11,48,100.0,6,5,6963.5,236.70000000000002
645,22,0,Male,Bachelor Degree,In Relationship,No,Rural,Operations,Mid-Level,Small (51-200),Education,Excellent,Very Fast (100+ Mbps),35,Low,Daily,63.3,67.9,47.3,90.3,11,74,68.0,9,3,5210.31,0.0
646,27,2,Female,PhD,Married,Yes,Urban,Finance,Junior,Large (1001-5000),Consulting,Excellent,Fast (50-100 Mbps),42,Very High,Daily,83.6,69.5,59.1,76.4,4,37,100.0,4,3,4988.92,0.0
647,25,2,Female,High School,Single,No,Suburban,Engineering,Junior,Enterprise (5000+),Finance,Good,Fast (50-100 Mbps),39,Moderate,Few times per week,96.4,83.1,77.9,95.0,8,80,100.0,1,8,9310.0,96.4
648,50,3,Male,PhD,In Relationship,No,Suburban,Sales,Lead,Large (1001-5000),Healthcare,Average,Moderate (25-50 Mbps),36,Moderate,Few times per week,96.2,100.0,91.6,95.0,4,33,100.0,5,5,9310.0,962.0
649,43,0,Male,Bachelor Degree,In Relationship,No,Suburban,Operations,Senior,Large (1001-5000),Non-profit,Excellent,Very Fast (100+ Mbps),37,High,Bi-weekly,100.0,90.2,73.0,95.0,6,39,100.0,6,8,9310.0,700.0
650,46,3,Female,High School,Single,No,Suburban,Engineering,Senior,Small (51-200),Healthcare,Good,Very Fast (100+ Mbps),46,High,Few times per week,91.9,87.8,78.6,95.0,5,12,100.0,6,10,8217.5,275.70000000000005
651,41,3,Male,Bachelor Degree,Divorced,Yes,Urban,Marketing,Mid-Level,Large (1001-5000),Education,Excellent,Fast (50-100 Mbps),39,Very High,Bi-weekly,97.4,88.8,79.1,95.0,8,21,100.0,4,5,7904.0,974.0
652,24,3,Male,Master Degree,Married,Yes,Rural,Customer Success,Junior,Startup (1-50),Non-profit,Poor,Very Fast (100+ Mbps),34,Moderate,Daily,73.7,95.7,71.8,95.0,9,41,100.0,7,6,8559.5,73.7
653,30,4,Female,Master Degree,Married,Yes,Suburban,Marketing,Junior,Enterprise (5000+),Non-profit,Average,Very Fast (100+ Mbps),42,Moderate,Weekly,96.5,93.2,95.0,95.0,6,8,100.0,8,7,9205.5,96.5
654,39,4,Female,Bachelor Degree,Single,No,Urban,Operations,Mid-Level,Medium (201-1000),Finance,Excellent,Fast (50-100 Mbps),37,Low,Weekly,93.4,89.7,75.5,95.0,3,13,100.0,7,9,9148.5,467.0
655,24,5,Female,Bachelor Degree,Single,No,Urban,Engineering,Junior,Medium (201-1000),Education,Excellent,Very Fast (100+ Mbps),45,Moderate,Weekly,60.7,82.9,60.6,85.9,8,0,95.7,7,4,6330.830000000001,0.0
656,41,1,Female,Master Degree,Single,Yes,Suburban,Customer Success,Lead,Large (1001-5000),Healthcare,Average,Very Fast (100+ Mbps),51,Moderate,Few times per week,100.0,100.0,84.0,95.0,6,34,100.0,5,8,9310.0,1100.0
657,32,3,Male,Bachelor Degree,Single,No,Urban,Sales,Junior,Startup (1-50),Retail,Excellent,Very Fast (100+ Mbps),30,Very High,Weekly,98.4,100.0,80.6,95.0,7,23,100.0,6,10,9310.0,0.0
658,31,3,Male,Master Degree,In Relationship,Yes,Urban,Design,Junior,Enterprise (5000+),Government,Poor,Very Fast (100+ Mbps),37,Moderate,Few times per week,67.1,75.1,77.9,90.6,7,41,100.0,2,7,6813.12,134.2
659,41,3,Male,High School,Married,Yes,Rural,Data Science,Senior,Small (51-200),Finance,Good,Very Fast (100+ Mbps),42,High,Weekly,100.0,100.0,60.4,95.0,6,43,100.0,5,4,9310.0,1100.0
660,38,4,Male,Master Degree,Divorced,No,Urban,Product,Mid-Level,Small (51-200),Consulting,Excellent,Fast (50-100 Mbps),41,High,Few times per week,80.3,86.0,95.0,95.0,4,7,100.0,8,6,8417.0,401.5
661,31,3,Female,Master Degree,Married,Yes,Suburban,Engineering,Junior,Startup (1-50),Education,Average,Very Fast (100+ Mbps),49,Moderate,Daily,100.0,100.0,81.0,95.0,11,37,100.0,7,10,9110.5,400.0
662,45,3,Female,Professional Degree,Single,No,Suburban,Sales,Mid-Level,Large (1001-5000),Technology,Good,Moderate (25-50 Mbps),41,Moderate,Daily,77.7,73.5,48.5,84.3,16,17,88.8,9,4,5546.94,466.20000000000005
663,25,3,Female,Master Degree,In Relationship,No,Suburban,Design,Junior,Large (1001-5000),Manufacturing,Poor,Very Fast (100+ Mbps),43,High,Few times per week,68.8,88.2,73.8,92.8,2,29,100.0,9,6,7201.279999999999,0.0
664,40,5,Male,Bachelor Degree,Divorced,No,Urban,Customer Success,Lead,Startup (1-50),Finance,Average,Moderate (25-50 Mbps),44,Moderate,Bi-weekly,65.8,91.6,73.2,90.4,4,0,91.5,9,4,7078.320000000001,987.0
665,40,5,Male,Associate Degree,Married,No,Suburban,Product,Senior,Startup (1-50),Technology,Good,Very Fast (100+ Mbps),37,High,Few times per week,66.3,76.9,56.4,95.0,10,0,100.0,4,9,6906.5,198.89999999999998
666,32,2,Female,Master Degree,Single,No,Urban,Operations,Junior,Enterprise (5000+),Non-profit,Average,Very Fast (100+ Mbps),45,Low,Weekly,68.8,79.2,53.3,95.0,6,33,71.5,3,7,7172.5,0.0
667,37,1,Male,Bachelor Degree,Married,No,Urban,Marketing,Junior,Startup (1-50),Finance,Average,Very Fast (100+ Mbps),44,Very High,Few times per week,100.0,95.6,81.8,95.0,7,50,100.0,8,9,9310.0,100.0
668,23,4,Male,Master Degree,Married,Yes,Suburban,Engineering,Mid-Level,Medium (201-1000),Healthcare,Good,Very Fast (100+ Mbps),42,Very High,Monthly,92.2,97.5,81.8,95.0,5,0,100.0,5,9,9310.0,0.0
669,43,5,Female,Master Degree,Divorced,No,Rural,Customer Success,Mid-Level,Medium (201-1000),Manufacturing,Good,Fast (50-100 Mbps),30,Moderate,Few times per week,75.0,77.4,73.6,94.9,7,0,71.1,5,6,7174.44,300.0
670,33,2,Male,Bachelor Degree,Single,Yes,Suburban,HR,Junior,Large (1001-5000),Government,Excellent,Very Fast (100+ Mbps),37,Moderate,Daily,68.5,71.7,62.7,86.5,8,28,100.0,6,9,6279.9,68.5
671,30,2,Male,Bachelor Degree,Single,Yes,Urban,Engineering,Junior,Medium (201-1000),Consulting,Good,Fast (50-100 Mbps),43,Moderate,Weekly,62.8,70.3,63.4,95.0,6,65,100.0,6,1,7429.0,0.0
672,44,5,Female,Bachelor Degree,Married,No,Urban,Engineering,Senior,Medium (201-1000),Healthcare,Average,Very Fast (100+ Mbps),41,Moderate,Weekly,100.0,100.0,80.0,95.0,4,0,100.0,4,4,9310.0,800.0
673,28,4,Male,Bachelor Degree,Married,No,Urban,Operations,Mid-Level,Enterprise (5000+),Healthcare,Good,Fast (50-100 Mbps),46,Low,Few times per week,75.3,64.5,59.8,73.0,12,23,92.2,8,8,5000.5,150.6
674,22,2,Female,High School,Single,Yes,Suburban,Finance,Mid-Level,Small (51-200),Technology,Good,Fast (50-100 Mbps),46,Moderate,Daily,74.3,79.5,61.5,95.0,9,0,78.0,8,7,7695.0,0.0
675,22,3,Male,Bachelor Degree,Married,Yes,Urban,Engineering,Junior,Small (51-200),Healthcare,Average,Very Fast (100+ Mbps),44,Moderate,Daily,72.3,74.2,73.4,79.5,7,14,74.9,7,10,5779.650000000001,0.0
676,40,5,Male,Bachelor Degree,Married,Yes,Suburban,Engineering,Senior,Startup (1-50),Government,Excellent,Moderate (25-50 Mbps),46,Moderate,Few times per week,93.4,100.0,72.7,95.0,10,0,100.0,2,8,9310.0,840.6
677,23,4,Male,Bachelor Degree,Married,Yes,Urban,Engineering,Mid-Level,Enterprise (5000+),Retail,Good,Fast (50-100 Mbps),45,Low,Weekly,100.0,96.7,76.8,95.0,7,40,80.8,3,7,8844.5,0.0
678,50,4,Female,Associate Degree,Married,No,Urban,Engineering,Mid-Level,Large (1001-5000),Technology,Average,Slow (<25 Mbps),38,High,Few times per week,100.0,100.0,81.3,95.0,9,8,100.0,5,9,9310.0,0.0
679,22,4,Female,Bachelor Degree,Married,Yes,Suburban,Design,Junior,Startup (1-50),Technology,Good,Very Fast (100+ Mbps),41,Moderate,Few times per week,89.1,83.5,73.3,93.8,4,17,78.4,6,6,7522.76,0.0
680,36,4,Female,Master Degree,In Relationship,No,Suburban,HR,Mid-Level,Medium (201-1000),Consulting,Good,Moderate (25-50 Mbps),50,Very High,Daily,41.9,61.2,46.9,68.5,14,29,100.0,3,7,3582.5499999999997,167.6
681,34,2,Female,Bachelor Degree,Single,No,Rural,Customer Success,Junior,Enterprise (5000+),Healthcare,Average,Fast (50-100 Mbps),34,Moderate,Weekly,97.8,100.0,84.5,95.0,10,8,100.0,9,5,9310.0,195.6
682,30,5,Male,Bachelor Degree,Single,No,Urban,Sales,Junior,Small (51-200),Education,Good,Fast (50-100 Mbps),29,Very High,Weekly,100.0,100.0,78.3,95.0,7,0,100.0,6,5,9310.0,0.0
683,38,2,Male,Master Degree,In Relationship,Yes,Urban,HR,Mid-Level,Large (1001-5000),Technology,Excellent,Slow (<25 Mbps),54,High,Daily,98.8,100.0,76.5,95.0,8,0,100.0,5,5,9310.0,98.8
684,34,5,Male,PhD,Married,Yes,Rural,Data Science,Senior,Medium (201-1000),Manufacturing,Excellent,Slow (<25 Mbps),41,Low,Daily,97.8,100.0,76.0,95.0,10,0,100.0,4,7,9310.0,391.2
685,44,2,Male,Associate Degree,Married,No,Suburban,Finance,Manager,Startup (1-50),Education,Average,Fast (50-100 Mbps),47,Very High,Daily,91.9,90.3,77.5,95.0,13,21,100.0,9,2,8683.0,1470.4
686,36,3,Male,Bachelor Degree,Married,Yes,Rural,Sales,Junior,Large (1001-5000),Retail,Good,Very Fast (100+ Mbps),46,Moderate,Monthly,59.1,66.2,58.7,86.5,3,28,100.0,5,8,5760.9,59.1
687,36,1,Male,Bachelor Degree,Married,No,Urban,Finance,Senior,Startup (1-50),Finance,Average,Moderate (25-50 Mbps),48,High,Few times per week,84.4,74.8,62.8,93.9,10,40,100.0,3,7,6704.460000000001,844.0
688,31,4,Male,Bachelor Degree,Married,Yes,Urban,Product,Mid-Level,Large (1001-5000),Finance,Good,Very Fast (100+ Mbps),45,Moderate,Few times per week,84.7,69.6,65.1,95.0,8,43,97.8,6,5,7239.0,423.5
689,34,4,Male,PhD,Married,Yes,Urban,Engineering,Junior,Large (1001-5000),Technology,Good,Very Fast (100+ Mbps),45,High,Few times per week,69.0,71.1,67.5,71.2,9,0,100.0,5,4,4307.6,0.0
690,37,4,Male,Master Degree,Married,Yes,Urban,Engineering,Senior,Medium (201-1000),Government,Average,Slow (<25 Mbps),27,High,Monthly,81.2,87.3,77.8,95.0,10,32,100.0,8,8,8065.500000000001,730.8000000000001
691,22,3,Female,Master Degree,Single,Yes,Suburban,Product,Junior,Startup (1-50),Government,Excellent,Moderate (25-50 Mbps),36,Low,Weekly,56.2,64.7,62.8,76.3,4,17,66.1,6,6,4951.87,0.0
692,22,0,Female,Bachelor Degree,In Relationship,No,Urban,Design,Junior,Enterprise (5000+),Consulting,Excellent,Moderate (25-50 Mbps),26,High,Daily,85.2,91.2,79.3,95.0,13,31,100.0,3,6,8426.5,85.2
693,41,5,Male,Master Degree,Married,Yes,Suburban,Marketing,Junior,Small (51-200),Government,Good,Fast (50-100 Mbps),37,High,Few times per week,73.8,72.5,65.7,93.4,7,0,100.0,7,6,6304.5,221.39999999999998
694,36,4,Male,High School,Married,No,Urban,Sales,Senior,Medium (201-1000),Education,Excellent,Very Fast (100+ Mbps),38,High,Weekly,98.5,98.2,87.6,95.0,12,33,100.0,5,6,9310.0,492.5
695,33,4,Male,Bachelor Degree,Divorced,No,Suburban,Sales,Mid-Level,Large (1001-5000),Technology,Good,Slow (<25 Mbps),41,Very High,Few times per week,88.4,92.1,73.0,95.0,8,46,100.0,5,6,8246.0,530.4000000000001
696,35,4,Female,Bachelor Degree,Married,No,Urban,Marketing,Junior,Enterprise (5000+),Manufacturing,Poor,Very Fast (100+ Mbps),36,High,Daily,97.6,97.0,63.4,95.0,9,24,100.0,7,7,9310.0,390.4
697,38,4,Male,Bachelor Degree,Married,No,Urban,Design,Senior,Medium (201-1000),Finance,Average,Fast (50-100 Mbps),39,Very High,Monthly,77.8,91.5,52.7,94.7,10,26,100.0,3,6,7708.580000000001,622.4
698,30,3,Female,Bachelor Degree,In Relationship,No,Suburban,Engineering,Mid-Level,Small (51-200),Finance,Good,Fast (50-100 Mbps),38,Moderate,Bi-weekly,88.3,96.8,95.0,95.0,5,33,100.0,9,10,9120.0,176.6
699,27,4,Female,Master Degree,Married,Yes,Urban,Sales,Junior,Large (1001-5000),Technology,Average,Very Fast (100+ Mbps),44,Moderate,Bi-weekly,40.0,57.0,40.1,67.1,9,28,72.9,7,6,2704.1299999999997,0.0
700,36,4,Male,Associate Degree,Married,No,Suburban,Product,Mid-Level,Small (51-200),Finance,Excellent,Very Fast (100+ Mbps),46,Moderate,Daily,63.6,73.9,68.8,84.2,7,35,85.8,4,5,5574.040000000001,445.2
701,26,5,Male,Associate Degree,Divorced,Yes,Suburban,Sales,Junior,Startup (1-50),Retail,Good,Very Fast (100+ Mbps),43,Moderate,Daily,98.2,92.1,89.9,95.0,8,0,85.6,2,10,9310.0,98.2
702,38,4,Male,Bachelor Degree,Single,Yes,Suburban,HR,Mid-Level,Enterprise (5000+),Technology,Good,Fast (50-100 Mbps),45,Very High,Few times per week,90.7,94.3,81.8,95.0,11,57,100.0,6,5,8654.5,362.8
703,22,0,Female,Bachelor Degree,Single,No,Suburban,Sales,Junior,Medium (201-1000),Technology,Good,Very Fast (100+ Mbps),43,Low,Weekly,52.0,62.6,47.2,66.2,6,94,80.2,5,7,4157.36,0.0
704,44,2,Female,Master Degree,Divorced,No,Suburban,Customer Success,Junior,Startup (1-50),Retail,Excellent,Very Fast (100+ Mbps),49,High,Weekly,78.9,82.0,60.8,95.0,9,34,100.0,2,8,7742.5,157.8
705,39,0,Female,Master Degree,Divorced,Yes,Rural,Data Science,Junior,Medium (201-1000),Manufacturing,Average,Fast (50-100 Mbps),53,Very Low,Weekly,62.0,57.6,38.9,63.1,16,72,76.8,6,1,3180.24,124.0
706,37,1,Female,Master Degree,In Relationship,Yes,Rural,Sales,Lead,Startup (1-50),Healthcare,Average,Fast (50-100 Mbps),27,Very High,Bi-weekly,100.0,92.3,77.3,95.0,8,27,100.0,5,5,8388.5,800.0
707,43,4,Female,Bachelor Degree,Single,No,Suburban,Customer Success,Mid-Level,Startup (1-50),Technology,Average,Very Fast (100+ Mbps),48,Low,Weekly,60.2,66.3,63.8,90.4,6,13,73.7,5,7,6111.04,240.8
708,49,5,Female,Master Degree,Single,No,Suburban,Data Science,Senior,Startup (1-50),Finance,Excellent,Fast (50-100 Mbps),34,Moderate,Daily,89.1,100.0,95.0,95.0,9,0,81.0,4,6,9310.0,801.9
709,44,1,Male,Master Degree,Single,Yes,Suburban,Data Science,Mid-Level,Large (1001-5000),Manufacturing,Good,Very Fast (100+ Mbps),43,Very High,Daily,88.9,98.8,79.0,95.0,5,0,100.0,3,3,8730.5,355.6
710,22,3,Male,Bachelor Degree,Married,No,Urban,Marketing,Mid-Level,Large (1001-5000),Retail,Average,Very Fast (100+ Mbps),43,Very Low,Few times per week,42.2,50.0,52.7,62.1,1,27,65.6,3,6,2403.2700000000004,0.0
711,23,5,Male,Bachelor Degree,Married,No,Rural,Marketing,Junior,Medium (201-1000),Technology,Good,Very Fast (100+ Mbps),45,Very High,Daily,40.0,50.0,37.5,54.7,7,0,100.0,8,3,1914.5,0.0
712,29,4,Female,Master Degree,Married,No,Suburban,Sales,Junior,Small (51-200),Government,Good,Fast (50-100 Mbps),41,Moderate,Daily,79.8,86.8,57.0,94.4,6,21,87.4,6,5,7514.24,79.8
713,35,3,Male,High School,Single,No,Urban,Sales,Mid-Level,Large (1001-5000),Technology,Average,Very Fast (100+ Mbps),41,Low,Weekly,67.0,81.9,60.7,95.0,8,26,100.0,6,8,7096.5,201.0
714,39,4,Female,Bachelor Degree,Married,Yes,Urban,Marketing,Senior,Medium (201-1000),Technology,Good,Very Fast (100+ Mbps),44,Very High,Daily,94.0,100.0,84.7,95.0,8,26,100.0,7,4,8911.0,752.0
715,28,3,Male,Associate Degree,Married,No,Urban,Engineering,Senior,Medium (201-1000),Healthcare,Good,Very Fast (100+ Mbps),39,High,Weekly,79.8,73.6,69.7,83.5,13,26,100.0,5,7,6396.099999999999,239.39999999999998
716,36,1,Female,High School,Single,Yes,Urban,Finance,Lead,Large (1001-5000),Finance,Good,Moderate (25-50 Mbps),30,Moderate,Weekly,90.9,94.8,90.7,95.0,6,39,100.0,8,10,9310.0,545.4000000000001
717,28,1,Male,Associate Degree,Divorced,Yes,Urban,Marketing,Junior,Medium (201-1000),Non-profit,Good,Moderate (25-50 Mbps),41,Moderate,Daily,40.0,52.9,30.0,60.6,10,0,80.4,4,5,2545.2000000000003,40.0
718,29,1,Male,Bachelor Degree,Single,No,Urban,Product,Mid-Level,Medium (201-1000),Technology,Average,Very Fast (100+ Mbps),37,Low,Daily,40.0,50.0,41.1,63.4,9,12,72.2,8,5,2827.64,120.0
719,22,2,Female,Master Degree,Married,Yes,Urban,Customer Success,Junior,Enterprise (5000+),Finance,Good,Very Fast (100+ Mbps),36,Moderate,Daily,90.7,83.7,80.5,95.0,6,38,100.0,2,10,8417.0,90.7
720,26,5,Male,Bachelor Degree,Divorced,No,Suburban,Sales,Junior,Medium (201-1000),Finance,Good,Moderate (25-50 Mbps),36,High,Daily,75.8,57.7,45.8,74.0,6,0,100.0,4,7,4218.0,0.0
721,26,3,Male,Bachelor Degree,Single,No,Urban,HR,Mid-Level,Medium (201-1000),Technology,Excellent,Very Fast (100+ Mbps),39,Low,Weekly,88.9,90.8,62.1,95.0,9,33,100.0,3,8,8056.0,266.70000000000005
722,44,3,Male,PhD,Married,No,Suburban,Engineering,Mid-Level,Small (51-200),Technology,Good,Very Fast (100+ Mbps),42,High,Few times per week,86.5,88.6,79.2,95.0,6,17,100.0,4,8,8502.5,865.0
723,26,2,Female,PhD,Divorced,Yes,Rural,Engineering,Junior,Large (1001-5000),Technology,Excellent,Slow (<25 Mbps),46,Very High,Few times per week,55.4,69.4,59.0,70.9,9,28,97.3,2,10,3871.1400000000003,55.4
724,58,4,Female,Master Degree,Married,Yes,Suburban,Customer Success,Manager,Large (1001-5000),Healthcare,Average,Fast (50-100 Mbps),38,High,Few times per week,91.1,98.1,95.0,95.0,10,29,100.0,6,5,9167.5,1913.1
725,39,4,Male,PhD,Married,No,Urban,Engineering,Mid-Level,Small (51-200),Manufacturing,Good,Very Fast (100+ Mbps),51,Low,Few times per week,94.8,95.3,75.4,94.0,11,37,100.0,5,6,8234.4,379.2
726,36,2,Female,Master Degree,In Relationship,No,Suburban,Product,Senior,Startup (1-50),Retail,Good,Very Fast (100+ Mbps),45,Very High,Daily,80.5,75.7,49.6,95.0,7,46,100.0,6,7,7552.5,402.5
727,27,0,Female,Master Degree,In Relationship,Yes,Urban,Product,Junior,Enterprise (5000+),Healthcare,Good,Slow (<25 Mbps),35,Low,Daily,40.0,50.0,35.4,56.3,6,30,68.3,3,7,1970.5,80.0
728,41,4,Female,Bachelor Degree,Married,No,Urban,Marketing,Senior,Medium (201-1000),Finance,Good,Very Fast (100+ Mbps),39,Very Low,Bi-weekly,89.5,81.3,61.4,95.0,4,31,100.0,5,4,8075.0,716.0
729,29,3,Male,Bachelor Degree,Divorced,Yes,Urban,Customer Success,Junior,Small (51-200),Consulting,Good,Fast (50-100 Mbps),54,Very High,Daily,62.2,58.2,60.7,59.4,18,15,100.0,5,9,3480.84,62.2
730,36,3,Male,Master Degree,In Relationship,No,Suburban,Sales,Mid-Level,Small (51-200),Healthcare,Average,Very Fast (100+ Mbps),46,High,Weekly,72.1,64.7,56.2,80.8,10,2,100.0,6,8,5365.12,0.0
731,58,4,Female,Bachelor Degree,Married,Yes,Suburban,Customer Success,Junior,Medium (201-1000),Technology,Good,Fast (50-100 Mbps),38,High,Daily,78.7,100.0,74.8,95.0,9,1,100.0,5,5,8968.0,157.4
732,34,3,Female,Master Degree,Single,Yes,Suburban,Customer Success,Mid-Level,Startup (1-50),Education,Average,Very Fast (100+ Mbps),47,High,Daily,63.6,65.7,72.4,78.4,10,21,100.0,10,7,5096.0,190.8
733,45,2,Female,Master Degree,Single,Yes,Urban,Engineering,Mid-Level,Startup (1-50),Retail,Excellent,Fast (50-100 Mbps),34,High,Few times per week,73.9,84.5,95.0,95.0,13,39,100.0,5,5,8065.500000000001,221.70000000000002
734,28,3,Male,Bachelor Degree,Single,Yes,Suburban,Operations,Junior,Large (1001-5000),Finance,Excellent,Very Fast (100+ Mbps),38,Moderate,Bi-weekly,100.0,100.0,76.5,95.0,8,15,100.0,7,6,9167.5,0.0
735,34,3,Male,Master Degree,Divorced,Yes,Urban,Operations,Mid-Level,Large (1001-5000),Technology,Average,Very Fast (100+ Mbps),28,Moderate,Weekly,99.0,89.8,65.1,95.0,10,11,81.0,5,7,8816.0,198.0
736,50,5,Female,Bachelor Degree,Married,Yes,Urban,Engineering,Manager,Small (51-200),Technology,Good,Fast (50-100 Mbps),45,Low,Daily,67.7,68.0,66.7,79.8,7,0,78.4,6,7,4947.599999999999,1083.2
737,29,5,Male,Bachelor Degree,Divorced,Yes,Urban,Data Science,Mid-Level,Startup (1-50),Consulting,Good,Moderate (25-50 Mbps),35,High,Bi-weekly,97.3,93.2,64.9,95.0,8,0,100.0,4,7,9310.0,291.9
738,51,5,Male,Bachelor Degree,Married,Yes,Suburban,Sales,Mid-Level,Medium (201-1000),Technology,Good,Very Fast (100+ Mbps),41,Moderate,Few times per week,98.3,100.0,68.9,95.0,10,0,97.0,4,7,9044.0,294.9
739,41,4,Male,Bachelor Degree,Married,No,Urban,Marketing,Senior,Small (51-200),Education,Excellent,Very Fast (100+ Mbps),32,Moderate,Daily,81.8,88.0,74.0,95.0,12,15,84.5,9,7,9310.0,736.1999999999999
740,29,3,Female,Bachelor Degree,Married,No,Suburban,Engineering,Junior,Medium (201-1000),Technology,Good,Fast (50-100 Mbps),43,High,Daily,81.7,100.0,80.8,95.0,12,15,100.0,6,1,8141.5,0.0
741,40,4,Male,Bachelor Degree,Single,Yes,Suburban,Operations,Lead,Small (51-200),Technology,Average,Fast (50-100 Mbps),41,High,Few times per week,81.4,94.7,81.2,95.0,7,11,100.0,6,4,8597.5,814.0
742,43,5,Female,Bachelor Degree,Divorced,No,Urban,Customer Success,Senior,Small (51-200),Technology,Excellent,Fast (50-100 Mbps),33,Moderate,Few times per week,91.5,98.3,88.6,95.0,9,0,100.0,6,6,9310.0,823.5
743,40,2,Female,Master Degree,Married,No,Suburban,Operations,Junior,Medium (201-1000),Technology,Average,Very Fast (100+ Mbps),39,Low,Daily,74.2,78.7,63.4,93.1,10,40,93.0,4,7,6805.609999999999,74.2
744,22,3,Female,Master Degree,Married,No,Urban,HR,Junior,Enterprise (5000+),Technology,Good,Very Fast (100+ Mbps),42,High,Bi-weekly,63.1,74.2,61.8,90.0,6,25,100.0,8,6,6732.0,63.1
745,28,4,Male,Bachelor Degree,Single,No,Urban,HR,Mid-Level,Small (51-200),Education,Good,Fast (50-100 Mbps),44,Moderate,Weekly,85.1,93.6,65.9,91.6,7,62,85.8,4,7,7410.4400000000005,170.2
746,32,4,Male,Bachelor Degree,In Relationship,No,Urban,Engineering,Junior,Small (51-200),Healthcare,Excellent,Very Fast (100+ Mbps),51,Very Low,Weekly,59.6,60.9,51.7,66.6,5,19,77.6,6,10,3782.8799999999997,0.0
747,34,2,Female,Master Degree,Divorced,Yes,Rural,Marketing,Mid-Level,Small (51-200),Manufacturing,Good,Moderate (25-50 Mbps),49,Very High,Few times per week,100.0,86.8,94.9,95.0,6,25,100.0,3,8,9310.0,400.0
748,40,3,Female,Master Degree,Married,No,Urban,Engineering,Senior,Medium (201-1000),Technology,Excellent,Fast (50-100 Mbps),37,High,Weekly,98.1,100.0,92.0,95.0,7,39,100.0,6,9,9310.0,784.8
749,36,4,Female,Bachelor Degree,Married,No,Suburban,Engineering,Senior,Large (1001-5000),Media,Excellent,Fast (50-100 Mbps),37,Moderate,Few times per week,91.0,89.8,62.6,95.0,5,21,100.0,6,1,9310.0,910.0
750,22,3,Female,High School,Married,Yes,Urban,Engineering,Junior,Medium (201-1000),Non-profit,Poor,Very Fast (100+ Mbps),33,Very High,Weekly,45.7,55.3,44.1,67.2,5,5,100.0,5,6,3286.08,45.7
751,38,4,Female,Master Degree,Single,Yes,Suburban,Design,Lead,Large (1001-5000),Technology,Average,Very Fast (100+ Mbps),35,Moderate,Monthly,88.0,80.0,62.8,95.0,13,37,100.0,5,6,7932.5,704.0
752,40,2,Female,Master Degree,Single,No,Suburban,Data Science,Lead,Startup (1-50),Government,Average,Fast (50-100 Mbps),47,Very High,Few times per week,100.0,99.0,89.2,95.0,10,27,100.0,1,7,9310.0,600.0
753,40,5,Male,Associate Degree,Married,No,Suburban,Engineering,Senior,Large (1001-5000),Technology,Excellent,Very Fast (100+ Mbps),32,Low,Daily,100.0,100.0,88.9,95.0,8,0,100.0,2,9,9310.0,600.0
754,44,3,Male,Bachelor Degree,Single,Yes,Rural,Sales,Manager,Small (51-200),Retail,Average,Moderate (25-50 Mbps),41,Moderate,Daily,81.1,98.5,95.0,95.0,11,44,100.0,6,2,8702.0,1378.6999999999998
755,42,3,Female,Bachelor Degree,Married,Yes,Urban,Engineering,Senior,Startup (1-50),Technology,Good,Very Fast (100+ Mbps),40,Very High,Monthly,90.2,100.0,84.3,95.0,10,38,100.0,7,3,9310.0,992.2
756,39,0,Male,Master Degree,Married,No,Suburban,Customer Success,Senior,Small (51-200),Healthcare,Average,Very Fast (100+ Mbps),37,Very High,Daily,84.9,84.6,75.1,95.0,5,79,100.0,6,7,7581.0,339.6
757,34,1,Female,Bachelor Degree,Married,Yes,Suburban,Marketing,Senior,Small (51-200),Healthcare,Excellent,Very Fast (100+ Mbps),34,Moderate,Weekly,94.5,81.8,87.6,95.0,9,23,79.0,3,6,8141.5,567.0
758,22,4,Male,Bachelor Degree,Single,No,Suburban,Operations,Junior,Medium (201-1000),Finance,Good,Fast (50-100 Mbps),30,High,Few times per week,100.0,89.6,74.2,95.0,8,24,100.0,9,5,8854.0,100.0
759,38,3,Female,Bachelor Degree,Married,Yes,Suburban,Marketing,Lead,Medium (201-1000),Retail,Poor,Very Fast (100+ Mbps),34,Moderate,Few times per week,100.0,100.0,87.0,95.0,10,13,100.0,7,10,9310.0,600.0
760,36,3,Female,PhD,Married,Yes,Urban,Finance,Junior,Large (1001-5000),Education,Good,Very Fast (100+ Mbps),41,High,Weekly,91.2,91.0,88.5,95.0,6,18,100.0,4,1,9310.0,182.4
761,37,0,Male,Master Degree,Married,Yes,Urban,Sales,Mid-Level,Startup (1-50),Healthcare,Average,Fast (50-100 Mbps),45,Very High,Daily,64.6,62.9,50.0,80.3,8,31,100.0,7,5,4769.82,129.2
762,25,4,Male,Master Degree,In Relationship,Yes,Rural,Engineering,Junior,Small (51-200),Government,Good,Fast (50-100 Mbps),44,High,Daily,84.3,88.8,84.3,95.0,12,35,100.0,7,8,7343.5,0.0
763,44,1,Male,Bachelor Degree,Single,No,Rural,Marketing,Junior,Medium (201-1000),Government,Average,Fast (50-100 Mbps),45,High,Weekly,92.9,87.7,88.0,95.0,8,42,100.0,6,7,9224.5,0.0
764,34,4,Male,PhD,Divorced,No,Suburban,Product,Mid-Level,Startup (1-50),Media,Good,Slow (<25 Mbps),51,Moderate,Daily,96.8,99.9,70.0,95.0,13,63,100.0,5,5,8787.5,290.4
765,41,4,Female,Associate Degree,Married,Yes,Suburban,Sales,Senior,Startup (1-50),Technology,Average,Fast (50-100 Mbps),44,Moderate,Daily,83.2,79.9,80.6,84.6,9,29,100.0,1,4,6641.099999999999,332.8
766,35,4,Female,Master Degree,Married,No,Suburban,Engineering,Mid-Level,Medium (201-1000),Finance,Excellent,Fast (50-100 Mbps),47,Moderate,Weekly,96.5,97.1,95.0,95.0,10,0,100.0,7,5,9310.0,386.0
767,35,2,Female,Bachelor Degree,Married,No,Suburban,Design,Junior,Large (1001-5000),Technology,Excellent,Very Fast (100+ Mbps),39,High,Few times per week,100.0,93.9,84.0,95.0,15,48,100.0,8,2,9310.0,200.0
768,43,4,Male,Bachelor Degree,Married,Yes,Urban,Engineering,Senior,Large (1001-5000),Non-profit,Excellent,Very Fast (100+ Mbps),46,High,Daily,81.3,80.4,83.6,95.0,6,21,100.0,5,8,8331.5,975.5999999999999
769,30,2,Female,Bachelor Degree,Married,Yes,Suburban,Engineering,Junior,Startup (1-50),Technology,Good,Very Fast (100+ Mbps),43,Very High,Few times per week,100.0,100.0,88.6,95.0,11,26,100.0,1,4,9310.0,200.0
770,35,2,Male,Master Degree,Married,Yes,Suburban,Product,Junior,Small (51-200),Finance,Average,Fast (50-100 Mbps),40,High,Few times per week,91.4,88.3,79.2,95.0,4,32,100.0,7,8,9310.0,182.8
771,30,2,Female,Master Degree,Married,No,Suburban,Finance,Junior,Small (51-200),Technology,Good,Very Fast (100+ Mbps),51,Moderate,Few times per week,58.7,50.0,41.6,65.6,12,56,55.8,6,4,3411.2,58.7
772,31,3,Female,Bachelor Degree,Divorced,No,Urban,Sales,Senior,Medium (201-1000),Technology,Good,Fast (50-100 Mbps),34,Moderate,Bi-weekly,60.9,76.6,67.6,95.0,9,30,100.0,7,9,7391.0,304.5
773,32,1,Female,Bachelor Degree,Single,Yes,Suburban,HR,Mid-Level,Medium (201-1000),Technology,Average,Very Fast (100+ Mbps),36,High,Weekly,93.0,88.2,59.5,95.0,7,80,100.0,6,7,9310.0,372.0
774,36,5,Female,PhD,Single,No,Suburban,HR,Mid-Level,Small (51-200),Education,Excellent,Fast (50-100 Mbps),49,Moderate,Daily,97.2,93.8,89.8,95.0,8,0,100.0,6,6,9310.0,291.6
775,30,2,Female,Bachelor Degree,Single,Yes,Suburban,Engineering,Junior,Medium (201-1000),Technology,Average,Very Fast (100+ Mbps),47,High,Few times per week,74.9,67.4,54.0,92.1,5,24,100.0,4,6,6852.24,74.9
776,46,2,Female,Master Degree,Single,Yes,Suburban,Finance,Senior,Medium (201-1000),Education,Poor,Fast (50-100 Mbps),42,Low,Daily,82.8,100.0,78.1,95.0,8,43,97.7,3,5,9310.0,662.4
777,26,3,Male,Master Degree,Married,No,Suburban,Operations,Senior,Medium (201-1000),Consulting,Excellent,Moderate (25-50 Mbps),44,Low,Daily,59.3,57.4,33.0,71.6,6,27,58.9,6,5,4031.0799999999995,177.89999999999998
778,33,2,Female,Bachelor Degree,Married,No,Suburban,Data Science,Mid-Level,Startup (1-50),Manufacturing,Excellent,Fast (50-100 Mbps),45,High,Bi-weekly,100.0,98.9,86.6,95.0,15,12,100.0,8,9,9310.0,300.0
779,31,3,Male,High School,Single,Yes,Urban,Data Science,Mid-Level,Medium (201-1000),Technology,Excellent,Very Fast (100+ Mbps),44,Moderate,Few times per week,74.7,76.1,56.5,95.0,12,13,100.0,2,4,7144.0,373.5
780,48,2,Male,Bachelor Degree,Single,No,Suburban,Sales,Lead,Small (51-200),Media,Average,Fast (50-100 Mbps),43,Moderate,Bi-weekly,87.5,94.7,85.8,95.0,4,52,89.7,10,4,8968.0,1050.0
781,36,1,Male,Bachelor Degree,Married,Yes,Suburban,Operations,Junior,Large (1001-5000),Manufacturing,Excellent,Fast (50-100 Mbps),36,High,Daily,80.0,91.6,71.1,95.0,13,29,100.0,9,6,8949.0,320.0
782,44,2,Male,Associate Degree,Married,Yes,Suburban,Engineering,Manager,Large (1001-5000),Technology,Average,Fast (50-100 Mbps),49,Low,Daily,85.2,89.5,94.6,95.0,8,47,98.8,6,10,8455.0,1363.2
783,22,3,Male,Associate Degree,In Relationship,No,Suburban,Engineering,Junior,Small (51-200),Retail,Good,Moderate (25-50 Mbps),40,Moderate,Few times per week,67.4,66.9,66.0,88.1,6,24,96.1,8,6,5629.589999999999,0.0
784,37,0,Female,Bachelor Degree,Divorced,No,Suburban,Marketing,Senior,Small (51-200),Retail,Average,Very Fast (100+ Mbps),36,Moderate,Few times per week,98.3,91.9,90.0,94.8,10,19,100.0,6,6,8209.679999999998,786.4
785,43,4,Male,Master Degree,In Relationship,No,Suburban,Finance,Lead,Small (51-200),Healthcare,Average,Moderate (25-50 Mbps),42,Moderate,Weekly,81.8,79.7,67.7,95.0,11,14,100.0,5,10,7733.000000000001,1308.8
786,35,4,Male,Master Degree,Married,No,Suburban,Operations,Mid-Level,Medium (201-1000),Technology,Poor,Very Fast (100+ Mbps),44,Very High,Few times per week,83.7,78.0,56.8,81.6,9,7,100.0,6,8,6234.24,418.5
787,44,4,Female,Bachelor Degree,Married,No,Suburban,Sales,Junior,Enterprise (5000+),Education,Good,Fast (50-100 Mbps),44,Very High,Few times per week,78.8,68.2,54.9,84.5,7,40,100.0,8,9,6616.349999999999,0.0
788,30,3,Male,Bachelor Degree,Single,Yes,Suburban,Customer Success,Junior,Small (51-200),Manufacturing,Excellent,Very Fast (100+ Mbps),47,High,Few times per week,71.8,87.9,95.0,95.0,15,20,100.0,9,5,7600.0,143.6
789,47,3,Female,Bachelor Degree,Married,Yes,Rural,Customer Success,Mid-Level,Large (1001-5000),Technology,Excellent,Very Fast (100+ Mbps),39,High,Weekly,55.0,67.0,49.8,77.4,4,10,100.0,8,8,5000.04,550.0
790,55,5,Female,Bachelor Degree,Single,No,Suburban,HR,Senior,Medium (201-1000),Education,Good,Moderate (25-50 Mbps),41,Low,Bi-weekly,88.1,76.2,53.1,95.0,2,0,100.0,4,9,7353.000000000001,616.6999999999999
791,31,0,Female,Master Degree,Divorced,No,Urban,Engineering,Mid-Level,Large (1001-5000),Finance,Good,Very Fast (100+ Mbps),36,High,Few times per week,100.0,84.1,73.4,95.0,8,23,100.0,6,7,9310.0,400.0
792,30,0,Female,Bachelor Degree,Married,No,Suburban,Customer Success,Junior,Large (1001-5000),Education,Poor,Slow (<25 Mbps),43,Low,Weekly,64.6,82.9,63.0,79.9,3,3,100.0,5,6,5177.52,0.0
793,48,1,Male,Master Degree,Married,Yes,Suburban,Product,Lead,Large (1001-5000),Finance,Average,Very Fast (100+ Mbps),36,Moderate,Few times per week,97.5,92.2,87.3,95.0,6,44,100.0,6,5,8854.0,2047.5
794,49,1,Male,Bachelor Degree,Single,Yes,Rural,Engineering,Lead,Medium (201-1000),Finance,Excellent,Fast (50-100 Mbps),38,Moderate,Weekly,71.5,89.1,74.3,94.3,12,43,100.0,5,7,7760.889999999999,429.0
795,30,1,Male,Master Degree,Married,No,Suburban,Sales,Junior,Large (1001-5000),Consulting,Average,Fast (50-100 Mbps),47,High,Bi-weekly,88.8,85.4,77.0,95.0,7,50,100.0,2,4,8635.5,0.0
796,31,4,Female,Bachelor Degree,Married,Yes,Urban,Data Science,Junior,Small (51-200),Manufacturing,Excellent,Very Fast (100+ Mbps),42,High,Daily,100.0,91.1,91.2,95.0,6,18,100.0,8,6,9310.0,100.0
797,32,3,Male,Master Degree,Married,Yes,Urban,Operations,Lead,Enterprise (5000+),Finance,Excellent,Very Fast (100+ Mbps),50,High,Few times per week,52.6,79.7,69.4,77.3,10,15,100.0,9,7,4653.46,368.2
798,22,5,Male,PhD,Married,Yes,Suburban,Marketing,Junior,Medium (201-1000),Finance,Average,Very Fast (100+ Mbps),49,Very Low,Monthly,72.3,85.4,65.8,83.5,13,0,100.0,4,7,6195.7,72.3
799,26,2,Male,Master Degree,Single,Yes,Suburban,Engineering,Junior,Medium (201-1000),Retail,Poor,Slow (<25 Mbps),43,Low,Few times per week,65.9,73.7,59.0,86.0,12,37,100.0,6,7,6312.400000000001,65.9
800,25,2,Female,Master Degree,Married,No,Suburban,Operations,Mid-Level,Enterprise (5000+),Consulting,Excellent,Fast (50-100 Mbps),44,High,Bi-weekly,81.7,100.0,83.1,95.0,6,31,100.0,6,7,9310.0,0.0
801,28,5,Male,Associate Degree,Married,No,Urban,Marketing,Junior,Large (1001-5000),Retail,Average,Very Fast (100+ Mbps),40,High,Daily,80.9,82.1,53.3,95.0,13,0,100.0,8,1,7457.5,0.0
802,37,3,Male,Bachelor Degree,Married,Yes,Suburban,Marketing,Senior,Small (51-200),Government,Excellent,Very Fast (100+ Mbps),44,High,Bi-weekly,88.2,100.0,75.9,95.0,11,44,100.0,7,7,8730.5,441.0
803,48,3,Male,Bachelor Degree,Married,No,Urban,Engineering,Lead,Enterprise (5000+),Manufacturing,Good,Fast (50-100 Mbps),47,Moderate,Few times per week,86.2,76.2,47.9,95.0,7,18,85.4,9,10,7790.0,1551.6000000000001
804,26,4,Male,Associate Degree,In Relationship,Yes,Urban,HR,Mid-Level,Large (1001-5000),Technology,Average,Slow (<25 Mbps),38,Moderate,Few times per week,53.7,63.7,48.1,73.5,9,47,84.6,7,4,3704.4,107.4
805,43,3,Female,PhD,Married,No,Urban,Data Science,Lead,Medium (201-1000),Healthcare,Average,Fast (50-100 Mbps),33,Moderate,Daily,97.4,91.4,82.3,95.0,9,4,100.0,6,7,8806.5,584.4000000000001
806,33,2,Female,Master Degree,Married,No,Urban,Marketing,Mid-Level,Enterprise (5000+),Finance,Good,Very Fast (100+ Mbps),45,Moderate,Daily,97.9,100.0,90.9,95.0,9,55,100.0,2,6,9025.0,391.6
807,34,4,Male,Master Degree,Married,No,Urban,Operations,Mid-Level,Small (51-200),Manufacturing,Excellent,Fast (50-100 Mbps),46,Moderate,Few times per week,84.6,88.6,80.1,95.0,5,24,100.0,8,4,8654.5,84.6
808,41,3,Male,Master Degree,Divorced,No,Urban,Marketing,Senior,Startup (1-50),Technology,Good,Slow (<25 Mbps),42,High,Weekly,100.0,100.0,93.9,95.0,6,27,100.0,6,2,9310.0,1100.0
809,24,1,Female,Bachelor Degree,Married,Yes,Suburban,Engineering,Junior,Medium (201-1000),Finance,Average,Fast (50-100 Mbps),45,Moderate,Bi-weekly,66.9,71.4,62.9,86.1,5,90,100.0,7,7,6113.099999999999,0.0
810,38,3,Male,PhD,Married,No,Urban,Data Science,Senior,Startup (1-50),Finance,Good,Slow (<25 Mbps),36,Low,Weekly,100.0,99.3,95.0,95.0,9,14,100.0,6,4,9310.0,900.0
811,36,3,Male,PhD,Married,Yes,Urban,Engineering,Mid-Level,Large (1001-5000),Technology,Excellent,Very Fast (100+ Mbps),47,Very High,Weekly,97.9,85.6,51.4,95.0,4,34,100.0,5,5,9310.0,391.6
812,39,5,Male,Bachelor Degree,Single,Yes,Urban,Engineering,Mid-Level,Small (51-200),Finance,Average,Fast (50-100 Mbps),49,High,Weekly,86.7,73.4,90.2,80.7,6,0,100.0,6,6,5729.7,433.5
813,37,1,Male,Bachelor Degree,Divorced,Yes,Suburban,Marketing,Senior,Startup (1-50),Retail,Good,Fast (50-100 Mbps),48,Very High,Weekly,79.4,100.0,66.6,95.0,10,56,100.0,2,7,9310.0,476.40000000000003
814,57,5,Male,Master Degree,Married,Yes,Suburban,Finance,Lead,Medium (201-1000),Finance,Average,Fast (50-100 Mbps),42,Moderate,Weekly,93.3,100.0,89.5,95.0,9,0,100.0,7,6,9167.5,1399.5
815,29,3,Male,PhD,Married,Yes,Urban,Sales,Mid-Level,Medium (201-1000),Education,Poor,Fast (50-100 Mbps),49,Very High,Few times per week,100.0,90.9,93.5,95.0,5,38,100.0,4,6,9310.0,300.0
816,30,3,Male,Master Degree,Married,Yes,Suburban,Engineering,Junior,Small (51-200),Education,Average,Very Fast (100+ Mbps),35,Moderate,Few times per week,98.6,90.0,74.9,95.0,11,24,100.0,5,8,9053.5,0.0
817,29,1,Female,Master Degree,Single,No,Suburban,Customer Success,Junior,Startup (1-50),Education,Poor,Very Fast (100+ Mbps),45,High,Daily,47.6,59.2,33.3,78.5,6,26,100.0,3,1,4804.2,47.6
818,30,4,Male,PhD,Divorced,No,Urban,Sales,Senior,Medium (201-1000),Healthcare,Poor,Moderate (25-50 Mbps),46,Moderate,Weekly,67.0,76.3,72.8,95.0,5,28,86.6,8,8,6925.500000000001,402.0
819,29,5,Female,Master Degree,In Relationship,Yes,Suburban,Engineering,Mid-Level,Large (1001-5000),Technology,Good,Very Fast (100+ Mbps),45,Moderate,Daily,97.8,90.9,95.0,95.0,12,0,100.0,4,7,9310.0,0.0
820,45,2,Male,Master Degree,Married,No,Suburban,Sales,Senior,Large (1001-5000),Technology,Average,Slow (<25 Mbps),36,High,Daily,59.4,72.3,56.6,95.0,9,54,100.0,5,7,6792.5,415.8
821,47,2,Female,Master Degree,In Relationship,Yes,Urban,Engineering,Mid-Level,Startup (1-50),Manufacturing,Average,Fast (50-100 Mbps),43,High,Few times per week,100.0,96.4,75.7,95.0,10,51,100.0,5,6,9224.5,500.0
822,29,3,Male,Bachelor Degree,Single,No,Suburban,Marketing,Junior,Medium (201-1000),Healthcare,Good,Very Fast (100+ Mbps),40,High,Monthly,99.8,95.4,81.3,95.0,11,17,100.0,5,3,8388.5,199.6
823,27,4,Female,Master Degree,Divorced,Yes,Suburban,Finance,Junior,Small (51-200),Retail,Excellent,Moderate (25-50 Mbps),30,Moderate,Weekly,100.0,96.7,95.0,95.0,4,21,100.0,8,3,9310.0,100.0
824,39,0,Male,Bachelor Degree,Married,No,Suburban,Customer Success,Mid-Level,Medium (201-1000),Healthcare,Good,Fast (50-100 Mbps),34,Moderate,Few times per week,77.1,92.1,76.7,95.0,10,34,100.0,7,6,8265.0,308.4
825,30,4,Female,Master Degree,Married,Yes,Urban,Engineering,Senior,Enterprise (5000+),Technology,Excellent,Very Fast (100+ Mbps),48,High,Weekly,100.0,89.0,85.7,95.0,8,32,100.0,7,8,9310.0,400.0
826,40,3,Male,Bachelor Degree,Single,No,Rural,Engineering,Senior,Small (51-200),Manufacturing,Good,Very Fast (100+ Mbps),39,High,Bi-weekly,85.9,90.3,92.5,95.0,7,32,100.0,4,9,9310.0,343.6
827,36,2,Male,Associate Degree,Married,Yes,Suburban,Engineering,Junior,Small (51-200),Technology,Excellent,Moderate (25-50 Mbps),48,Very High,Few times per week,100.0,96.6,68.2,95.0,6,30,100.0,4,8,9224.5,200.0
828,22,3,Female,High School,Single,Yes,Urban,Engineering,Junior,Small (51-200),Government,Average,Fast (50-100 Mbps),48,Moderate,Few times per week,51.4,52.7,51.6,65.8,7,43,78.2,4,8,3283.4199999999996,0.0
829,48,2,Female,Master Degree,Divorced,Yes,Urban,Engineering,Senior,Enterprise (5000+),Technology,Good,Fast (50-100 Mbps),45,High,Few times per week,88.7,89.3,78.5,95.0,5,23,100.0,5,1,8816.0,709.6
830,51,4,Male,Bachelor Degree,Divorced,Yes,Suburban,Sales,Junior,Medium (201-1000),Healthcare,Excellent,Fast (50-100 Mbps),38,Low,Daily,84.1,74.8,64.9,85.7,10,43,94.4,6,4,6778.87,168.2
831,29,4,Female,Bachelor Degree,Single,No,Suburban,Engineering,Mid-Level,Medium (201-1000),Technology,Good,Very Fast (100+ Mbps),47,Moderate,Bi-weekly,75.9,81.6,73.9,92.5,5,30,100.0,4,9,7788.5,227.70000000000002
832,31,3,Male,Bachelor Degree,Single,No,Urban,Operations,Mid-Level,Medium (201-1000),Media,Excellent,Moderate (25-50 Mbps),43,Moderate,Weekly,75.7,78.6,48.6,95.0,6,40,100.0,6,9,6973.000000000001,227.10000000000002
833,37,3,Male,Bachelor Degree,Divorced,Yes,Urban,Sales,Mid-Level,Small (51-200),Non-profit,Average,Very Fast (100+ Mbps),42,Very High,Weekly,100.0,98.5,86.4,95.0,8,44,100.0,4,4,9310.0,300.0
834,40,4,Male,Bachelor Degree,Single,No,Rural,Sales,Mid-Level,Startup (1-50),Technology,Good,Very Fast (100+ Mbps),38,Moderate,Monthly,99.2,86.7,88.0,95.0,7,9,100.0,4,6,8958.5,0.0
835,53,3,Female,Bachelor Degree,Married,No,Urban,Engineering,Manager,Large (1001-5000),Technology,Average,Very Fast (100+ Mbps),36,High,Daily,96.8,100.0,95.0,95.0,10,50,100.0,7,1,9310.0,2323.2
836,33,3,Male,Bachelor Degree,Married,Yes,Suburban,Finance,Senior,Medium (201-1000),Manufacturing,Good,Fast (50-100 Mbps),47,Very High,Daily,74.0,84.6,81.4,85.7,9,49,100.0,6,8,6813.150000000001,296.0
837,27,3,Female,Bachelor Degree,Single,No,Suburban,Sales,Junior,Startup (1-50),Finance,Average,Very Fast (100+ Mbps),51,Moderate,Daily,93.1,96.5,70.5,95.0,7,30,94.0,6,9,8388.5,93.1
838,22,3,Female,Bachelor Degree,Married,Yes,Suburban,Engineering,Junior,Small (51-200),Education,Good,Very Fast (100+ Mbps),47,High,Weekly,79.7,79.0,64.8,89.5,8,25,100.0,7,9,6363.45,0.0
839,34,1,Female,Bachelor Degree,Single,Yes,Urban,Engineering,Junior,Small (51-200),Retail,Good,Fast (50-100 Mbps),40,Moderate,Few times per week,93.3,76.4,68.2,95.0,1,29,95.5,7,8,8217.5,93.3
840,51,1,Male,Bachelor Degree,In Relationship,No,Suburban,Customer Success,Manager,Small (51-200),Healthcare,Excellent,Fast (50-100 Mbps),44,Low,Weekly,95.6,89.3,80.8,95.0,7,25,100.0,5,6,8350.5,1720.8
841,30,4,Female,Bachelor Degree,Married,No,Rural,Data Science,Junior,Startup (1-50),Retail,Excellent,Fast (50-100 Mbps),39,High,Daily,89.5,99.2,83.0,95.0,5,36,100.0,6,10,9196.0,89.5
842,37,2,Male,Bachelor Degree,Single,Yes,Urban,Engineering,Senior,Large (1001-5000),Manufacturing,Excellent,Fast (50-100 Mbps),41,Moderate,Daily,85.9,75.5,68.0,95.0,5,43,100.0,5,10,8198.5,601.3000000000001
843,34,0,Female,Associate Degree,Single,No,Suburban,Finance,Junior,Large (1001-5000),Technology,Average,Fast (50-100 Mbps),37,Moderate,Daily,83.3,96.7,83.6,95.0,5,69,100.0,7,8,8721.0,83.3
844,45,4,Female,High School,Single,No,Urban,Engineering,Senior,Large (1001-5000),Education,Average,Very Fast (100+ Mbps),45,Very Low,Few times per week,100.0,90.5,89.4,95.0,6,0,89.8,4,6,9205.5,1200.0
845,57,1,Female,Master Degree,Married,No,Urban,Engineering,Manager,Medium (201-1000),Education,Excellent,Slow (<25 Mbps),46,High,Weekly,69.6,94.1,87.8,95.0,9,47,100.0,9,9,9310.0,1948.7999999999997
846,30,4,Female,Master Degree,Single,No,Suburban,Engineering,Mid-Level,Medium (201-1000),Healthcare,Good,Very Fast (100+ Mbps),47,Low,Weekly,100.0,99.2,88.7,95.0,6,15,100.0,5,5,9310.0,400.0
847,30,2,Male,Bachelor Degree,Married,No,Urban,Product,Mid-Level,Small (51-200),Technology,Poor,Very Fast (100+ Mbps),45,High,Daily,100.0,100.0,90.9,95.0,3,34,100.0,7,5,9310.0,300.0
848,44,1,Female,Master Degree,Single,No,Suburban,Sales,Junior,Small (51-200),Manufacturing,Excellent,Fast (50-100 Mbps),44,High,Daily,100.0,93.6,63.6,95.0,9,55,100.0,6,7,9310.0,200.0
849,41,3,Male,High School,Married,No,Suburban,Data Science,Senior,Large (1001-5000),Non-profit,Good,Fast (50-100 Mbps),35,High,Bi-weekly,73.9,99.3,60.9,95.0,8,21,100.0,7,8,7799.499999999999,960.7
850,51,0,Female,PhD,Married,Yes,Rural,Marketing,Senior,Large (1001-5000),Government,Good,Moderate (25-50 Mbps),35,High,Daily,94.8,98.7,59.5,95.0,5,99,100.0,6,3,9310.0,663.6
851,40,4,Male,Associate Degree,Married,No,Urban,Engineering,Mid-Level,Large (1001-5000),Manufacturing,Average,Very Fast (100+ Mbps),43,Moderate,Few times per week,89.9,100.0,87.4,95.0,10,19,87.9,5,8,9310.0,899.0
852,31,3,Female,Master Degree,Married,No,Urban,HR,Mid-Level,Medium (201-1000),Finance,Good,Fast (50-100 Mbps),48,Moderate,Daily,72.9,71.2,52.8,78.2,13,18,93.8,4,9,5528.740000000001,218.70000000000002
853,40,1,Male,Associate Degree,In Relationship,No,Urban,Design,Mid-Level,Large (1001-5000),Finance,Poor,Fast (50-100 Mbps),40,High,Few times per week,61.1,76.8,57.0,73.7,14,0,100.0,6,7,4539.92,122.2
854,44,2,Female,Master Degree,Married,Yes,Suburban,Customer Success,Mid-Level,Enterprise (5000+),Technology,Good,Very Fast (100+ Mbps),42,Very High,Few times per week,67.9,72.4,75.2,94.0,7,42,100.0,2,5,6796.2,271.6
855,42,3,Male,Bachelor Degree,Married,Yes,Suburban,HR,Junior,Small (51-200),Finance,Good,Very Fast (100+ Mbps),42,High,Daily,92.1,91.2,63.6,93.7,9,26,100.0,2,7,7795.84,92.1
856,39,1,Female,Associate Degree,Married,No,Urban,Sales,Junior,Small (51-200),Technology,Good,Fast (50-100 Mbps),30,High,Few times per week,79.3,59.7,50.2,81.9,7,5,100.0,6,4,5266.17,317.2
857,44,2,Male,Master Degree,Divorced,No,Suburban,Engineering,Director,Medium (201-1000),Technology,Good,Very Fast (100+ Mbps),43,High,Few times per week,100.0,91.6,95.0,95.0,10,26,100.0,6,6,9310.0,1900.0
858,45,3,Female,High School,Single,Yes,Suburban,Engineering,Junior,Small (51-200),Media,Excellent,Very Fast (100+ Mbps),38,High,Daily,100.0,93.8,95.0,95.0,12,35,100.0,6,7,9310.0,300.0
859,47,4,Male,Master Degree,Married,Yes,Suburban,Marketing,Mid-Level,Large (1001-5000),Government,Average,Very Fast (100+ Mbps),45,Very High,Weekly,100.0,92.0,92.5,95.0,4,7,100.0,5,6,9310.0,200.0
860,40,3,Female,Master Degree,Married,Yes,Urban,Design,Mid-Level,Small (51-200),Government,Excellent,Very Fast (100+ Mbps),41,High,Weekly,68.9,78.8,53.7,95.0,9,13,100.0,7,6,6574.0,206.70000000000002
861,33,4,Male,Bachelor Degree,Married,No,Urban,Finance,Senior,Medium (201-1000),Technology,Average,Very Fast (100+ Mbps),40,Moderate,Daily,59.5,67.6,45.5,87.7,12,28,100.0,4,7,5946.0599999999995,416.5
862,36,5,Female,Bachelor Degree,Married,Yes,Suburban,Customer Success,Junior,Medium (201-1000),Media,Good,Very Fast (100+ Mbps),41,High,Daily,75.5,68.6,66.3,85.4,8,0,100.0,6,6,6123.18,302.0
863,45,2,Male,High School,Married,No,Suburban,Engineering,Senior,Medium (201-1000),Technology,Good,Very Fast (100+ Mbps),40,Very High,Daily,99.1,100.0,95.0,95.0,10,46,100.0,8,3,9310.0,991.0
864,27,4,Female,Master Degree,Single,No,Urban,Finance,Junior,Small (51-200),Healthcare,Excellent,Moderate (25-50 Mbps),33,High,Few times per week,78.6,84.3,77.5,95.0,9,44,100.0,8,6,8255.5,78.6
865,38,4,Male,Bachelor Degree,In Relationship,No,Urban,Product,Mid-Level,Enterprise (5000+),Education,Good,Very Fast (100+ Mbps),47,High,Weekly,86.1,76.7,73.7,95.0,13,73,100.0,2,6,8398.0,344.4
866,31,2,Male,Bachelor Degree,Single,Yes,Rural,Marketing,Mid-Level,Small (51-200),Healthcare,Average,Fast (50-100 Mbps),38,Moderate,Daily,98.9,100.0,87.5,95.0,3,30,98.9,5,6,9310.0,494.5
867,35,5,Female,PhD,Single,No,Urban,Sales,Mid-Level,Large (1001-5000),Government,Average,Slow (<25 Mbps),39,Low,Few times per week,68.6,64.2,72.7,85.9,8,0,90.1,7,4,5746.710000000001,343.0
868,46,2,Male,Bachelor Degree,Married,No,Suburban,Finance,Senior,Large (1001-5000),Finance,Average,Moderate (25-50 Mbps),42,Moderate,Daily,70.2,83.5,87.4,90.7,9,0,100.0,7,3,6684.59,631.8000000000001
869,36,2,Male,Professional Degree,Divorced,Yes,Suburban,Operations,Senior,Startup (1-50),Healthcare,Good,Very Fast (100+ Mbps),35,Moderate,Few times per week,100.0,89.8,71.2,95.0,8,1,100.0,6,8,9310.0,600.0
870,35,4,Female,Master Degree,Married,No,Suburban,Data Science,Senior,Enterprise (5000+),Technology,Excellent,Very Fast (100+ Mbps),39,High,Daily,91.9,91.6,95.0,95.0,5,71,100.0,4,7,9310.0,827.1
871,41,2,Female,Bachelor Degree,Single,No,Suburban,Engineering,Senior,Medium (201-1000),Finance,Average,Moderate (25-50 Mbps),44,Moderate,Weekly,58.6,97.5,59.9,95.0,5,68,82.5,8,10,7343.5,468.8
872,40,1,Male,Master Degree,Married,No,Urban,Marketing,Lead,Medium (201-1000),Retail,Good,Very Fast (100+ Mbps),36,Low,Daily,56.8,66.0,61.2,90.6,8,50,78.9,4,7,5617.2,852.0
873,54,4,Male,Bachelor Degree,Married,Yes,Suburban,Engineering,Mid-Level,Medium (201-1000),Retail,Excellent,Very Fast (100+ Mbps),29,Low,Bi-weekly,76.1,81.4,77.6,95.0,3,4,86.3,9,6,7771.0,380.5
874,32,4,Female,Associate Degree,Divorced,Yes,Urban,Operations,Junior,Startup (1-50),Retail,Average,Moderate (25-50 Mbps),48,High,Daily,92.6,88.2,71.2,95.0,8,13,100.0,6,4,8436.0,92.6
875,36,3,Male,Bachelor Degree,Married,Yes,Suburban,Engineering,Junior,Large (1001-5000),Healthcare,Average,Very Fast (100+ Mbps),35,High,Daily,100.0,94.7,89.9,95.0,11,59,100.0,5,6,9310.0,200.0
876,37,5,Female,Master Degree,Single,No,Suburban,Design,Mid-Level,Medium (201-1000),Technology,Good,Fast (50-100 Mbps),38,High,Bi-weekly,97.3,100.0,77.0,95.0,6,0,100.0,5,8,9291.0,291.9
877,49,2,Male,Master Degree,Married,No,Suburban,Customer Success,Junior,Startup (1-50),Education,Good,Fast (50-100 Mbps),39,Very High,Daily,86.2,92.7,69.4,95.0,12,21,100.0,4,10,8588.0,431.0
878,37,4,Female,Bachelor Degree,Married,Yes,Urban,Engineering,Mid-Level,Large (1001-5000),Consulting,Excellent,Very Fast (100+ Mbps),41,High,Few times per week,100.0,94.0,95.0,95.0,4,25,100.0,3,7,8493.0,400.0
879,40,4,Female,Master Degree,Divorced,No,Suburban,Marketing,Senior,Medium (201-1000),Technology,Good,Fast (50-100 Mbps),38,High,Monthly,99.7,95.3,79.5,95.0,5,0,100.0,8,9,9310.0,797.6
880,36,2,Male,PhD,Single,No,Urban,HR,Lead,Startup (1-50),Technology,Excellent,Fast (50-100 Mbps),45,Moderate,Weekly,99.9,100.0,95.0,95.0,5,77,100.0,9,4,9310.0,799.2
881,30,0,Female,High School,Single,Yes,Rural,Engineering,Mid-Level,Small (51-200),Healthcare,Excellent,Moderate (25-50 Mbps),42,Very High,Daily,100.0,95.5,95.0,95.0,6,7,100.0,7,7,9310.0,300.0
882,36,4,Male,Associate Degree,Single,No,Rural,Engineering,Senior,Startup (1-50),Manufacturing,Poor,Fast (50-100 Mbps),50,High,Bi-weekly,81.7,90.7,70.2,85.0,9,25,100.0,8,7,6273.0,326.8
883,44,5,Female,Master Degree,Married,No,Urban,Marketing,Junior,Medium (201-1000),Finance,Good,Very Fast (100+ Mbps),50,Very High,Daily,65.0,76.1,57.9,92.9,6,0,100.0,4,5,6586.610000000001,0.0
884,25,4,Female,Master Degree,Single,Yes,Urban,Finance,Junior,Enterprise (5000+),Retail,Average,Fast (50-100 Mbps),36,High,Weekly,89.4,92.0,87.4,95.0,9,10,100.0,2,8,8398.0,178.8
885,36,2,Male,Master Degree,Married,Yes,Urban,Engineering,Mid-Level,Startup (1-50),Government,Good,Fast (50-100 Mbps),40,Very High,Few times per week,78.3,91.7,74.2,95.0,7,55,100.0,6,4,7400.500000000001,391.5
886,28,5,Male,PhD,Single,Yes,Rural,HR,Mid-Level,Small (51-200),Healthcare,Average,Fast (50-100 Mbps),54,Moderate,Weekly,70.6,74.0,68.6,70.3,9,0,92.4,8,3,4562.47,141.2
887,45,5,Female,Master Degree,In Relationship,Yes,Urban,Design,Lead,Large (1001-5000),Technology,Good,Very Fast (100+ Mbps),35,Moderate,Weekly,96.6,95.4,95.0,95.0,12,0,82.9,8,6,8683.0,1449.0
888,22,3,Male,Bachelor Degree,Single,No,Urban,Engineering,Junior,Startup (1-50),Media,Excellent,Fast (50-100 Mbps),46,Moderate,Weekly,75.6,86.8,61.0,95.0,7,27,67.4,6,5,7163.000000000001,0.0
889,29,4,Female,Master Degree,Single,Yes,Suburban,Marketing,Junior,Startup (1-50),Healthcare,Average,Fast (50-100 Mbps),45,Moderate,Weekly,91.0,81.6,86.4,95.0,5,47,100.0,6,6,8417.0,91.0
890,38,4,Male,Master Degree,Married,Yes,Urban,Engineering,Mid-Level,Medium (201-1000),Finance,Excellent,Fast (50-100 Mbps),36,Moderate,Weekly,88.7,88.3,76.7,95.0,3,58,78.6,5,4,8303.0,354.8
891,49,5,Male,Professional Degree,Married,No,Urban,Engineering,Mid-Level,Large (1001-5000),Finance,Good,Moderate (25-50 Mbps),37,High,Few times per week,71.8,83.2,54.4,93.6,8,0,100.0,8,6,6973.2,287.2
892,34,4,Female,Bachelor Degree,Married,Yes,Urban,Engineering,Mid-Level,Large (1001-5000),Finance,Good,Very Fast (100+ Mbps),53,Moderate,Bi-weekly,100.0,100.0,93.3,95.0,9,41,100.0,7,6,9310.0,600.0
893,30,4,Female,Bachelor Degree,Divorced,No,Suburban,Sales,Junior,Large (1001-5000),Retail,Excellent,Very Fast (100+ Mbps),52,High,Weekly,91.1,92.7,85.5,95.0,10,32,100.0,4,10,8227.0,0.0
894,51,4,Male,Master Degree,Married,Yes,Urban,Customer Success,Manager,Small (51-200),Finance,Excellent,Fast (50-100 Mbps),44,High,Weekly,80.8,76.5,62.0,89.6,10,15,100.0,5,8,6442.24,1292.8
895,22,3,Female,Bachelor Degree,In Relationship,No,Suburban,Operations,Mid-Level,Large (1001-5000),Finance,Average,Slow (<25 Mbps),33,Very High,Monthly,100.0,100.0,84.9,95.0,11,18,100.0,4,9,9310.0,0.0
896,22,4,Female,Bachelor Degree,Married,No,Suburban,Engineering,Junior,Startup (1-50),Retail,Good,Very Fast (100+ Mbps),49,Very High,Daily,88.2,97.5,79.4,95.0,7,38,100.0,6,8,9310.0,0.0
897,38,4,Female,Master Degree,Single,Yes,Suburban,Engineering,Senior,Small (51-200),Technology,Good,Very Fast (100+ Mbps),33,Low,Few times per week,100.0,93.9,81.3,95.0,8,25,100.0,4,8,9310.0,300.0
898,30,5,Male,Bachelor Degree,Divorced,No,Suburban,Operations,Mid-Level,Small (51-200),Technology,Good,Moderate (25-50 Mbps),46,High,Weekly,100.0,99.9,95.0,95.0,12,0,100.0,4,8,9310.0,400.0
899,25,3,Male,Master Degree,In Relationship,Yes,Urban,Engineering,Junior,Small (51-200),Retail,Good,Moderate (25-50 Mbps),32,High,Daily,66.2,63.4,75.0,84.7,6,48,100.0,4,5,5861.240000000001,66.2
900,41,3,Female,Master Degree,In Relationship,No,Suburban,Sales,Senior,Small (51-200),Consulting,Average,Moderate (25-50 Mbps),42,Moderate,Few times per week,99.3,100.0,89.5,95.0,1,48,100.0,4,6,9310.0,695.1
901,37,3,Female,Bachelor Degree,Single,No,Urban,Marketing,Senior,Medium (201-1000),Technology,Average,Very Fast (100+ Mbps),47,High,Bi-weekly,100.0,87.2,87.4,95.0,12,30,100.0,8,9,9091.5,600.0
902,29,4,Male,Professional Degree,Married,Yes,Suburban,Product,Mid-Level,Medium (201-1000),Technology,Excellent,Moderate (25-50 Mbps),25,Low,Daily,76.8,80.1,69.7,95.0,8,12,100.0,9,3,6868.5,307.2
903,23,4,Female,Master Degree,Single,No,Urban,Engineering,Junior,Small (51-200),Retail,Good,Fast (50-100 Mbps),38,Low,Bi-weekly,96.1,81.1,63.8,95.0,11,22,79.3,10,3,8645.0,0.0
904,42,0,Male,Bachelor Degree,Single,Yes,Urban,Finance,Mid-Level,Large (1001-5000),Education,Good,Fast (50-100 Mbps),42,High,Monthly,58.9,80.4,61.1,95.0,11,54,100.0,2,7,6726.0,176.7
905,40,3,Male,Bachelor Degree,Married,No,Urban,Engineering,Lead,Large (1001-5000),Finance,Good,Very Fast (100+ Mbps),39,Very High,Daily,93.4,85.1,95.0,95.0,10,7,100.0,6,9,9310.0,1027.4
906,34,1,Female,PhD,In Relationship,Yes,Urban,Operations,Mid-Level,Small (51-200),Technology,Good,Fast (50-100 Mbps),37,High,Weekly,95.8,93.9,61.7,95.0,5,55,100.0,4,8,7904.0,479.0
907,51,0,Female,Bachelor Degree,Married,No,Suburban,Operations,Junior,Small (51-200),Technology,Good,Very Fast (100+ Mbps),41,High,Daily,71.9,89.4,58.4,95.0,8,18,100.0,10,8,8255.5,71.9
908,25,4,Male,Bachelor Degree,Divorced,Yes,Suburban,Customer Success,Junior,Small (51-200),Manufacturing,Excellent,Very Fast (100+ Mbps),48,High,Weekly,100.0,100.0,77.3,95.0,6,16,100.0,10,6,9310.0,100.0
909,22,2,Female,Bachelor Degree,Single,No,Urban,Marketing,Junior,Startup (1-50),Healthcare,Good,Fast (50-100 Mbps),50,High,Few times per week,88.3,92.1,88.8,95.0,9,20,100.0,9,7,8996.5,0.0
910,28,2,Female,Bachelor Degree,Single,No,Suburban,Sales,Junior,Large (1001-5000),Consulting,Excellent,Very Fast (100+ Mbps),46,Moderate,Bi-weekly,100.0,100.0,83.6,95.0,4,10,93.5,1,8,9310.0,0.0
911,34,0,Female,Bachelor Degree,Married,No,Suburban,Engineering,Senior,Startup (1-50),Education,Excellent,Very Fast (100+ Mbps),51,High,Daily,63.8,73.2,68.0,95.0,7,63,100.0,4,8,7505.0,382.79999999999995
912,37,1,Female,Professional Degree,Married,Yes,Suburban,Engineering,Senior,Small (51-200),Education,Poor,Very Fast (100+ Mbps),38,High,Weekly,100.0,99.8,95.0,95.0,9,41,100.0,6,7,9310.0,800.0
913,32,4,Male,Master Degree,Divorced,No,Suburban,Marketing,Junior,Startup (1-50),Government,Good,Fast (50-100 Mbps),45,High,Weekly,100.0,100.0,83.8,95.0,6,12,100.0,4,8,9234.0,200.0
914,38,3,Male,Bachelor Degree,Married,Yes,Urban,Product,Senior,Large (1001-5000),Technology,Good,Very Fast (100+ Mbps),35,Moderate,Daily,81.0,74.8,48.8,95.0,7,17,100.0,8,2,7524.0,243.0
915,23,5,Male,Bachelor Degree,Married,Yes,Urban,Marketing,Junior,Startup (1-50),Healthcare,Good,Fast (50-100 Mbps),59,High,Weekly,81.9,76.3,75.2,90.1,9,0,100.0,7,9,7180.97,0.0
916,47,3,Female,Master Degree,Married,Yes,Suburban,HR,Mid-Level,Large (1001-5000),Technology,Average,Fast (50-100 Mbps),42,High,Monthly,84.0,67.6,58.3,95.0,10,46,100.0,4,9,7590.500000000001,840.0
917,34,2,Female,High School,Single,Yes,Rural,Sales,Senior,Startup (1-50),Finance,Good,Fast (50-100 Mbps),46,High,Few times per week,87.7,89.3,77.9,95.0,4,30,100.0,8,3,7923.000000000001,350.8
918,45,2,Male,Master Degree,Divorced,No,Suburban,Marketing,Senior,Large (1001-5000),Technology,Good,Fast (50-100 Mbps),31,High,Weekly,100.0,98.0,80.1,95.0,14,50,100.0,6,6,9034.5,1200.0
919,38,4,Male,Master Degree,Married,Yes,Suburban,Sales,Senior,Enterprise (5000+),Technology,Good,Fast (50-100 Mbps),46,High,Few times per week,95.8,100.0,92.4,95.0,9,21,100.0,7,9,9196.0,574.8
920,39,3,Male,Master Degree,Married,No,Suburban,Engineering,Senior,Medium (201-1000),Government,Average,Very Fast (100+ Mbps),42,Very Low,Few times per week,99.4,66.2,65.4,95.0,8,37,90.5,3,6,7343.5,994.0
921,40,5,Male,Bachelor Degree,Divorced,Yes,Suburban,Sales,Mid-Level,Large (1001-5000),Education,Average,Very Fast (100+ Mbps),44,Moderate,Daily,89.0,95.5,77.4,95.0,5,0,81.2,6,3,8825.5,356.0
922,39,4,Female,Bachelor Degree,Married,Yes,Suburban,HR,Senior,Large (1001-5000),Media,Good,Fast (50-100 Mbps),42,Moderate,Few times per week,100.0,96.0,89.3,95.0,10,13,100.0,7,10,8854.0,600.0
923,40,3,Female,High School,Divorced,No,Urban,Sales,Mid-Level,Large (1001-5000),Finance,Average,Slow (<25 Mbps),41,Low,Few times per week,91.8,96.8,94.5,95.0,4,10,100.0,5,6,9310.0,550.8
924,46,4,Male,Bachelor Degree,Single,Yes,Suburban,Finance,Manager,Large (1001-5000),Education,Average,Very Fast (100+ Mbps),40,Moderate,Weekly,89.3,100.0,83.7,95.0,8,23,100.0,4,6,9091.5,1071.6
925,36,5,Female,Bachelor Degree,Single,Yes,Suburban,HR,Junior,Small (51-200),Technology,Poor,Fast (50-100 Mbps),41,Moderate,Daily,58.8,55.5,42.0,80.2,6,0,74.2,6,7,4282.68,58.8
926,41,2,Female,Master Degree,In Relationship,Yes,Suburban,Sales,Lead,Medium (201-1000),Healthcare,Poor,Moderate (25-50 Mbps),50,High,Daily,61.3,64.0,59.0,77.4,8,49,100.0,6,8,4620.780000000001,796.9
927,34,2,Female,Master Degree,Divorced,No,Urban,Customer Success,Mid-Level,Enterprise (5000+),Healthcare,Good,Moderate (25-50 Mbps),39,Moderate,Weekly,93.4,77.8,68.2,95.0,9,26,87.5,4,9,8122.5,280.20000000000005
928,47,4,Male,PhD,Married,No,Urban,Sales,Mid-Level,Small (51-200),Technology,Average,Very Fast (100+ Mbps),55,Very High,Daily,73.6,93.8,86.3,94.3,7,21,100.0,2,7,7798.61,588.8
929,28,3,Male,Master Degree,Married,Yes,Suburban,Engineering,Junior,Enterprise (5000+),Manufacturing,Good,Fast (50-100 Mbps),42,High,Few times per week,85.0,80.6,58.0,94.6,9,27,100.0,4,9,7908.559999999999,0.0
930,51,5,Male,High School,In Relationship,Yes,Suburban,Engineering,Manager,Medium (201-1000),Technology,Good,Very Fast (100+ Mbps),50,High,Daily,81.4,90.7,64.3,95.0,9,0,100.0,5,5,7875.500000000001,895.4000000000001
931,34,3,Female,Master Degree,Single,No,Rural,Engineering,Junior,Medium (201-1000),Healthcare,Excellent,Fast (50-100 Mbps),48,Moderate,Few times per week,84.1,74.9,77.5,88.8,9,16,97.7,2,9,6908.639999999999,0.0
932,22,0,Female,Associate Degree,Single,No,Suburban,HR,Junior,Large (1001-5000),Healthcare,Excellent,Very Fast (100+ Mbps),32,High,Monthly,90.8,100.0,95.0,95.0,4,21,100.0,9,4,9310.0,0.0
933,36,5,Female,Bachelor Degree,Married,Yes,Urban,Product,Mid-Level,Large (1001-5000),Non-profit,Excellent,Fast (50-100 Mbps),33,Moderate,Bi-weekly,74.1,87.3,66.2,95.0,9,0,100.0,4,9,7068.000000000001,222.29999999999998
934,28,4,Male,Bachelor Degree,Single,No,Urban,Engineering,Senior,Medium (201-1000),Technology,Poor,Moderate (25-50 Mbps),37,Moderate,Daily,53.1,50.0,43.8,63.2,10,27,70.7,7,5,2995.68,212.4
935,42,1,Male,Master Degree,Single,Yes,Suburban,Engineering,Senior,Startup (1-50),Healthcare,Excellent,Slow (<25 Mbps),32,Very High,Few times per week,90.1,91.0,73.8,95.0,7,61,100.0,5,7,9310.0,991.0999999999999
936,29,5,Male,Master Degree,Divorced,Yes,Urban,Sales,Junior,Large (1001-5000),Healthcare,Excellent,Moderate (25-50 Mbps),39,High,Bi-weekly,93.1,84.6,67.9,95.0,8,0,100.0,6,8,7723.5,93.1
937,22,2,Male,Associate Degree,Divorced,No,Urban,Sales,Mid-Level,Medium (201-1000),Education,Good,Very Fast (100+ Mbps),45,High,Daily,71.6,79.9,64.9,88.7,5,29,100.0,7,4,6546.06,71.6
938,30,5,Male,Associate Degree,Married,Yes,Rural,Marketing,Senior,Small (51-200),Technology,Poor,Fast (50-100 Mbps),43,Moderate,Weekly,97.1,90.8,75.8,95.0,10,0,95.7,7,6,8255.5,291.29999999999995
939,22,1,Female,Bachelor Degree,Married,No,Suburban,Sales,Mid-Level,Enterprise (5000+),Technology,Good,Very Fast (100+ Mbps),48,High,Few times per week,96.4,98.1,84.0,95.0,7,39,100.0,5,7,8369.5,96.4
940,41,2,Female,Master Degree,Married,Yes,Urban,Data Science,Senior,Startup (1-50),Consulting,Poor,Very Fast (100+ Mbps),47,Moderate,Daily,94.5,83.1,76.0,95.0,8,63,100.0,6,7,7980.0,850.5
941,42,4,Male,Master Degree,Single,No,Suburban,Sales,Senior,Medium (201-1000),Technology,Excellent,Moderate (25-50 Mbps),53,Low,Monthly,97.6,91.8,79.8,92.3,13,24,100.0,5,5,8122.4,1073.6
942,38,1,Female,Bachelor Degree,Single,Yes,Urban,Data Science,Mid-Level,Small (51-200),Healthcare,Poor,Moderate (25-50 Mbps),43,High,Weekly,91.9,88.8,70.7,95.0,9,7,100.0,3,7,9310.0,367.6
943,26,3,Male,Master Degree,Married,Yes,Urban,Engineering,Junior,Small (51-200),Technology,Excellent,Very Fast (100+ Mbps),27,Moderate,Daily,92.4,77.7,79.2,85.8,7,7,100.0,5,3,6469.320000000001,92.4
944,34,4,Female,Bachelor Degree,Single,Yes,Urban,Engineering,Senior,Small (51-200),Technology,Average,Very Fast (100+ Mbps),44,Very High,Weekly,96.9,100.0,90.9,95.0,10,44,100.0,4,2,9310.0,872.1
945,34,2,Male,PhD,Single,Yes,Suburban,HR,Senior,Small (51-200),Technology,Excellent,Fast (50-100 Mbps),55,Moderate,Daily,74.7,87.0,69.9,95.0,5,10,75.6,3,6,8265.0,224.10000000000002
946,24,4,Male,Bachelor Degree,In Relationship,Yes,Urban,Finance,Junior,Large (1001-5000),Healthcare,Poor,Moderate (25-50 Mbps),48,Very High,Daily,94.0,99.0,80.5,95.0,7,22,100.0,5,6,8635.5,0.0
947,48,5,Female,Master Degree,In Relationship,Yes,Rural,Customer Success,Senior,Small (51-200),Technology,Excellent,Fast (50-100 Mbps),49,Moderate,Few times per week,99.9,100.0,83.7,95.0,9,0,100.0,5,1,9101.0,599.4000000000001
948,42,3,Female,PhD,Married,Yes,Urban,Sales,Manager,Small (51-200),Technology,Excellent,Slow (<25 Mbps),42,High,Few times per week,88.8,97.3,91.5,95.0,5,8,100.0,3,7,9310.0,1065.6
949,33,3,Female,Master Degree,Single,Yes,Urban,Design,Junior,Medium (201-1000),Manufacturing,Average,Fast (50-100 Mbps),47,Low,Daily,59.0,68.1,57.7,64.6,14,25,67.3,6,8,4321.74,118.0
950,35,2,Male,Associate Degree,Married,No,Urban,Engineering,Senior,Enterprise (5000+),Healthcare,Excellent,Slow (<25 Mbps),49,High,Few times per week,100.0,98.6,93.4,95.0,10,40,100.0,5,6,9310.0,600.0
951,36,4,Male,Master Degree,Divorced,Yes,Suburban,Engineering,Senior,Large (1001-5000),Technology,Average,Fast (50-100 Mbps),39,Very High,Few times per week,91.6,93.5,78.4,95.0,17,29,100.0,4,8,9310.0,732.8
952,22,5,Female,Associate Degree,Single,Yes,Urban,Sales,Junior,Startup (1-50),Healthcare,Average,Moderate (25-50 Mbps),38,High,Few times per week,67.7,61.1,58.1,74.7,3,0,100.0,8,4,4392.36,0.0
953,32,2,Female,High School,Single,No,Rural,Customer Success,Lead,Startup (1-50),Technology,Good,Moderate (25-50 Mbps),44,Moderate,Daily,100.0,100.0,95.0,95.0,3,32,99.3,1,7,9310.0,700.0
954,25,3,Female,Master Degree,In Relationship,No,Rural,Marketing,Junior,Large (1001-5000),Finance,Average,Very Fast (100+ Mbps),25,Low,Daily,75.0,77.2,39.7,78.9,7,16,90.8,5,7,5388.87,0.0
955,32,3,Female,Master Degree,Married,Yes,Urban,Engineering,Mid-Level,Small (51-200),Technology,Average,Moderate (25-50 Mbps),40,Moderate,Few times per week,55.2,65.3,47.2,76.5,7,15,75.5,7,8,4268.7,165.60000000000002
956,51,2,Female,Bachelor Degree,Single,No,Suburban,Engineering,Junior,Small (51-200),Technology,Good,Very Fast (100+ Mbps),30,Moderate,Few times per week,100.0,81.1,73.4,95.0,15,54,100.0,5,8,9082.0,300.0
957,40,4,Male,Bachelor Degree,Married,Yes,Suburban,Sales,Junior,Large (1001-5000),Finance,Excellent,Very Fast (100+ Mbps),41,High,Bi-weekly,87.2,90.7,91.8,95.0,10,16,100.0,6,4,9310.0,436.0
958,29,2,Male,PhD,Married,No,Suburban,Marketing,Junior,Medium (201-1000),Manufacturing,Good,Moderate (25-50 Mbps),52,Very High,Daily,83.3,85.6,91.3,86.1,7,0,100.0,8,3,7258.23,0.0
959,40,4,Male,Bachelor Degree,Single,No,Suburban,Finance,Mid-Level,Medium (201-1000),Technology,Excellent,Moderate (25-50 Mbps),38,Very Low,Weekly,66.4,59.4,41.0,85.4,12,37,65.4,4,10,4987.360000000001,265.6
960,47,3,Male,Bachelor Degree,Single,No,Rural,Operations,Lead,Startup (1-50),Technology,Good,Very Fast (100+ Mbps),40,Low,Daily,72.2,93.0,57.7,95.0,8,32,100.0,3,6,8122.5,938.6
961,43,3,Female,Bachelor Degree,Married,Yes,Urban,Design,Senior,Small (51-200),Healthcare,Average,Fast (50-100 Mbps),45,High,Daily,83.9,89.0,56.4,95.0,8,15,100.0,7,8,8236.5,755.1
962,35,1,Female,Master Degree,Married,No,Suburban,Engineering,Junior,Small (51-200),Healthcare,Average,Fast (50-100 Mbps),47,Moderate,Few times per week,100.0,100.0,77.7,95.0,9,9,100.0,7,7,8721.0,0.0
963,29,4,Female,Bachelor Degree,Married,No,Urban,Sales,Junior,Small (51-200),Technology,Average,Very Fast (100+ Mbps),47,Moderate,Weekly,47.5,50.0,44.5,51.0,7,18,71.8,8,2,1912.5,0.0
964,41,1,Male,Master Degree,Divorced,No,Urban,Marketing,Mid-Level,Enterprise (5000+),Technology,Good,Moderate (25-50 Mbps),42,Moderate,Bi-weekly,89.4,86.6,84.6,95.0,4,34,98.5,10,6,8911.0,715.2
965,38,1,Male,Bachelor Degree,Married,No,Urban,Finance,Mid-Level,Startup (1-50),Technology,Good,Fast (50-100 Mbps),45,Moderate,Weekly,79.3,80.3,65.5,93.5,13,46,97.7,5,7,7900.75,317.2
966,43,3,Male,Bachelor Degree,Divorced,No,Rural,Marketing,Mid-Level,Medium (201-1000),Technology,Average,Slow (<25 Mbps),45,Very High,Daily,100.0,100.0,66.6,95.0,8,51,100.0,5,8,9310.0,300.0
967,40,4,Female,Bachelor Degree,Divorced,No,Rural,Product,Lead,Medium (201-1000),Finance,Average,Very Fast (100+ Mbps),37,Low,Weekly,90.0,83.1,85.9,95.0,8,29,92.1,8,10,8303.0,810.0
968,44,0,Male,Associate Degree,Single,No,Urban,Operations,Senior,Small (51-200),Technology,Average,Very Fast (100+ Mbps),31,High,Weekly,100.0,89.7,76.7,95.0,3,48,100.0,8,5,8369.5,500.0
969,30,0,Female,Bachelor Degree,Married,No,Rural,Engineering,Junior,Large (1001-5000),Education,Excellent,Moderate (25-50 Mbps),36,High,Few times per week,69.3,74.0,46.8,95.0,8,3,100.0,5,3,6764.0,138.6
970,46,4,Male,Associate Degree,Married,Yes,Suburban,Engineering,Manager,Large (1001-5000),Non-profit,Good,Very Fast (100+ Mbps),50,High,Monthly,94.9,94.0,95.0,95.0,8,8,100.0,3,6,9234.0,2182.7000000000003
971,36,4,Male,Master Degree,Single,No,Suburban,HR,Junior,Enterprise (5000+),Education,Good,Very Fast (100+ Mbps),55,Moderate,Daily,46.2,50.0,34.4,55.0,5,41,52.5,6,2,1925.0,92.4
972,53,2,Female,Bachelor Degree,Divorced,Yes,Urban,Finance,Senior,Small (51-200),Finance,Excellent,Slow (<25 Mbps),41,Moderate,Weekly,100.0,95.0,95.0,95.0,8,8,81.7,4,6,9310.0,1200.0
973,28,4,Female,Master Degree,Single,No,Suburban,Engineering,Mid-Level,Startup (1-50),Education,Average,Moderate (25-50 Mbps),50,Moderate,Daily,96.2,100.0,83.7,95.0,9,13,90.8,8,5,9310.0,192.4
974,50,3,Female,PhD,Married,Yes,Urban,Engineering,Mid-Level,Startup (1-50),Education,Good,Fast (50-100 Mbps),40,Moderate,Weekly,96.4,94.6,82.3,95.0,10,30,100.0,8,5,8645.0,482.0
975,36,4,Female,Master Degree,Married,No,Urban,Operations,Junior,Small (51-200),Consulting,Average,Fast (50-100 Mbps),44,Moderate,Weekly,71.0,86.5,58.6,89.4,11,30,100.0,8,1,6856.9800000000005,142.0
976,32,4,Female,Bachelor Degree,Married,No,Suburban,Marketing,Mid-Level,Small (51-200),Technology,Average,Moderate (25-50 Mbps),38,Very High,Daily,92.4,97.8,91.7,95.0,8,48,100.0,6,9,9310.0,277.20000000000005
977,38,3,Female,PhD,Single,No,Rural,Sales,Junior,Enterprise (5000+),Finance,Good,Very Fast (100+ Mbps),36,Moderate,Daily,96.5,81.0,51.1,95.0,7,7,100.0,4,3,8426.5,96.5
978,39,3,Male,Master Degree,Single,Yes,Suburban,Design,Mid-Level,Medium (201-1000),Finance,Average,Very Fast (100+ Mbps),42,Very High,Bi-weekly,100.0,100.0,93.6,95.0,10,29,100.0,5,8,9310.0,800.0
979,29,4,Female,Master Degree,Divorced,Yes,Urban,Engineering,Junior,Medium (201-1000),Technology,Average,Moderate (25-50 Mbps),46,High,Daily,40.0,51.3,33.4,65.3,8,51,100.0,6,8,2709.95,0.0
980,34,5,Male,Master Degree,Single,No,Urban,HR,Junior,Small (51-200),Finance,Average,Very Fast (100+ Mbps),42,High,Few times per week,89.0,100.0,83.0,95.0,12,0,100.0,6,5,9310.0,0.0
981,50,0,Male,High School,Married,No,Rural,Engineering,Manager,Large (1001-5000),Education,Excellent,Slow (<25 Mbps),36,Very High,Weekly,86.5,96.7,95.0,95.0,3,2,100.0,4,7,8749.5,1816.5
982,38,1,Male,Master Degree,Single,No,Rural,Marketing,Mid-Level,Startup (1-50),Government,Good,Moderate (25-50 Mbps),31,High,Monthly,76.6,94.2,85.3,95.0,11,53,100.0,8,3,8645.0,229.79999999999998
983,35,5,Female,Associate Degree,Married,No,Suburban,Engineering,Mid-Level,Large (1001-5000),Technology,Average,Fast (50-100 Mbps),39,Moderate,Weekly,91.3,86.7,68.0,95.0,6,0,100.0,8,5,8436.0,639.1
984,36,4,Male,Bachelor Degree,Married,No,Suburban,Finance,Senior,Medium (201-1000),Technology,Good,Fast (50-100 Mbps),41,High,Weekly,96.3,93.6,95.0,95.0,12,22,100.0,7,6,9310.0,866.6999999999999
985,40,4,Male,Bachelor Degree,Married,No,Suburban,Operations,Lead,Large (1001-5000),Consulting,Good,Very Fast (100+ Mbps),45,Moderate,Bi-weekly,95.3,100.0,76.0,95.0,5,35,100.0,7,10,9310.0,857.6999999999999
986,25,0,Female,Bachelor Degree,Married,No,Urban,Engineering,Junior,Large (1001-5000),Government,Excellent,Fast (50-100 Mbps),34,Low,Few times per week,65.5,86.7,65.2,95.0,11,63,95.1,7,5,8084.499999999999,65.5
987,32,5,Female,High School,Single,No,Urban,Engineering,Senior,Small (51-200),Healthcare,Good,Very Fast (100+ Mbps),46,Moderate,Daily,79.6,76.4,62.0,93.0,8,0,83.9,9,6,7170.299999999999,398.0
988,22,4,Female,Master Degree,Married,No,Suburban,HR,Junior,Medium (201-1000),Technology,Average,Fast (50-100 Mbps),38,High,Weekly,84.5,94.0,84.5,95.0,8,0,100.0,8,7,8702.0,0.0
989,38,4,Male,Master Degree,Single,Yes,Suburban,Engineering,Senior,Startup (1-50),Healthcare,Excellent,Very Fast (100+ Mbps),38,High,Daily,100.0,98.1,71.1,95.0,8,31,100.0,5,6,9310.0,700.0
990,40,2,Female,Master Degree,Single,Yes,Rural,Marketing,Mid-Level,Medium (201-1000),Technology,Good,Very Fast (100+ Mbps),49,Very High,Daily,100.0,100.0,68.7,95.0,10,59,100.0,6,7,8825.5,100.0
991,30,0,Male,Bachelor Degree,Married,No,Urban,Sales,Junior,Startup (1-50),Media,Excellent,Very Fast (100+ Mbps),27,High,Weekly,69.7,62.2,53.2,82.8,8,42,100.0,6,7,5232.96,0.0
992,49,3,Male,PhD,Single,No,Suburban,Design,Senior,Medium (201-1000),Retail,Average,Moderate (25-50 Mbps),34,Very High,Monthly,100.0,82.4,74.0,95.0,5,47,100.0,6,3,8673.5,800.0
993,23,4,Female,Associate Degree,Married,Yes,Suburban,Marketing,Junior,Startup (1-50),Technology,Average,Very Fast (100+ Mbps),42,Low,Few times per week,59.4,55.5,63.2,63.1,10,28,80.9,5,6,3489.43,0.0
994,22,1,Female,Master Degree,Married,Yes,Suburban,Finance,Mid-Level,Enterprise (5000+),Media,Good,Very Fast (100+ Mbps),41,Moderate,Daily,52.2,70.3,57.6,69.3,6,68,82.0,8,8,3873.87,0.0
995,37,4,Female,Associate Degree,Divorced,No,Urban,Engineering,Senior,Medium (201-1000),Education,Excellent,Very Fast (100+ Mbps),31,High,Few times per week,100.0,96.7,74.1,95.0,9,0,100.0,8,7,9310.0,500.0
996,44,2,Female,Bachelor Degree,Married,Yes,Suburban,Engineering,Manager,Enterprise (5000+),Government,Excellent,Very Fast (100+ Mbps),39,High,Few times per week,96.3,94.8,95.0,95.0,5,53,100.0,5,6,9310.0,1251.8999999999999
997,50,4,Male,Bachelor Degree,Single,Yes,Suburban,Engineering,Mid-Level,Startup (1-50),Non-profit,Good,Moderate (25-50 Mbps),47,Moderate,Few times per week,100.0,93.9,93.1,95.0,7,0,100.0,3,8,9310.0,800.0
998,30,3,Female,Master Degree,Married,Yes,Suburban,Sales,Mid-Level,Medium (201-1000),Technology,Good,Fast (50-100 Mbps),35,High,Few times per week,93.9,89.2,95.0,95.0,6,30,100.0,1,7,8654.5,375.6
999,44,1,Male,High School,Single,No,Suburban,Finance,Manager,Small (51-200),Technology,Good,Very Fast (100+ Mbps),48,Low,Daily,100.0,90.9,93.0,95.0,9,11,100.0,3,8,9310.0,2000.0
1000,34,3,Female,Bachelor Degree,Married,No,Suburban,Operations,Mid-Level,Medium (201-1000),Healthcare,Average,Very Fast (100+ Mbps),37,High,Few times per week,82.4,78.2,59.6,95.0,10,37,100.0,4,3,7676.0,247.20000000000002
1001,33,3,Female,Bachelor Degree,Single,Yes,Urban,Sales,Junior,Large (1001-5000),Government,Poor,Slow (<25 Mbps),30,Low,Bi-weekly,57.3,61.4,48.0,74.3,5,18,86.6,7,7,4145.94,57.3
1002,42,1,Female,Bachelor Degree,Single,Yes,Urban,Finance,Senior,Enterprise (5000+),Non-profit,Excellent,Fast (50-100 Mbps),46,Moderate,Weekly,100.0,92.2,87.1,95.0,11,37,100.0,4,7,9310.0,600.0
1003,40,4,Female,Master Degree,Married,No,Suburban,Engineering,Mid-Level,Small (51-200),Healthcare,Excellent,Very Fast (100+ Mbps),43,Low,Daily,72.1,70.1,59.8,82.7,3,15,100.0,6,7,5607.06,432.59999999999997
1004,22,0,Female,Bachelor Degree,Married,No,Urban,Engineering,Junior,Enterprise (5000+),Technology,Good,Very Fast (100+ Mbps),33,Very High,Few times per week,67.8,69.7,72.5,85.0,6,71,100.0,5,9,5168.0,67.8
1005,48,2,Female,Bachelor Degree,Married,No,Rural,Customer Success,Lead,Large (1001-5000),Technology,Good,Very Fast (100+ Mbps),38,Very High,Daily,90.8,100.0,95.0,95.0,12,30,100.0,8,6,9310.0,635.6
1006,47,0,Male,Bachelor Degree,Married,Yes,Urban,Operations,Senior,Enterprise (5000+),Manufacturing,Good,Very Fast (100+ Mbps),52,Moderate,Monthly,100.0,90.8,85.7,95.0,3,17,92.9,6,8,9310.0,300.0
1007,29,1,Male,Bachelor Degree,Married,Yes,Suburban,Operations,Mid-Level,Medium (201-1000),Education,Average,Moderate (25-50 Mbps),45,Low,Daily,52.7,52.8,42.8,44.0,10,5,78.0,7,8,1790.8000000000002,263.5
1008,38,2,Female,Bachelor Degree,Married,No,Suburban,Sales,Mid-Level,Enterprise (5000+),Healthcare,Excellent,Very Fast (100+ Mbps),48,Moderate,Bi-weekly,99.8,96.7,65.2,95.0,9,17,84.3,6,5,9310.0,299.4
1009,39,0,Female,Master Degree,Married,Yes,Urban,Sales,Junior,Large (1001-5000),Healthcare,Average,Moderate (25-50 Mbps),35,Moderate,Weekly,99.1,97.6,90.5,95.0,7,14,100.0,8,5,9025.0,198.2
1010,37,3,Male,Associate Degree,Single,No,Suburban,Engineering,Mid-Level,Startup (1-50),Retail,Good,Fast (50-100 Mbps),49,Very High,Few times per week,100.0,93.2,91.3,95.0,9,25,100.0,7,9,8797.0,300.0
1011,30,1,Male,Associate Degree,Married,Yes,Suburban,Customer Success,Mid-Level,Small (51-200),Consulting,Poor,Very Fast (100+ Mbps),33,High,Daily,88.9,87.1,77.3,95.0,14,29,100.0,6,5,8303.0,266.70000000000005
1012,28,4,Male,Bachelor Degree,Married,Yes,Urban,Operations,Mid-Level,Small (51-200),Finance,Average,Moderate (25-50 Mbps),33,High,Bi-weekly,92.0,99.5,61.1,95.0,8,0,100.0,6,6,8673.5,184.0
1013,34,0,Female,Bachelor Degree,Single,Yes,Rural,Engineering,Mid-Level,Medium (201-1000),Technology,Average,Very Fast (100+ Mbps),47,Moderate,Daily,94.3,100.0,77.7,95.0,3,26,98.4,10,7,9310.0,565.8
1014,45,0,Male,Bachelor Degree,Single,No,Urban,Customer Success,Mid-Level,Large (1001-5000),Retail,Excellent,Fast (50-100 Mbps),34,High,Daily,81.5,98.4,80.8,95.0,11,0,100.0,7,5,8540.5,326.0
1015,39,2,Male,Bachelor Degree,Single,Yes,Suburban,Marketing,Junior,Large (1001-5000),Media,Average,Moderate (25-50 Mbps),51,High,Daily,59.2,71.4,63.2,83.8,11,51,100.0,7,7,5882.76,177.60000000000002
1016,31,5,Female,Bachelor Degree,Married,Yes,Urban,HR,Mid-Level,Large (1001-5000),Finance,Excellent,Slow (<25 Mbps),34,Moderate,Few times per week,84.3,73.8,83.1,95.0,8,0,83.3,3,5,7941.999999999999,252.89999999999998
1017,41,4,Female,High School,Married,Yes,Urban,Engineering,Senior,Medium (201-1000),Technology,Average,Very Fast (100+ Mbps),36,Low,Daily,100.0,100.0,95.0,95.0,5,21,100.0,8,7,9310.0,1100.0
1018,22,4,Male,Master Degree,Married,Yes,Rural,Engineering,Junior,Startup (1-50),Technology,Excellent,Very Fast (100+ Mbps),48,Moderate,Monthly,82.0,91.0,76.1,95.0,6,5,88.2,6,7,8322.0,82.0
1019,45,1,Male,Master Degree,Married,Yes,Suburban,Engineering,Senior,Small (51-200),Technology,Excellent,Fast (50-100 Mbps),38,Moderate,Daily,87.9,100.0,84.3,95.0,9,30,100.0,5,8,9310.0,615.3000000000001
1020,22,4,Female,Master Degree,In Relationship,Yes,Urban,Engineering,Junior,Large (1001-5000),Technology,Excellent,Very Fast (100+ Mbps),46,Very Low,Weekly,58.6,52.3,49.5,68.3,8,39,100.0,6,8,3619.8999999999996,58.6
1021,31,0,Male,Bachelor Degree,Single,Yes,Suburban,HR,Mid-Level,Startup (1-50),Education,Excellent,Fast (50-100 Mbps),35,Very High,Daily,99.0,100.0,81.7,95.0,10,29,100.0,6,7,9310.0,495.0
1022,23,4,Female,PhD,Married,No,Rural,Operations,Junior,Medium (201-1000),Education,Poor,Fast (50-100 Mbps),46,Moderate,Daily,74.8,74.9,58.2,95.0,6,37,94.2,5,6,7115.500000000001,0.0
1023,45,2,Male,Master Degree,Married,Yes,Suburban,Product,Junior,Startup (1-50),Technology,Good,Very Fast (100+ Mbps),36,High,Monthly,93.8,96.0,74.4,95.0,14,23,100.0,7,7,9310.0,281.4
1024,30,5,Female,Bachelor Degree,Married,Yes,Rural,Engineering,Mid-Level,Small (51-200),Technology,Average,Moderate (25-50 Mbps),48,High,Daily,87.0,75.3,70.1,94.8,12,0,100.0,4,5,7261.679999999999,174.0
1025,38,0,Male,Bachelor Degree,Married,No,Suburban,Product,Mid-Level,Startup (1-50),Healthcare,Excellent,Fast (50-100 Mbps),39,High,Weekly,94.3,92.6,75.5,95.0,9,17,100.0,8,9,9091.5,377.2
1026,34,5,Male,Bachelor Degree,In Relationship,Yes,Suburban,Product,Junior,Enterprise (5000+),Healthcare,Good,Very Fast (100+ Mbps),42,Moderate,Daily,84.4,96.5,67.2,95.0,11,0,100.0,3,3,8521.5,168.8
1027,39,4,Female,Bachelor Degree,Married,Yes,Rural,Marketing,Senior,Small (51-200),Technology,Excellent,Moderate (25-50 Mbps),35,High,Weekly,99.7,88.0,85.0,95.0,9,11,100.0,6,8,8977.5,498.5
1028,35,3,Female,Bachelor Degree,Single,No,Urban,Engineering,Junior,Large (1001-5000),Consulting,Excellent,Very Fast (100+ Mbps),37,High,Daily,78.2,94.9,78.3,95.0,2,37,100.0,5,6,8768.5,156.4
1029,23,0,Male,Master Degree,Married,No,Urban,Finance,Mid-Level,Startup (1-50),Technology,Excellent,Very Fast (100+ Mbps),36,High,Daily,91.8,96.4,87.2,95.0,12,39,100.0,2,9,9006.0,0.0
1030,43,2,Male,Master Degree,Single,No,Urban,Sales,Mid-Level,Large (1001-5000),Finance,Good,Very Fast (100+ Mbps),38,High,Weekly,80.9,100.0,85.9,95.0,5,45,100.0,7,7,9310.0,80.9
1031,30,5,Male,Bachelor Degree,Married,Yes,Urban,Customer Success,Mid-Level,Medium (201-1000),Healthcare,Excellent,Moderate (25-50 Mbps),51,Low,Daily,77.1,67.8,67.3,89.2,8,0,100.0,6,8,7136.0,385.5
1032,22,2,Male,Associate Degree,Single,No,Urban,Engineering,Mid-Level,Large (1001-5000),Consulting,Average,Very Fast (100+ Mbps),48,Very Low,Few times per week,45.8,60.1,45.6,66.9,9,9,56.2,7,8,3003.81,0.0
1033,31,4,Female,Bachelor Degree,Married,Yes,Suburban,Marketing,Mid-Level,Large (1001-5000),Finance,Good,Very Fast (100+ Mbps),44,Moderate,Daily,63.6,51.1,52.9,85.3,9,50,53.9,5,7,4921.81,318.0
1034,48,5,Male,High School,Married,No,Suburban,Marketing,Junior,Medium (201-1000),Finance,Average,Slow (<25 Mbps),38,Very Low,Weekly,55.1,56.9,38.7,61.4,12,0,63.4,8,2,2904.22,55.1
1035,31,3,Male,Bachelor Degree,Married,Yes,Urban,Sales,Mid-Level,Medium (201-1000),Finance,Average,Moderate (25-50 Mbps),36,Moderate,Daily,91.6,89.3,95.0,95.0,5,9,97.5,4,9,7989.499999999999,183.2
1036,31,4,Female,Bachelor Degree,Married,No,Urban,Engineering,Junior,Large (1001-5000),Retail,Average,Very Fast (100+ Mbps),40,High,Weekly,76.1,83.4,62.2,95.0,7,32,100.0,7,8,7229.499999999999,0.0
1037,32,1,Female,PhD,Married,No,Suburban,Marketing,Junior,Medium (201-1000),Technology,Excellent,Moderate (25-50 Mbps),43,Moderate,Daily,60.7,54.0,48.1,80.0,7,16,100.0,9,9,4544.0,0.0
1038,53,1,Female,Bachelor Degree,Divorced,No,Suburban,Customer Success,Mid-Level,Enterprise (5000+),Consulting,Average,Fast (50-100 Mbps),45,High,Few times per week,92.4,93.1,78.2,95.0,8,3,100.0,8,6,9310.0,277.20000000000005
1039,38,3,Male,Bachelor Degree,Married,No,Urban,Engineering,Senior,Large (1001-5000),Technology,Good,Moderate (25-50 Mbps),42,Moderate,Few times per week,91.5,100.0,88.5,95.0,10,31,74.6,4,6,9310.0,732.0
1040,38,3,Male,Associate Degree,Single,No,Rural,HR,Senior,Small (51-200),Non-profit,Good,Slow (<25 Mbps),45,Very High,Bi-weekly,92.0,89.6,95.0,95.0,15,28,100.0,5,8,9310.0,736.0
1041,44,4,Male,Bachelor Degree,In Relationship,No,Suburban,Engineering,Mid-Level,Medium (201-1000),Finance,Good,Moderate (25-50 Mbps),47,High,Daily,100.0,100.0,85.0,95.0,12,33,100.0,7,5,9310.0,200.0
1042,32,5,Female,Master Degree,Married,No,Urban,Product,Senior,Large (1001-5000),Finance,Average,Moderate (25-50 Mbps),48,Moderate,Few times per week,92.2,83.2,63.3,95.0,10,0,97.4,5,6,7790.0,829.8000000000001
1043,33,0,Female,Bachelor Degree,Married,Yes,Suburban,Sales,Mid-Level,Enterprise (5000+),Technology,Excellent,Fast (50-100 Mbps),36,Moderate,Few times per week,98.2,100.0,78.5,95.0,11,51,100.0,5,5,9310.0,687.4
1044,34,4,Female,Bachelor Degree,Single,Yes,Suburban,Product,Senior,Small (51-200),Technology,Good,Very Fast (100+ Mbps),45,Moderate,Few times per week,94.0,81.3,81.0,91.5,6,26,99.2,2,7,6835.05,564.0
1045,34,3,Male,Master Degree,In Relationship,No,Suburban,Marketing,Mid-Level,Small (51-200),Consulting,Average,Moderate (25-50 Mbps),42,High,Daily,94.0,100.0,71.7,95.0,10,23,100.0,6,5,9310.0,282.0
1046,41,1,Female,High School,Married,No,Suburban,Sales,Senior,Medium (201-1000),Finance,Average,Fast (50-100 Mbps),43,Moderate,Few times per week,100.0,97.9,86.5,95.0,3,61,100.0,3,7,9310.0,1100.0
1047,41,4,Male,Bachelor Degree,Divorced,Yes,Suburban,Engineering,Mid-Level,Medium (201-1000),Technology,Good,Very Fast (100+ Mbps),49,Moderate,Few times per week,89.3,99.1,72.2,95.0,5,41,100.0,7,8,9310.0,267.9
1048,34,5,Male,Master Degree,Married,No,Suburban,Engineering,Junior,Medium (201-1000),Government,Average,Fast (50-100 Mbps),38,Moderate,Daily,72.0,83.8,86.4,95.0,9,0,100.0,5,7,7980.0,72.0
1049,35,2,Female,Bachelor Degree,Single,No,Suburban,Operations,Senior,Small (51-200),Technology,Average,Fast (50-100 Mbps),50,Low,Daily,68.9,77.8,58.5,81.3,8,0,68.5,9,8,5422.71,275.6
1050,22,3,Male,Bachelor Degree,Single,No,Suburban,Customer Success,Junior,Small (51-200),Technology,Good,Fast (50-100 Mbps),50,High,Few times per week,66.2,68.1,56.2,83.1,11,16,97.1,7,10,5185.44,66.2
1051,43,2,Male,Master Degree,Married,Yes,Suburban,HR,Lead,Startup (1-50),Government,Average,Very Fast (100+ Mbps),44,High,Few times per week,70.7,63.0,57.7,87.9,7,34,100.0,5,6,5950.830000000001,848.4000000000001
1052,38,0,Female,Bachelor Degree,Single,No,Urban,Engineering,Junior,Large (1001-5000),Media,Good,Fast (50-100 Mbps),40,High,Daily,100.0,98.1,87.1,95.0,11,47,100.0,7,7,9129.5,0.0
1053,43,4,Female,Bachelor Degree,Divorced,Yes,Suburban,Design,Lead,Small (51-200),Technology,Average,Moderate (25-50 Mbps),36,High,Few times per week,83.9,100.0,86.4,95.0,8,37,100.0,8,3,9310.0,1090.7
1054,22,4,Male,Associate Degree,Married,Yes,Suburban,Finance,Junior,Small (51-200),Consulting,Good,Very Fast (100+ Mbps),30,Very High,Weekly,78.1,91.5,66.0,95.0,6,40,100.0,5,10,8046.5,78.1
1055,53,2,Male,Master Degree,Married,Yes,Suburban,Design,Senior,Medium (201-1000),Technology,Good,Fast (50-100 Mbps),45,Moderate,Daily,70.7,59.9,60.3,82.8,8,39,95.8,6,7,5539.320000000001,353.5
1056,33,5,Female,Master Degree,Married,No,Urban,Sales,Senior,Startup (1-50),Technology,Average,Very Fast (100+ Mbps),35,High,Weekly,95.0,94.5,83.0,95.0,13,0,100.0,4,3,8398.0,475.0
1057,44,0,Female,PhD,Married,No,Suburban,Finance,Mid-Level,Enterprise (5000+),Consulting,Excellent,Very Fast (100+ Mbps),36,Moderate,Monthly,100.0,82.8,84.9,95.0,8,32,99.5,5,6,8882.5,500.0
1058,25,4,Male,PhD,Married,No,Suburban,Customer Success,Junior,Small (51-200),Manufacturing,Average,Fast (50-100 Mbps),45,Very High,Daily,100.0,96.1,76.6,95.0,7,42,100.0,6,3,8597.5,100.0
1059,40,3,Female,Master Degree,Married,Yes,Suburban,Sales,Junior,Large (1001-5000),Technology,Average,Very Fast (100+ Mbps),39,Very High,Daily,93.0,100.0,83.3,95.0,5,27,100.0,6,6,9310.0,279.0
1060,25,3,Female,Master Degree,In Relationship,No,Suburban,Data Science,Junior,Medium (201-1000),Technology,Poor,Fast (50-100 Mbps),43,Moderate,Few times per week,40.0,52.3,39.7,45.8,7,43,59.1,7,5,1603.0,40.0
1061,29,3,Female,Master Degree,Married,No,Urban,Engineering,Senior,Large (1001-5000),Technology,Good,Fast (50-100 Mbps),44,Low,Daily,82.4,88.8,62.7,85.5,7,32,88.1,9,6,7087.950000000001,494.40000000000003
1062,52,2,Male,Bachelor Degree,Married,No,Urban,Sales,Manager,Small (51-200),Manufacturing,Average,Very Fast (100+ Mbps),51,High,Weekly,94.4,100.0,78.8,95.0,10,35,100.0,8,3,8873.0,1132.8000000000002
1063,33,4,Male,Bachelor Degree,Single,No,Suburban,Design,Mid-Level,Small (51-200),Government,Average,Very Fast (100+ Mbps),43,Very High,Daily,91.2,99.2,76.9,95.0,3,38,100.0,8,8,9310.0,364.8
1064,36,4,Female,Bachelor Degree,Married,Yes,Urban,Data Science,Junior,Large (1001-5000),Technology,Average,Moderate (25-50 Mbps),38,Very High,Daily,99.7,100.0,95.0,95.0,5,29,100.0,6,8,9310.0,99.7
1065,42,2,Male,Bachelor Degree,Married,No,Suburban,Sales,Junior,Small (51-200),Consulting,Excellent,Very Fast (100+ Mbps),41,Low,Daily,93.8,84.5,63.8,95.0,7,40,55.4,3,4,7723.5,93.8
1066,39,4,Female,Master Degree,Married,No,Suburban,Engineering,Mid-Level,Large (1001-5000),Technology,Good,Fast (50-100 Mbps),38,Moderate,Daily,100.0,100.0,83.1,95.0,6,12,100.0,6,8,9310.0,200.0
1067,36,2,Male,Bachelor Degree,Single,No,Rural,HR,Lead,Small (51-200),Retail,Good,Moderate (25-50 Mbps),53,Low,Daily,91.0,94.0,83.6,95.0,9,31,100.0,5,4,9310.0,1001.0
1068,38,4,Male,Bachelor Degree,Divorced,No,Urban,Design,Senior,Large (1001-5000),Technology,Good,Moderate (25-50 Mbps),44,Very High,Daily,96.5,87.0,74.2,95.0,9,17,100.0,2,3,9310.0,772.0
1069,56,1,Male,Bachelor Degree,Married,Yes,Urban,Operations,Lead,Enterprise (5000+),Education,Average,Fast (50-100 Mbps),45,Low,Daily,78.5,87.3,66.9,95.0,9,40,85.2,4,4,7980.0,785.0
1070,34,1,Male,Master Degree,Married,No,Suburban,Operations,Mid-Level,Enterprise (5000+),Technology,Good,Very Fast (100+ Mbps),50,Moderate,Few times per week,100.0,88.5,82.5,95.0,7,38,100.0,7,2,8208.0,500.0
1071,36,2,Female,Master Degree,Married,No,Suburban,HR,Mid-Level,Small (51-200),Media,Average,Very Fast (100+ Mbps),36,Low,Daily,100.0,95.3,95.0,95.0,8,31,100.0,6,6,9310.0,1000.0
1072,44,3,Male,Bachelor Degree,Married,Yes,Urban,Engineering,Senior,Small (51-200),Technology,Good,Very Fast (100+ Mbps),33,Very High,Weekly,96.5,100.0,77.5,95.0,11,23,100.0,9,10,9310.0,965.0
1073,44,4,Female,Bachelor Degree,Married,No,Suburban,Data Science,Senior,Enterprise (5000+),Finance,Excellent,Fast (50-100 Mbps),41,Moderate,Daily,91.0,100.0,72.9,95.0,7,31,100.0,9,9,9310.0,364.0
1074,45,3,Female,Bachelor Degree,Married,Yes,Suburban,Sales,Manager,Large (1001-5000),Consulting,Excellent,Very Fast (100+ Mbps),33,Moderate,Daily,99.3,95.0,79.5,95.0,12,0,100.0,6,6,9300.5,1092.3
1075,40,0,Male,Associate Degree,Single,Yes,Urban,Operations,Mid-Level,Startup (1-50),Finance,Good,Moderate (25-50 Mbps),39,Moderate,Daily,79.7,81.8,54.4,95.0,6,5,100.0,4,8,8303.0,717.3000000000001
1076,24,2,Female,Bachelor Degree,Married,No,Urban,Marketing,Junior,Medium (201-1000),Technology,Good,Fast (50-100 Mbps),28,High,Weekly,93.0,100.0,93.6,95.0,2,31,100.0,5,8,9310.0,0.0
1077,49,4,Male,Master Degree,Single,No,Suburban,Marketing,Senior,Small (51-200),Healthcare,Good,Very Fast (100+ Mbps),33,Moderate,Few times per week,67.1,85.5,75.8,95.0,6,43,100.0,4,4,7666.5,872.3
1078,24,4,Female,Bachelor Degree,Married,Yes,Urban,Finance,Junior,Enterprise (5000+),Consulting,Average,Very Fast (100+ Mbps),49,Very Low,Daily,72.7,66.1,52.9,95.0,10,46,86.1,6,5,6688.000000000001,0.0
1079,37,1,Female,Bachelor Degree,Single,Yes,Urban,Data Science,Lead,Startup (1-50),Finance,Good,Fast (50-100 Mbps),44,Moderate,Daily,88.2,83.5,71.9,95.0,11,5,100.0,8,7,8208.0,617.4
1080,28,0,Male,High School,Divorced,Yes,Urban,Finance,Junior,Medium (201-1000),Technology,Poor,Very Fast (100+ Mbps),52,Moderate,Monthly,53.5,50.0,41.9,55.4,8,97,37.6,8,5,2121.8199999999997,0.0
1081,34,4,Male,Bachelor Degree,Married,Yes,Suburban,Customer Success,Junior,Large (1001-5000),Finance,Poor,Fast (50-100 Mbps),41,Moderate,Weekly,69.7,80.0,70.7,81.1,3,11,100.0,4,9,5847.3099999999995,0.0
1082,37,1,Female,High School,Married,Yes,Suburban,Engineering,Junior,Enterprise (5000+),Government,Excellent,Moderate (25-50 Mbps),41,Moderate,Daily,83.3,80.4,76.3,94.2,4,15,85.9,6,5,7451.219999999999,0.0
1083,37,1,Female,Bachelor Degree,Married,Yes,Urban,Customer Success,Lead,Large (1001-5000),Technology,Average,Slow (<25 Mbps),43,High,Few times per week,66.8,65.3,58.4,72.7,9,0,100.0,7,8,4740.04,534.4
1084,38,0,Male,Bachelor Degree,Divorced,Yes,Urban,Sales,Lead,Small (51-200),Finance,Average,Fast (50-100 Mbps),63,High,Few times per week,100.0,92.5,88.8,95.0,3,21,100.0,5,8,9310.0,800.0
1085,49,3,Female,Master Degree,Single,No,Urban,Engineering,Senior,Medium (201-1000),Education,Good,Moderate (25-50 Mbps),48,Moderate,Daily,87.7,89.8,63.4,94.5,5,19,100.0,8,6,7163.099999999999,877.0
1086,39,3,Male,Bachelor Degree,Married,No,Suburban,Engineering,Junior,Enterprise (5000+),Technology,Good,Fast (50-100 Mbps),36,Very High,Weekly,88.3,95.8,71.7,95.0,8,48,100.0,5,5,8179.499999999999,88.3
1087,32,4,Female,Bachelor Degree,Married,No,Urban,Finance,Mid-Level,Large (1001-5000),Finance,Average,Fast (50-100 Mbps),44,Moderate,Weekly,60.9,58.7,58.6,52.8,7,37,65.0,6,2,2444.64,243.6
1088,43,2,Male,Bachelor Degree,Single,No,Suburban,Data Science,Lead,Large (1001-5000),Government,Poor,Fast (50-100 Mbps),42,Moderate,Few times per week,72.7,82.7,82.4,84.8,10,57,82.9,6,8,5851.2,727.0
1089,45,4,Female,Master Degree,Single,Yes,Urban,Finance,Mid-Level,Large (1001-5000),Technology,Good,Very Fast (100+ Mbps),46,Moderate,Weekly,61.2,85.1,61.6,86.5,12,53,82.0,5,6,6331.8,489.6
1090,23,1,Male,Associate Degree,Single,No,Urban,Engineering,Mid-Level,Small (51-200),Manufacturing,Excellent,Very Fast (100+ Mbps),53,Low,Few times per week,56.0,55.9,57.4,68.1,5,79,73.9,9,6,3384.5699999999997,0.0
1091,40,4,Female,Master Degree,Single,No,Urban,Engineering,Junior,Large (1001-5000),Consulting,Good,Fast (50-100 Mbps),45,High,Daily,95.7,82.3,65.4,93.2,8,54,100.0,7,2,7577.16,287.1
1092,41,3,Female,Master Degree,Married,No,Suburban,Marketing,Junior,Small (51-200),Technology,Excellent,Slow (<25 Mbps),39,Very High,Daily,100.0,95.5,66.2,95.0,7,30,100.0,8,4,9310.0,500.0
1093,32,3,Female,Bachelor Degree,Single,Yes,Suburban,Engineering,Mid-Level,Medium (201-1000),Technology,Good,Fast (50-100 Mbps),53,High,Few times per week,100.0,100.0,87.3,95.0,12,18,100.0,7,6,9310.0,700.0
1094,47,2,Female,Master Degree,Married,Yes,Rural,Sales,Senior,Large (1001-5000),Media,Average,Fast (50-100 Mbps),34,Low,Daily,87.3,89.8,63.1,93.3,5,55,100.0,6,7,7911.839999999999,349.2
1095,33,0,Female,Master Degree,Single,No,Urban,Finance,Senior,Startup (1-50),Manufacturing,Good,Fast (50-100 Mbps),40,Very Low,Few times per week,81.6,92.0,85.1,95.0,14,20,88.3,2,5,8683.0,652.8
1096,36,3,Female,Bachelor Degree,Married,Yes,Urban,Data Science,Junior,Medium (201-1000),Technology,Excellent,Fast (50-100 Mbps),47,High,Daily,59.1,63.7,37.5,73.6,9,34,100.0,7,4,4283.5199999999995,59.1
1097,33,4,Female,Master Degree,Divorced,No,Suburban,Sales,Senior,Small (51-200),Technology,Average,Very Fast (100+ Mbps),37,Very High,Daily,88.7,84.8,78.4,95.0,8,21,100.0,6,5,8274.5,443.5
1098,35,1,Female,Bachelor Degree,Married,Yes,Suburban,Engineering,Junior,Small (51-200),Education,Good,Moderate (25-50 Mbps),41,High,Bi-weekly,84.7,99.0,95.0,95.0,13,23,100.0,3,5,9101.0,0.0
1099,25,5,Female,Bachelor Degree,Single,Yes,Suburban,Customer Success,Mid-Level,Large (1001-5000),Finance,Excellent,Fast (50-100 Mbps),37,Moderate,Monthly,63.0,65.0,50.4,84.7,10,0,99.1,3,6,5674.900000000001,0.0
1100,22,5,Female,Master Degree,Married,No,Urban,HR,Junior,Large (1001-5000),Healthcare,Average,Very Fast (100+ Mbps),41,Moderate,Few times per week,74.1,74.3,58.5,75.9,11,0,100.0,6,6,5464.8,0.0
1101,49,3,Male,Master Degree,Single,No,Urban,Customer Success,Lead,Startup (1-50),Government,Poor,Fast (50-100 Mbps),37,Moderate,Few times per week,85.1,84.4,66.7,95.0,7,0,99.9,8,3,7695.0,1446.6999999999998
1102,27,5,Female,PhD,Single,Yes,Urban,Engineering,Junior,Medium (201-1000),Finance,Average,Very Fast (100+ Mbps),42,Moderate,Weekly,64.2,73.4,57.1,89.2,5,0,70.9,6,7,5708.8,128.4
1103,26,1,Male,Bachelor Degree,Single,No,Suburban,Sales,Junior,Medium (201-1000),Media,Good,Fast (50-100 Mbps),40,Moderate,Weekly,52.3,55.6,55.5,74.6,8,44,84.5,8,4,4244.74,0.0
1104,22,0,Female,Bachelor Degree,In Relationship,Yes,Suburban,Data Science,Junior,Startup (1-50),Education,Good,Fast (50-100 Mbps),49,High,Daily,65.1,64.0,46.6,60.7,12,16,100.0,8,8,3174.61,65.1
1105,29,0,Female,Bachelor Degree,Married,No,Suburban,Engineering,Mid-Level,Large (1001-5000),Technology,Excellent,Fast (50-100 Mbps),44,High,Few times per week,61.5,81.2,79.2,81.9,7,47,100.0,6,8,5855.85,184.5
1106,49,0,Male,Bachelor Degree,In Relationship,No,Suburban,Engineering,Manager,Large (1001-5000),Healthcare,Good,Very Fast (100+ Mbps),42,Moderate,Few times per week,48.5,54.9,47.6,75.1,9,34,93.7,8,6,4145.5199999999995,776.0
1107,44,5,Male,Bachelor Degree,In Relationship,Yes,Suburban,Marketing,Mid-Level,Small (51-200),Technology,Poor,Very Fast (100+ Mbps),39,Very High,Daily,84.8,88.3,73.0,95.0,6,0,100.0,7,6,8493.0,339.2
1108,28,1,Female,Bachelor Degree,Married,Yes,Urban,Customer Success,Junior,Small (51-200),Technology,Poor,Fast (50-100 Mbps),44,High,Weekly,67.5,70.7,58.8,94.7,3,32,100.0,6,10,7244.55,67.5
1109,55,2,Male,Bachelor Degree,Married,No,Rural,Marketing,Junior,Startup (1-50),Healthcare,Good,Very Fast (100+ Mbps),43,Moderate,Daily,95.7,100.0,85.4,95.0,8,6,91.1,6,5,9310.0,478.5
1110,43,4,Male,Bachelor Degree,Married,Yes,Suburban,Customer Success,Junior,Startup (1-50),Education,Poor,Very Fast (100+ Mbps),27,Very High,Daily,80.9,83.7,65.2,95.0,10,14,100.0,4,7,7334.0,80.9
1111,32,2,Female,Professional Degree,Single,No,Suburban,Sales,Junior,Large (1001-5000),Government,Poor,Slow (<25 Mbps),42,Moderate,Daily,66.9,56.5,45.0,87.6,10,17,100.0,1,6,5510.04,66.9
1112,22,2,Female,Master Degree,Married,No,Suburban,Data Science,Mid-Level,Startup (1-50),Consulting,Good,Very Fast (100+ Mbps),46,Moderate,Daily,74.5,80.7,67.9,88.0,9,17,100.0,7,8,6784.799999999999,0.0
1113,55,4,Male,Associate Degree,Married,Yes,Urban,Marketing,Manager,Startup (1-50),Technology,Good,Moderate (25-50 Mbps),37,Very High,Weekly,99.7,100.0,65.0,95.0,7,11,100.0,8,5,9101.0,2193.4
1114,22,2,Female,Master Degree,In Relationship,No,Suburban,Engineering,Junior,Enterprise (5000+),Manufacturing,Average,Moderate (25-50 Mbps),47,Moderate,Few times per week,40.0,50.0,34.4,46.0,10,15,63.7,4,7,1610.0,0.0
1115,22,2,Male,Master Degree,Married,Yes,Suburban,Sales,Junior,Medium (201-1000),Technology,Good,Moderate (25-50 Mbps),44,Very High,Weekly,96.9,85.9,95.0,95.0,6,19,100.0,9,4,9310.0,96.9
1116,44,2,Female,Master Degree,Married,No,Urban,HR,Lead,Startup (1-50),Technology,Good,Moderate (25-50 Mbps),39,High,Few times per week,96.6,92.2,73.5,95.0,8,20,100.0,3,1,9310.0,869.4
1117,56,3,Male,Bachelor Degree,Married,No,Suburban,Customer Success,Manager,Enterprise (5000+),Technology,Excellent,Fast (50-100 Mbps),45,High,Few times per week,86.9,93.6,80.7,95.0,11,33,100.0,6,1,9091.5,1390.4
1118,47,5,Female,Bachelor Degree,Single,No,Suburban,Marketing,Mid-Level,Startup (1-50),Education,Good,Fast (50-100 Mbps),39,Moderate,Few times per week,88.1,81.8,50.6,88.0,11,0,79.2,3,6,6248.0,0.0
1119,40,4,Male,Master Degree,Married,Yes,Urban,Operations,Manager,Large (1001-5000),Technology,Poor,Fast (50-100 Mbps),43,Moderate,Few times per week,100.0,97.6,88.3,95.0,12,27,100.0,8,8,9310.0,1100.0
1120,40,2,Female,Bachelor Degree,Married,No,Urban,Customer Success,Senior,Startup (1-50),Finance,Excellent,Very Fast (100+ Mbps),40,Very High,Few times per week,84.9,100.0,62.6,95.0,9,15,100.0,3,7,9310.0,679.2
1121,42,2,Male,Master Degree,Married,No,Urban,Customer Success,Mid-Level,Medium (201-1000),Technology,Average,Very Fast (100+ Mbps),45,Moderate,Few times per week,100.0,100.0,77.5,95.0,6,26,100.0,4,2,9025.0,900.0
1122,41,3,Female,Master Degree,Married,Yes,Suburban,Finance,Junior,Medium (201-1000),Finance,Good,Very Fast (100+ Mbps),50,Very High,Monthly,89.7,86.2,64.6,95.0,7,0,100.0,8,7,8179.499999999999,0.0
1123,37,5,Male,Professional Degree,Single,Yes,Suburban,Customer Success,Senior,Small (51-200),Government,Average,Very Fast (100+ Mbps),39,Moderate,Bi-weekly,70.1,82.1,72.6,89.8,10,0,79.9,7,4,6797.86,911.3
1124,35,1,Male,Bachelor Degree,Married,Yes,Suburban,Operations,Mid-Level,Medium (201-1000),Non-profit,Average,Fast (50-100 Mbps),47,Moderate,Daily,59.4,66.7,37.7,84.7,11,38,73.6,5,10,5107.41,178.2
1125,34,2,Female,Bachelor Degree,Married,No,Urban,Engineering,Junior,Medium (201-1000),Retail,Excellent,Slow (<25 Mbps),40,Moderate,Daily,88.7,100.0,76.5,95.0,8,29,100.0,8,6,9310.0,0.0
1126,28,4,Female,Bachelor Degree,Married,No,Suburban,Engineering,Mid-Level,Large (1001-5000),Education,Good,Moderate (25-50 Mbps),40,High,Weekly,61.6,87.8,86.9,95.0,5,11,100.0,6,6,8227.0,246.4
1127,32,5,Male,PhD,Married,No,Suburban,Data Science,Junior,Large (1001-5000),Retail,Average,Very Fast (100+ Mbps),39,Very High,Daily,80.4,73.6,72.6,95.0,8,0,100.0,4,6,7505.0,160.8
1128,22,1,Male,Bachelor Degree,Single,No,Urban,Engineering,Junior,Medium (201-1000),Manufacturing,Good,Very Fast (100+ Mbps),31,High,Daily,80.2,90.9,95.0,95.0,11,76,100.0,7,6,8179.499999999999,0.0
1129,34,2,Male,Bachelor Degree,Single,No,Suburban,Sales,Mid-Level,Medium (201-1000),Retail,Average,Fast (50-100 Mbps),45,Very High,Daily,100.0,100.0,65.7,95.0,8,29,100.0,5,10,9091.5,500.0
1130,26,2,Male,Bachelor Degree,Married,Yes,Suburban,Design,Junior,Medium (201-1000),Technology,Average,Very Fast (100+ Mbps),43,Low,Few times per week,72.0,67.3,46.9,81.6,8,43,93.1,8,5,5010.24,0.0
1131,25,0,Male,Bachelor Degree,Married,Yes,Urban,Engineering,Junior,Large (1001-5000),Finance,Good,Moderate (25-50 Mbps),42,Very High,Few times per week,100.0,100.0,77.6,95.0,10,28,100.0,7,7,9310.0,200.0
1132,36,4,Male,Bachelor Degree,Married,Yes,Urban,Customer Success,Junior,Small (51-200),Finance,Average,Fast (50-100 Mbps),51,High,Few times per week,79.8,76.9,70.2,84.1,8,7,100.0,5,8,6315.909999999999,79.8
1133,47,4,Female,Bachelor Degree,Divorced,No,Suburban,Customer Success,Manager,Medium (201-1000),Finance,Good,Fast (50-100 Mbps),51,High,Monthly,79.6,80.9,82.0,95.0,5,27,100.0,3,4,7590.500000000001,1512.3999999999999
1134,43,4,Female,Master Degree,Single,No,Suburban,Data Science,Lead,Medium (201-1000),Finance,Good,Very Fast (100+ Mbps),49,Moderate,Few times per week,99.3,93.4,89.9,95.0,6,17,99.0,8,8,8198.5,1191.6
1135,22,0,Male,High School,Single,No,Rural,Sales,Junior,Enterprise (5000+),Manufacturing,Excellent,Very Fast (100+ Mbps),40,Moderate,Daily,61.2,77.9,61.7,92.7,13,48,81.6,5,7,6739.290000000001,0.0
1136,43,2,Female,Master Degree,Married,No,Urban,Product,Mid-Level,Small (51-200),Technology,Average,Fast (50-100 Mbps),35,Very High,Daily,90.6,90.6,81.2,95.0,6,29,100.0,1,7,9310.0,453.0
1137,26,2,Male,Master Degree,Married,No,Urban,Engineering,Mid-Level,Medium (201-1000),Technology,Good,Slow (<25 Mbps),42,Moderate,Bi-weekly,58.4,73.5,65.0,72.0,7,55,79.3,7,7,4766.400000000001,58.4
1138,32,4,Male,Master Degree,Divorced,No,Suburban,Marketing,Junior,Large (1001-5000),Education,Average,Very Fast (100+ Mbps),42,Very High,Daily,69.2,79.1,76.3,95.0,5,27,100.0,5,8,7068.000000000001,207.60000000000002
1139,39,1,Female,Bachelor Degree,Divorced,No,Urban,Finance,Senior,Large (1001-5000),Technology,Average,Very Fast (100+ Mbps),45,Moderate,Monthly,43.7,70.6,51.3,66.1,13,38,100.0,5,4,3364.49,393.3
1140,26,0,Male,Bachelor Degree,Single,Yes,Suburban,Engineering,Mid-Level,Large (1001-5000),Technology,Good,Fast (50-100 Mbps),35,Moderate,Few times per week,100.0,83.6,88.6,95.0,7,39,100.0,8,10,8854.0,200.0
1141,35,3,Male,Master Degree,In Relationship,No,Urban,Design,Junior,Large (1001-5000),Consulting,Good,Very Fast (100+ Mbps),39,High,Weekly,66.3,82.5,74.6,95.0,9,38,100.0,3,8,7581.0,66.3
1142,22,3,Female,Bachelor Degree,Single,No,Urban,Finance,Junior,Small (51-200),Healthcare,Poor,Moderate (25-50 Mbps),31,High,Few times per week,83.3,80.6,63.6,95.0,10,62,100.0,2,7,7999.0,83.3
1143,29,3,Female,Bachelor Degree,Married,No,Urban,Engineering,Senior,Medium (201-1000),Consulting,Poor,Very Fast (100+ Mbps),37,Very High,Bi-weekly,54.8,67.3,66.4,88.3,4,18,100.0,6,8,5227.36,274.0
1144,37,4,Male,High School,Married,Yes,Urban,Engineering,Senior,Large (1001-5000),Consulting,Good,Slow (<25 Mbps),47,Moderate,Few times per week,98.4,86.3,83.8,95.0,3,23,100.0,7,8,9310.0,590.4000000000001
1145,22,1,Female,Master Degree,Married,Yes,Suburban,Engineering,Junior,Small (51-200),Media,Average,Moderate (25-50 Mbps),35,Moderate,Few times per week,62.7,84.9,63.5,95.0,11,21,89.1,6,6,6688.000000000001,62.7
1146,38,4,Female,Bachelor Degree,Single,Yes,Urban,Engineering,Junior,Medium (201-1000),Technology,Good,Moderate (25-50 Mbps),52,High,Weekly,100.0,99.8,89.2,95.0,10,20,100.0,5,6,9310.0,200.0
1147,34,2,Female,Bachelor Degree,Married,No,Rural,HR,Lead,Large (1001-5000),Technology,Excellent,Very Fast (100+ Mbps),48,High,Weekly,89.6,89.7,89.0,95.0,10,42,100.0,5,10,9310.0,716.8
1148,39,2,Female,Associate Degree,Married,No,Suburban,Engineering,Lead,Large (1001-5000),Technology,Average,Very Fast (100+ Mbps),45,Moderate,Bi-weekly,84.6,79.3,66.4,84.2,14,44,87.1,3,9,6188.7,676.8
1149,37,5,Male,Professional Degree,Single,Yes,Suburban,Sales,Lead,Enterprise (5000+),Technology,Good,Moderate (25-50 Mbps),50,High,Daily,100.0,93.6,91.2,95.0,6,0,100.0,5,10,9310.0,900.0
1150,47,2,Female,Bachelor Degree,Single,No,Suburban,Product,Senior,Enterprise (5000+),Healthcare,Excellent,Moderate (25-50 Mbps),41,Very High,Daily,100.0,94.0,76.8,95.0,9,57,100.0,7,2,9310.0,600.0
1151,36,4,Male,Master Degree,Married,No,Suburban,Operations,Lead,Small (51-200),Manufacturing,Average,Fast (50-100 Mbps),37,Moderate,Daily,70.3,90.4,58.4,93.9,5,19,93.8,6,8,6929.82,421.79999999999995
1152,31,2,Male,Bachelor Degree,Married,Yes,Urban,Engineering,Senior,Enterprise (5000+),Government,Average,Very Fast (100+ Mbps),41,Moderate,Few times per week,52.2,52.4,55.9,73.3,5,42,81.9,8,9,4273.389999999999,208.8
1153,36,3,Male,Master Degree,Married,No,Rural,Design,Senior,Startup (1-50),Media,Poor,Very Fast (100+ Mbps),31,High,Weekly,83.4,82.7,56.5,95.0,7,11,100.0,4,6,7058.5,250.20000000000002
1154,39,4,Male,Bachelor Degree,Single,No,Suburban,Engineering,Junior,Large (1001-5000),Healthcare,Good,Slow (<25 Mbps),49,Very High,Daily,70.2,85.8,78.3,94.4,7,13,100.0,5,9,7788.000000000001,140.4
1155,35,5,Male,Master Degree,Divorced,Yes,Urban,Product,Junior,Small (51-200),Education,Good,Very Fast (100+ Mbps),39,Moderate,Few times per week,68.9,71.2,64.9,85.9,9,0,93.2,7,3,5677.99,0.0
1156,35,4,Male,Bachelor Degree,Single,Yes,Suburban,Finance,Senior,Small (51-200),Technology,Excellent,Very Fast (100+ Mbps),37,High,Weekly,91.9,86.7,84.1,95.0,11,38,100.0,5,3,9310.0,367.6
1157,28,3,Male,Bachelor Degree,Divorced,No,Suburban,HR,Junior,Enterprise (5000+),Finance,Average,Very Fast (100+ Mbps),38,Moderate,Weekly,61.3,63.8,61.9,80.3,2,20,85.2,4,5,4938.45,183.89999999999998
1158,29,2,Female,Master Degree,Married,Yes,Urban,HR,Junior,Small (51-200),Consulting,Poor,Fast (50-100 Mbps),42,Moderate,Few times per week,94.7,95.9,65.3,95.0,10,21,100.0,3,2,9310.0,0.0
1159,22,4,Male,Master Degree,Married,No,Rural,Marketing,Junior,Large (1001-5000),Technology,Average,Very Fast (100+ Mbps),42,High,Daily,86.0,92.6,85.1,95.0,9,1,100.0,8,7,8597.5,86.0
1160,50,4,Female,Master Degree,Divorced,No,Urban,Customer Success,Manager,Small (51-200),Healthcare,Average,Fast (50-100 Mbps),41,Moderate,Monthly,88.1,88.8,83.2,95.0,6,39,100.0,4,9,8160.500000000001,1057.1999999999998
1161,23,0,Male,Master Degree,Married,Yes,Suburban,Customer Success,Junior,Startup (1-50),Consulting,Excellent,Very Fast (100+ Mbps),41,High,Daily,66.3,87.9,66.6,94.2,7,0,100.0,9,5,7328.76,0.0
1162,28,3,Male,Bachelor Degree,Single,Yes,Rural,Sales,Junior,Small (51-200),Technology,Good,Very Fast (100+ Mbps),45,Moderate,Weekly,82.8,99.3,64.3,91.0,11,1,99.4,5,7,7926.099999999999,82.8
1163,28,4,Male,Master Degree,Married,No,Urban,Sales,Junior,Medium (201-1000),Non-profit,Good,Fast (50-100 Mbps),35,Moderate,Daily,66.3,60.4,43.0,77.0,12,33,50.0,10,6,4550.7,132.6
1164,43,3,Male,Associate Degree,Single,No,Urban,Product,Mid-Level,Small (51-200),Technology,Average,Very Fast (100+ Mbps),43,Moderate,Daily,78.9,74.6,56.5,79.2,19,21,78.6,2,5,5060.88,236.70000000000002
1165,32,2,Female,Master Degree,Married,No,Urban,Marketing,Junior,Small (51-200),Media,Excellent,Very Fast (100+ Mbps),40,Moderate,Bi-weekly,91.9,93.8,86.8,95.0,4,42,100.0,6,9,8749.5,91.9
1166,46,5,Male,Bachelor Degree,Single,Yes,Urban,Product,Senior,Large (1001-5000),Finance,Good,Fast (50-100 Mbps),30,High,Weekly,100.0,96.7,86.7,95.0,11,0,100.0,7,10,9310.0,600.0
1167,27,4,Male,Bachelor Degree,Single,No,Suburban,Engineering,Junior,Enterprise (5000+),Retail,Average,Moderate (25-50 Mbps),52,Low,Few times per week,83.1,70.8,63.8,85.9,10,43,100.0,6,4,6133.260000000001,0.0
1168,54,2,Female,Bachelor Degree,Divorced,No,Suburban,Engineering,Senior,Medium (201-1000),Consulting,Good,Moderate (25-50 Mbps),44,Low,Daily,84.5,83.8,82.4,95.0,7,61,86.3,3,6,7533.5,845.0
1169,24,4,Male,Bachelor Degree,Married,Yes,Urban,Marketing,Junior,Medium (201-1000),Education,Average,Very Fast (100+ Mbps),43,Very High,Weekly,78.1,87.1,78.6,95.0,5,21,100.0,6,6,8312.5,0.0
1170,37,1,Female,Associate Degree,Married,No,Suburban,Operations,Mid-Level,Large (1001-5000),Media,Good,Very Fast (100+ Mbps),39,High,Weekly,95.3,89.5,79.4,95.0,10,12,100.0,6,5,8189.0,381.2
1171,40,2,Female,Bachelor Degree,Married,Yes,Suburban,Operations,Senior,Large (1001-5000),Consulting,Excellent,Very Fast (100+ Mbps),38,Very High,Bi-weekly,93.9,100.0,92.0,95.0,8,34,100.0,5,7,9310.0,1408.5
1172,38,1,Male,Associate Degree,Married,No,Urban,Finance,Junior,Large (1001-5000),Technology,Good,Moderate (25-50 Mbps),34,Low,Few times per week,58.3,57.2,44.5,78.4,8,18,78.3,6,8,4523.68,58.3
1173,33,5,Male,Bachelor Degree,Married,Yes,Suburban,Finance,Senior,Enterprise (5000+),Education,Poor,Fast (50-100 Mbps),40,High,Weekly,72.6,72.7,73.8,95.0,17,0,100.0,5,8,7296.0,508.19999999999993
1174,33,3,Male,Associate Degree,Married,No,Urban,Customer Success,Mid-Level,Startup (1-50),Finance,Good,Very Fast (100+ Mbps),50,Moderate,Few times per week,95.3,96.1,94.7,95.0,8,16,75.5,7,8,9310.0,285.9
1175,35,2,Male,Bachelor Degree,Single,Yes,Rural,Sales,Senior,Enterprise (5000+),Healthcare,Excellent,Moderate (25-50 Mbps),34,Very High,Daily,100.0,98.6,81.8,95.0,8,72,100.0,2,3,9310.0,500.0
1176,33,0,Female,Master Degree,In Relationship,No,Suburban,Operations,Junior,Enterprise (5000+),Technology,Good,Fast (50-100 Mbps),38,High,Few times per week,58.6,63.5,51.1,84.2,5,51,98.8,1,3,5270.92,58.6
1177,43,1,Male,Master Degree,Married,No,Suburban,Engineering,Senior,Large (1001-5000),Technology,Good,Very Fast (100+ Mbps),47,High,Bi-weekly,84.7,97.7,64.6,95.0,9,29,100.0,6,6,8379.0,677.6
1178,54,3,Male,Associate Degree,Single,No,Suburban,Marketing,Senior,Medium (201-1000),Education,Good,Very Fast (100+ Mbps),47,High,Daily,93.4,95.5,92.1,95.0,9,23,100.0,10,7,9310.0,747.2
1179,29,0,Female,Master Degree,Married,No,Suburban,Engineering,Junior,Large (1001-5000),Technology,Good,Very Fast (100+ Mbps),37,High,Daily,77.9,71.6,74.5,95.0,9,25,100.0,5,8,7561.999999999999,155.8
1180,22,3,Female,Master Degree,Married,No,Urban,Sales,Junior,Small (51-200),Education,Poor,Slow (<25 Mbps),48,High,Few times per week,51.6,57.0,30.8,58.6,6,27,100.0,1,6,2765.92,0.0
1181,34,3,Male,Bachelor Degree,Single,Yes,Suburban,Sales,Senior,Large (1001-5000),Media,Average,Fast (50-100 Mbps),39,Very High,Daily,100.0,100.0,95.0,95.0,10,18,100.0,5,2,9310.0,600.0
1182,58,4,Female,Master Degree,Single,Yes,Suburban,Engineering,Mid-Level,Small (51-200),Technology,Excellent,Very Fast (100+ Mbps),35,High,Bi-weekly,93.0,96.0,69.0,95.0,10,41,100.0,6,2,9310.0,372.0
1183,27,4,Female,Bachelor Degree,Single,No,Urban,Marketing,Mid-Level,Large (1001-5000),Manufacturing,Average,Fast (50-100 Mbps),50,Low,Daily,60.8,51.1,33.3,62.6,6,24,83.5,8,8,3079.92,182.39999999999998
1184,49,3,Female,Bachelor Degree,Divorced,Yes,Rural,Data Science,Lead,Medium (201-1000),Education,Average,Fast (50-100 Mbps),42,Moderate,Weekly,65.3,77.3,63.6,95.0,11,11,100.0,3,4,7001.5,653.0
1185,50,2,Female,Bachelor Degree,Married,Yes,Suburban,Sales,Lead,Startup (1-50),Technology,Average,Very Fast (100+ Mbps),40,Moderate,Few times per week,96.7,77.6,81.6,95.0,8,63,78.1,9,9,7837.5,580.2
1186,30,4,Female,Associate Degree,Married,Yes,Urban,HR,Junior,Large (1001-5000),Manufacturing,Good,Very Fast (100+ Mbps),43,High,Daily,100.0,100.0,73.9,95.0,5,32,100.0,9,6,9310.0,300.0
1187,40,4,Male,Master Degree,Single,No,Suburban,Marketing,Senior,Medium (201-1000),Technology,Good,Fast (50-100 Mbps),36,Moderate,Weekly,80.9,100.0,95.0,95.0,7,30,100.0,6,7,9310.0,647.2
1188,49,1,Female,Bachelor Degree,Married,Yes,Suburban,Sales,Senior,Large (1001-5000),Technology,Average,Very Fast (100+ Mbps),38,High,Few times per week,94.3,97.0,95.0,95.0,6,0,100.0,4,4,8930.0,1414.5
1189,31,5,Female,Bachelor Degree,Married,Yes,Suburban,Engineering,Mid-Level,Small (51-200),Technology,Average,Very Fast (100+ Mbps),50,Very High,Daily,91.8,100.0,95.0,95.0,8,0,100.0,6,6,8892.0,367.2
1190,33,0,Female,Bachelor Degree,Married,Yes,Suburban,Engineering,Mid-Level,Large (1001-5000),Healthcare,Good,Very Fast (100+ Mbps),53,High,Daily,100.0,100.0,85.9,95.0,10,34,100.0,8,9,9310.0,500.0
1191,29,0,Male,Master Degree,In Relationship,No,Suburban,HR,Mid-Level,Medium (201-1000),Healthcare,Excellent,Very Fast (100+ Mbps),35,Very High,Few times per week,93.3,100.0,88.8,95.0,8,20,100.0,5,10,9310.0,0.0
1192,25,1,Male,Master Degree,Married,No,Suburban,Engineering,Mid-Level,Medium (201-1000),Finance,Average,Fast (50-100 Mbps),39,Very High,Daily,82.1,87.3,68.3,95.0,7,0,100.0,8,8,7885.0,82.1
1193,23,3,Male,Bachelor Degree,Married,No,Urban,Sales,Junior,Large (1001-5000),Consulting,Excellent,Fast (50-100 Mbps),43,High,Few times per week,98.4,98.8,75.0,95.0,4,23,100.0,5,9,9310.0,0.0
1194,35,4,Male,Bachelor Degree,Divorced,Yes,Urban,Operations,Mid-Level,Large (1001-5000),Consulting,Good,Very Fast (100+ Mbps),36,High,Few times per week,64.2,73.3,53.2,80.8,7,22,100.0,10,5,5058.08,192.60000000000002
1195,28,2,Male,Bachelor Degree,Single,Yes,Urban,Finance,Mid-Level,Small (51-200),Healthcare,Good,Fast (50-100 Mbps),45,Moderate,Daily,96.0,91.6,93.3,95.0,7,60,100.0,6,8,8892.0,288.0
1196,22,2,Male,Bachelor Degree,Married,No,Suburban,Marketing,Junior,Medium (201-1000),Technology,Good,Fast (50-100 Mbps),47,Low,Daily,87.1,70.8,72.7,95.0,5,18,70.9,4,5,7400.500000000001,0.0
1197,37,4,Male,Bachelor Degree,Single,No,Suburban,Marketing,Senior,Enterprise (5000+),Consulting,Excellent,Fast (50-100 Mbps),46,Very High,Few times per week,66.6,62.2,72.3,84.5,9,14,100.0,8,3,5348.849999999999,266.4
1198,42,0,Female,Bachelor Degree,Married,Yes,Urban,Engineering,Manager,Large (1001-5000),Technology,Excellent,Fast (50-100 Mbps),42,High,Few times per week,90.5,84.3,81.8,95.0,4,39,100.0,5,5,8198.5,1176.5
1199,22,2,Male,PhD,Married,No,Urban,Sales,Junior,Medium (201-1000),Technology,Excellent,Fast (50-100 Mbps),47,Low,Daily,65.6,61.4,49.1,83.1,3,58,59.7,7,7,5010.929999999999,0.0
1200,38,1,Female,Master Degree,Single,No,Urban,Operations,Lead,Small (51-200),Healthcare,Good,Very Fast (100+ Mbps),45,High,Daily,81.4,97.6,86.3,95.0,7,34,100.0,8,7,9310.0,488.40000000000003
1201,46,5,Female,Bachelor Degree,Married,No,Urban,Operations,Manager,Medium (201-1000),Retail,Excellent,Slow (<25 Mbps),33,Moderate,Daily,66.2,81.3,76.2,93.9,3,0,88.8,4,3,7042.5,926.8000000000001
1202,24,3,Male,Bachelor Degree,Married,No,Urban,HR,Junior,Large (1001-5000),Healthcare,Good,Moderate (25-50 Mbps),33,High,Few times per week,98.0,100.0,95.0,95.0,7,16,100.0,6,7,9310.0,98.0
1203,50,3,Female,Associate Degree,Married,No,Suburban,Finance,Lead,Startup (1-50),Technology,Good,Fast (50-100 Mbps),43,High,Few times per week,98.7,97.0,95.0,95.0,11,22,100.0,5,6,9310.0,2368.8
1204,38,3,Female,Master Degree,Single,No,Urban,Engineering,Manager,Large (1001-5000),Retail,Excellent,Moderate (25-50 Mbps),49,Very High,Few times per week,90.3,96.9,74.3,95.0,5,34,100.0,4,1,9310.0,1173.8999999999999
1205,28,5,Male,Master Degree,In Relationship,No,Suburban,Engineering,Mid-Level,Small (51-200),Education,Excellent,Very Fast (100+ Mbps),44,Low,Monthly,41.2,61.7,39.8,64.0,10,0,69.0,3,9,3097.6,82.4
1206,34,5,Male,Professional Degree,Single,No,Suburban,Marketing,Mid-Level,Small (51-200),Retail,Average,Very Fast (100+ Mbps),45,Very High,Few times per week,71.5,93.5,80.4,95.0,5,0,100.0,2,5,7923.000000000001,715.0
1207,40,4,Female,Bachelor Degree,Married,No,Urban,HR,Mid-Level,Startup (1-50),Technology,Good,Fast (50-100 Mbps),35,High,Weekly,88.5,98.3,73.0,95.0,11,42,100.0,7,7,8056.0,442.5
1208,35,2,Male,Master Degree,Single,No,Urban,Engineering,Junior,Large (1001-5000),Manufacturing,Average,Moderate (25-50 Mbps),42,Moderate,Daily,68.1,69.1,58.8,86.6,8,58,83.6,7,7,6010.04,0.0
1209,39,1,Female,Bachelor Degree,Married,No,Urban,Design,Senior,Enterprise (5000+),Healthcare,Good,Very Fast (100+ Mbps),48,Moderate,Daily,89.1,92.8,81.9,95.0,7,32,70.0,6,6,9091.5,267.29999999999995
1210,26,5,Female,Master Degree,Single,Yes,Urban,Marketing,Mid-Level,Startup (1-50),Healthcare,Average,Fast (50-100 Mbps),44,Low,Daily,68.6,73.1,60.2,87.5,4,0,95.2,6,5,5862.5,0.0
1211,36,3,Male,Master Degree,Single,No,Urban,Sales,Senior,Medium (201-1000),Healthcare,Good,Moderate (25-50 Mbps),42,Very High,Few times per week,98.6,99.6,59.1,95.0,6,31,100.0,4,6,9310.0,887.4
1212,22,2,Female,Master Degree,Single,Yes,Suburban,Finance,Junior,Small (51-200),Technology,Good,Moderate (25-50 Mbps),45,Moderate,Daily,87.0,100.0,86.8,95.0,3,51,93.9,7,5,9310.0,87.0
1213,33,3,Male,Bachelor Degree,Married,No,Urban,Engineering,Mid-Level,Large (1001-5000),Technology,Good,Very Fast (100+ Mbps),43,High,Few times per week,73.0,95.1,95.0,95.0,8,23,100.0,6,6,9120.0,146.0
1214,26,5,Female,Master Degree,Married,No,Rural,Marketing,Mid-Level,Large (1001-5000),Technology,Average,Very Fast (100+ Mbps),49,Very High,Weekly,95.8,76.9,50.7,87.5,7,0,100.0,8,3,6676.25,287.4
1215,28,3,Male,Bachelor Degree,Single,No,Urban,Marketing,Senior,Small (51-200),Finance,Good,Very Fast (100+ Mbps),43,Moderate,Daily,60.3,69.6,69.1,82.1,5,35,82.4,7,4,5574.59,180.89999999999998
1216,46,3,Female,Associate Degree,In Relationship,No,Suburban,Engineering,Senior,Startup (1-50),Healthcare,Average,Fast (50-100 Mbps),41,High,Few times per week,100.0,93.8,95.0,95.0,5,36,100.0,1,4,9072.5,700.0
1217,44,4,Female,High School,Single,No,Suburban,Customer Success,Manager,Large (1001-5000),Retail,Good,Moderate (25-50 Mbps),35,Moderate,Daily,69.4,77.3,41.0,92.6,10,32,74.1,8,7,7213.54,1249.2
1218,40,3,Female,Bachelor Degree,Married,Yes,Urban,Customer Success,Junior,Large (1001-5000),Technology,Average,Fast (50-100 Mbps),49,Low,Few times per week,79.4,78.5,65.4,92.4,8,37,100.0,2,7,7419.72,79.4
1219,25,2,Female,Bachelor Degree,Single,No,Urban,Engineering,Junior,Startup (1-50),Media,Average,Moderate (25-50 Mbps),36,High,Weekly,92.6,87.8,72.9,95.0,15,76,100.0,8,9,8179.499999999999,0.0
1220,32,5,Female,Associate Degree,Married,No,Suburban,Sales,Senior,Medium (201-1000),Technology,Poor,Fast (50-100 Mbps),43,Moderate,Weekly,70.4,72.0,72.2,89.2,3,0,93.1,10,5,6591.880000000001,211.20000000000002
1221,45,5,Male,Bachelor Degree,Married,Yes,Suburban,Engineering,Lead,Large (1001-5000),Finance,Average,Fast (50-100 Mbps),46,Moderate,Daily,88.3,85.7,75.5,90.3,7,0,100.0,6,6,7314.3,618.1
1222,36,4,Female,Bachelor Degree,Married,No,Urban,Customer Success,Mid-Level,Medium (201-1000),Technology,Good,Very Fast (100+ Mbps),52,Moderate,Daily,56.4,72.2,62.8,94.2,8,12,81.0,4,7,5652.0,112.8
1223,55,4,Female,Bachelor Degree,Married,Yes,Urban,Sales,Mid-Level,Medium (201-1000),Education,Good,Very Fast (100+ Mbps),43,Low,Few times per week,83.5,95.6,65.0,95.0,12,44,100.0,1,10,7989.499999999999,751.5
1224,38,2,Female,Bachelor Degree,Single,No,Urban,Marketing,Junior,Medium (201-1000),Retail,Good,Very Fast (100+ Mbps),50,High,Daily,86.4,88.3,89.1,95.0,6,38,100.0,4,6,9310.0,0.0
1225,36,5,Female,Associate Degree,Married,Yes,Urban,Sales,Senior,Medium (201-1000),Media,Excellent,Very Fast (100+ Mbps),42,Moderate,Monthly,65.6,72.4,68.8,90.4,8,0,82.6,6,5,6047.760000000001,393.59999999999997
1226,32,2,Male,Bachelor Degree,Single,No,Rural,Sales,Mid-Level,Medium (201-1000),Finance,Excellent,Very Fast (100+ Mbps),38,High,Daily,99.1,100.0,95.0,95.0,10,33,100.0,8,6,9310.0,198.2
1227,36,4,Male,Bachelor Degree,Married,Yes,Suburban,HR,Junior,Enterprise (5000+),Technology,Good,Very Fast (100+ Mbps),58,Moderate,Bi-weekly,100.0,89.4,82.2,95.0,6,16,100.0,8,5,9310.0,200.0
1228,33,5,Male,Master Degree,Single,No,Urban,HR,Mid-Level,Small (51-200),Retail,Average,Very Fast (100+ Mbps),34,High,Bi-weekly,85.4,82.5,67.9,95.0,7,0,100.0,7,3,7429.0,0.0
1229,41,4,Female,Bachelor Degree,Single,Yes,Urban,Marketing,Manager,Medium (201-1000),Retail,Excellent,Fast (50-100 Mbps),59,Low,Few times per week,100.0,80.8,84.2,95.0,12,29,100.0,3,6,9310.0,1100.0
1230,43,4,Male,Master Degree,Single,Yes,Urban,Finance,Junior,Small (51-200),Government,Good,Very Fast (100+ Mbps),51,Low,Daily,93.2,82.9,58.4,95.0,10,17,64.7,10,7,7913.5,186.4
1231,27,4,Female,Bachelor Degree,Divorced,No,Suburban,Marketing,Mid-Level,Small (51-200),Technology,Good,Fast (50-100 Mbps),38,Moderate,Weekly,41.0,60.9,53.5,70.0,13,22,86.7,7,4,3955.0,41.0
1232,23,1,Male,PhD,Married,Yes,Rural,Engineering,Mid-Level,Large (1001-5000),Retail,Average,Fast (50-100 Mbps),45,Moderate,Daily,98.6,88.8,78.3,91.7,9,5,100.0,5,8,7730.31,0.0
1233,22,4,Male,Bachelor Degree,Married,No,Urban,Engineering,Mid-Level,Enterprise (5000+),Technology,Excellent,Fast (50-100 Mbps),33,Moderate,Few times per week,73.5,86.6,62.3,95.0,7,26,73.3,8,8,8151.0,0.0
1234,39,1,Male,Bachelor Degree,Single,Yes,Suburban,Sales,Lead,Small (51-200),Healthcare,Good,Fast (50-100 Mbps),45,High,Daily,64.1,87.7,91.5,95.0,4,16,100.0,6,7,7951.5,769.1999999999999
1235,25,3,Male,Associate Degree,Married,Yes,Rural,HR,Mid-Level,Enterprise (5000+),Technology,Poor,Fast (50-100 Mbps),43,Very High,Few times per week,76.3,68.7,48.9,87.3,6,22,100.0,6,8,5849.099999999999,0.0
1236,22,1,Female,Bachelor Degree,Married,No,Urban,Product,Junior,Small (51-200),Education,Good,Moderate (25-50 Mbps),47,High,Daily,60.1,69.6,60.7,75.5,12,35,100.0,9,5,4439.4,0.0
1237,38,3,Male,Master Degree,Married,No,Urban,Engineering,Junior,Medium (201-1000),Education,Average,Very Fast (100+ Mbps),39,Moderate,Daily,97.5,97.9,89.9,95.0,8,11,100.0,8,5,8930.0,195.0
1238,57,4,Male,Associate Degree,Single,No,Urban,Sales,Senior,Small (51-200),Technology,Average,Very Fast (100+ Mbps),42,High,Weekly,89.4,95.2,95.0,95.0,5,10,100.0,4,8,9310.0,804.6
1239,34,5,Male,Bachelor Degree,In Relationship,No,Urban,Engineering,Mid-Level,Medium (201-1000),Finance,Excellent,Very Fast (100+ Mbps),44,High,Monthly,83.8,90.5,81.1,95.0,10,0,100.0,4,8,9310.0,502.79999999999995
1240,42,2,Female,Master Degree,Married,Yes,Urban,Customer Success,Mid-Level,Medium (201-1000),Finance,Poor,Fast (50-100 Mbps),39,Very High,Daily,62.2,69.4,50.0,78.3,9,26,100.0,4,8,4932.9,62.2
1241,35,3,Female,Bachelor Degree,In Relationship,Yes,Rural,Customer Success,Mid-Level,Medium (201-1000),Technology,Average,Very Fast (100+ Mbps),50,High,Few times per week,100.0,91.6,71.3,95.0,11,14,100.0,6,5,8654.5,500.0
1242,34,3,Male,Associate Degree,Single,Yes,Suburban,Engineering,Senior,Medium (201-1000),Technology,Excellent,Fast (50-100 Mbps),42,High,Few times per week,100.0,100.0,65.0,95.0,13,26,100.0,5,6,9310.0,700.0
1243,43,5,Female,High School,Single,No,Urban,Finance,Senior,Medium (201-1000),Finance,Good,Very Fast (100+ Mbps),44,High,Daily,80.8,100.0,79.6,95.0,7,0,100.0,6,6,9310.0,565.6
1244,32,3,Male,Associate Degree,Single,No,Urban,HR,Senior,Medium (201-1000),Manufacturing,Good,Fast (50-100 Mbps),37,High,Few times per week,98.0,95.6,83.1,95.0,6,22,100.0,2,4,8265.0,490.0
1245,37,4,Male,PhD,Married,Yes,Suburban,Engineering,Senior,Medium (201-1000),Finance,Average,Fast (50-100 Mbps),32,Moderate,Weekly,94.7,83.5,85.5,95.0,11,38,100.0,4,8,9177.0,378.8
1246,37,5,Female,Master Degree,Married,Yes,Urban,Marketing,Mid-Level,Large (1001-5000),Finance,Excellent,Very Fast (100+ Mbps),33,High,Daily,91.6,100.0,95.0,95.0,11,0,100.0,7,4,9310.0,916.0
1247,28,2,Male,Master Degree,Divorced,Yes,Urban,Operations,Mid-Level,Large (1001-5000),Government,Average,Fast (50-100 Mbps),45,Low,Weekly,69.0,74.8,61.2,78.4,8,36,100.0,7,5,5103.84,69.0
1248,43,5,Female,PhD,Divorced,No,Urban,Engineering,Lead,Small (51-200),Technology,Good,Moderate (25-50 Mbps),37,Moderate,Weekly,87.9,96.7,95.0,95.0,4,0,100.0,5,2,8445.5,1142.7
1249,33,5,Male,Bachelor Degree,Married,No,Suburban,Sales,Mid-Level,Small (51-200),Manufacturing,Average,Fast (50-100 Mbps),46,Very High,Daily,100.0,100.0,95.0,95.0,10,0,100.0,5,7,9310.0,500.0
1250,28,5,Female,Bachelor Degree,Married,Yes,Urban,Engineering,Senior,Large (1001-5000),Healthcare,Average,Very Fast (100+ Mbps),51,High,Few times per week,92.7,88.7,87.8,95.0,11,0,100.0,8,9,9310.0,278.1
1251,39,2,Male,Bachelor Degree,Married,No,Urban,Marketing,Mid-Level,Startup (1-50),Government,Good,Moderate (25-50 Mbps),46,Moderate,Few times per week,61.6,51.2,62.0,70.4,8,41,81.8,4,6,3294.7200000000003,0.0
1252,26,3,Female,Master Degree,Married,Yes,Suburban,Customer Success,Mid-Level,Large (1001-5000),Finance,Good,Very Fast (100+ Mbps),44,Very High,Weekly,61.4,63.4,56.2,85.9,5,23,100.0,5,9,5042.330000000001,0.0
1253,35,5,Female,Master Degree,Married,No,Urban,Marketing,Mid-Level,Small (51-200),Retail,Average,Very Fast (100+ Mbps),45,Low,Few times per week,72.4,66.6,76.1,84.8,1,0,100.0,7,8,6105.599999999999,289.6
1254,34,2,Male,Bachelor Degree,Married,No,Rural,Engineering,Junior,Medium (201-1000),Technology,Good,Very Fast (100+ Mbps),48,High,Daily,89.1,84.7,72.5,95.0,9,3,100.0,6,8,8208.0,89.1
1255,44,4,Female,Bachelor Degree,Divorced,Yes,Suburban,Engineering,Lead,Small (51-200),Media,Average,Moderate (25-50 Mbps),43,Moderate,Weekly,100.0,94.2,78.2,95.0,8,23,100.0,2,4,9310.0,1100.0
1256,39,1,Male,PhD,Married,No,Urban,Operations,Senior,Enterprise (5000+),Finance,Excellent,Very Fast (100+ Mbps),45,Very Low,Few times per week,82.6,91.1,74.5,91.6,9,0,85.9,1,6,7437.92,743.4
1257,34,0,Female,Associate Degree,In Relationship,No,Urban,Sales,Mid-Level,Enterprise (5000+),Healthcare,Average,Very Fast (100+ Mbps),38,Moderate,Weekly,100.0,96.7,71.2,95.0,7,25,100.0,1,7,9310.0,400.0
1258,42,3,Male,Master Degree,Single,Yes,Suburban,Operations,Mid-Level,Enterprise (5000+),Technology,Average,Moderate (25-50 Mbps),36,Low,Daily,76.2,84.0,49.5,95.0,8,33,100.0,7,6,7181.999999999999,381.0
1259,47,3,Male,Bachelor Degree,Married,No,Urban,Engineering,Mid-Level,Small (51-200),Government,Good,Fast (50-100 Mbps),38,Low,Weekly,75.8,62.0,53.0,88.5,2,7,98.3,6,7,5664.0,227.39999999999998
1260,40,3,Female,Bachelor Degree,Single,No,Suburban,HR,Mid-Level,Large (1001-5000),Retail,Average,Fast (50-100 Mbps),40,Low,Few times per week,91.7,97.7,75.9,95.0,10,0,100.0,2,5,9310.0,366.8
1261,35,3,Male,Bachelor Degree,Single,No,Suburban,Product,Junior,Medium (201-1000),Technology,Good,Very Fast (100+ Mbps),39,Moderate,Weekly,66.1,58.6,57.8,91.1,8,13,100.0,3,6,6768.73,0.0
1262,23,3,Female,Master Degree,Divorced,Yes,Suburban,Product,Junior,Large (1001-5000),Technology,Poor,Very Fast (100+ Mbps),48,High,Few times per week,93.1,94.1,75.8,95.0,2,27,100.0,7,8,9310.0,0.0
1263,25,4,Male,Bachelor Degree,Divorced,Yes,Rural,Sales,Junior,Small (51-200),Finance,Excellent,Slow (<25 Mbps),25,High,Few times per week,74.4,76.9,68.2,95.0,8,18,100.0,5,4,6830.500000000001,0.0
1264,32,4,Male,Bachelor Degree,Married,No,Urban,Finance,Mid-Level,Large (1001-5000),Technology,Excellent,Fast (50-100 Mbps),40,High,Daily,76.8,83.8,74.6,95.0,11,5,100.0,10,8,7086.999999999999,153.6
1265,29,3,Female,Master Degree,In Relationship,No,Urban,Engineering,Junior,Enterprise (5000+),Finance,Average,Moderate (25-50 Mbps),46,Very Low,Weekly,71.2,80.8,78.1,86.9,8,17,92.8,5,7,6578.330000000001,0.0
1266,33,3,Female,Master Degree,Single,Yes,Suburban,HR,Junior,Small (51-200),Non-profit,Average,Slow (<25 Mbps),46,High,Few times per week,80.3,83.5,73.3,95.0,7,32,100.0,5,6,8018.000000000001,160.6
1267,35,1,Male,Master Degree,Single,No,Suburban,Engineering,Senior,Small (51-200),Education,Good,Fast (50-100 Mbps),37,Very High,Monthly,100.0,98.6,89.9,95.0,8,28,100.0,5,6,9310.0,900.0
1268,39,3,Male,Bachelor Degree,Married,Yes,Suburban,HR,Junior,Startup (1-50),Media,Poor,Very Fast (100+ Mbps),52,Moderate,Few times per week,91.9,94.2,70.8,95.0,12,37,100.0,8,9,8417.0,0.0
1269,34,3,Male,Master Degree,Divorced,Yes,Suburban,Marketing,Junior,Small (51-200),Finance,Average,Very Fast (100+ Mbps),33,High,Weekly,96.7,90.9,69.1,95.0,5,16,100.0,6,7,9310.0,0.0
1270,39,3,Male,Bachelor Degree,Single,No,Urban,Customer Success,Senior,Medium (201-1000),Retail,Poor,Very Fast (100+ Mbps),39,Moderate,Few times per week,58.9,69.5,50.8,95.0,8,2,88.3,8,7,6393.5,294.5
1271,35,2,Male,Bachelor Degree,In Relationship,Yes,Suburban,HR,Junior,Large (1001-5000),Healthcare,Good,Very Fast (100+ Mbps),40,Low,Few times per week,85.4,87.5,90.5,95.0,10,68,100.0,5,8,9310.0,85.4
1272,22,4,Male,Associate Degree,Married,Yes,Urban,Sales,Junior,Small (51-200),Finance,Excellent,Moderate (25-50 Mbps),40,Moderate,Weekly,74.9,68.2,62.2,95.0,7,30,100.0,6,6,7011.0,0.0
1273,26,0,Female,Bachelor Degree,In Relationship,No,Suburban,Product,Junior,Medium (201-1000),Healthcare,Good,Fast (50-100 Mbps),50,Moderate,Daily,66.8,69.1,47.2,71.7,7,61,95.7,1,5,4753.71,0.0
1274,33,5,Female,Master Degree,Married,Yes,Urban,Sales,Mid-Level,Medium (201-1000),Finance,Poor,Moderate (25-50 Mbps),42,Moderate,Few times per week,49.4,51.8,54.4,52.3,10,0,97.1,6,5,2170.45,0.0
1275,24,0,Male,Bachelor Degree,Married,No,Urban,Data Science,Junior,Small (51-200),Non-profit,Good,Moderate (25-50 Mbps),43,Moderate,Few times per week,46.0,56.1,70.5,70.1,7,33,66.1,3,7,3610.1499999999996,0.0
1276,40,5,Male,Bachelor Degree,Married,No,Rural,HR,Lead,Medium (201-1000),Healthcare,Poor,Slow (<25 Mbps),47,Very High,Daily,73.7,80.3,75.9,92.1,7,0,100.0,4,10,6824.609999999999,737.0
1277,48,3,Male,Master Degree,Married,No,Urban,Data Science,Mid-Level,Small (51-200),Consulting,Average,Moderate (25-50 Mbps),38,High,Few times per week,90.8,100.0,72.1,95.0,10,20,100.0,10,9,9186.5,363.2
1278,45,3,Female,Master Degree,Single,Yes,Urban,Engineering,Lead,Medium (201-1000),Education,Good,Fast (50-100 Mbps),41,Very High,Few times per week,91.6,98.7,77.7,95.0,7,46,100.0,6,6,9310.0,1099.1999999999998
1279,33,2,Female,Master Degree,In Relationship,Yes,Urban,Engineering,Mid-Level,Startup (1-50),Healthcare,Good,Moderate (25-50 Mbps),52,Moderate,Daily,90.1,100.0,79.3,95.0,4,65,100.0,8,4,9310.0,540.5999999999999
1280,48,0,Female,Bachelor Degree,Divorced,No,Urban,HR,Lead,Large (1001-5000),Healthcare,Good,Fast (50-100 Mbps),44,Moderate,Daily,97.6,100.0,85.8,95.0,8,8,100.0,2,9,9310.0,683.1999999999999
1281,36,2,Female,Master Degree,Single,No,Suburban,Design,Senior,Small (51-200),Finance,Average,Fast (50-100 Mbps),35,High,Weekly,72.2,96.9,71.6,95.0,7,22,100.0,5,9,8331.5,361.0
1282,31,1,Female,Bachelor Degree,Single,No,Urban,Engineering,Mid-Level,Enterprise (5000+),Technology,Excellent,Fast (50-100 Mbps),36,Moderate,Daily,60.8,75.2,50.9,89.3,9,16,70.5,8,4,5804.5,182.39999999999998
1283,29,4,Male,Professional Degree,Married,Yes,Urban,Engineering,Junior,Large (1001-5000),Manufacturing,Poor,Fast (50-100 Mbps),47,High,Daily,68.3,77.0,63.1,95.0,3,34,100.0,5,9,7125.0,0.0
1284,32,2,Male,Bachelor Degree,Married,No,Urban,Engineering,Mid-Level,Small (51-200),Media,Good,Very Fast (100+ Mbps),35,High,Weekly,93.0,90.9,80.2,95.0,9,19,100.0,4,6,8673.5,465.0
1285,31,4,Female,Master Degree,Married,Yes,Urban,Customer Success,Mid-Level,Medium (201-1000),Technology,Poor,Very Fast (100+ Mbps),39,High,Daily,98.3,100.0,69.3,95.0,9,32,100.0,6,1,9310.0,393.2
1286,36,2,Male,Associate Degree,Single,No,Urban,HR,Mid-Level,Small (51-200),Media,Good,Very Fast (100+ Mbps),43,Moderate,Few times per week,96.5,100.0,63.9,95.0,13,51,100.0,6,9,9310.0,386.0
1287,36,5,Female,Bachelor Degree,Married,No,Urban,Sales,Mid-Level,Large (1001-5000),Technology,Good,Very Fast (100+ Mbps),42,Moderate,Daily,74.6,69.7,68.7,86.6,6,0,100.0,10,2,6373.759999999999,0.0
1288,35,3,Female,Associate Degree,Married,Yes,Urban,Engineering,Junior,Medium (201-1000),Healthcare,Good,Fast (50-100 Mbps),50,High,Weekly,74.7,85.8,76.8,95.0,6,53,100.0,5,2,7533.5,74.7
1289,38,1,Female,Bachelor Degree,Single,No,Urban,Operations,Senior,Large (1001-5000),Finance,Average,Moderate (25-50 Mbps),27,Moderate,Daily,84.7,92.7,90.2,95.0,8,13,100.0,9,10,8550.0,592.9
1290,45,3,Male,Bachelor Degree,Married,Yes,Rural,Engineering,Lead,Startup (1-50),Technology,Good,Fast (50-100 Mbps),44,High,Daily,84.9,84.7,81.2,95.0,8,42,100.0,8,5,7932.5,679.2
1291,43,2,Female,Master Degree,Single,No,Rural,HR,Manager,Startup (1-50),Technology,Poor,Very Fast (100+ Mbps),40,Low,Few times per week,75.3,74.7,83.6,95.0,9,30,100.0,5,7,7742.5,903.5999999999999
1292,22,1,Female,Associate Degree,Single,No,Urban,Marketing,Junior,Small (51-200),Finance,Good,Moderate (25-50 Mbps),49,High,Daily,56.4,69.9,80.4,92.4,10,73,100.0,9,9,6782.160000000001,0.0
1293,22,3,Female,Master Degree,Married,Yes,Urban,Finance,Junior,Startup (1-50),Technology,Poor,Moderate (25-50 Mbps),40,Low,Weekly,65.6,70.6,70.1,93.4,7,40,75.2,7,9,6603.380000000001,0.0
1294,43,4,Female,High School,In Relationship,No,Suburban,Customer Success,Senior,Medium (201-1000),Technology,Average,Moderate (25-50 Mbps),40,Moderate,Weekly,77.2,81.2,65.3,95.0,10,39,87.4,8,4,7106.0,386.0
1295,32,3,Male,Master Degree,Married,No,Rural,Sales,Junior,Large (1001-5000),Technology,Good,Very Fast (100+ Mbps),38,Moderate,Few times per week,54.1,61.3,61.2,79.0,2,13,52.6,3,1,4819.0,0.0
1296,24,5,Male,Master Degree,Single,Yes,Urban,HR,Junior,Large (1001-5000),Technology,Good,Very Fast (100+ Mbps),38,High,Weekly,60.2,66.7,50.8,89.8,4,0,100.0,8,3,5666.38,0.0
1297,22,5,Male,Bachelor Degree,Single,No,Suburban,Engineering,Junior,Small (51-200),Education,Average,Fast (50-100 Mbps),41,Moderate,Few times per week,69.6,62.2,52.9,91.7,14,0,74.3,6,9,6813.31,0.0
1298,39,5,Male,High School,Married,Yes,Suburban,Product,Lead,Medium (201-1000),Consulting,Good,Very Fast (100+ Mbps),51,High,Daily,98.8,93.8,79.2,95.0,10,0,100.0,6,6,9310.0,889.1999999999999
1299,41,3,Female,Master Degree,Married,No,Suburban,Engineering,Mid-Level,Medium (201-1000),Technology,Average,Very Fast (100+ Mbps),39,High,Daily,88.1,100.0,71.6,95.0,6,22,100.0,5,4,9310.0,352.4
1300,22,2,Male,Bachelor Degree,In Relationship,Yes,Urban,Engineering,Junior,Medium (201-1000),Retail,Good,Fast (50-100 Mbps),39,High,Bi-weekly,80.7,92.3,84.2,95.0,9,23,100.0,2,4,8930.0,80.7
1301,30,4,Male,Master Degree,Single,Yes,Urban,Engineering,Mid-Level,Startup (1-50),Technology,Good,Very Fast (100+ Mbps),42,High,Daily,75.2,96.0,64.1,95.0,12,35,100.0,5,10,8284.0,225.60000000000002
1302,38,3,Male,Bachelor Degree,Divorced,No,Urban,Sales,Lead,Small (51-200),Retail,Excellent,Very Fast (100+ Mbps),52,Low,Bi-weekly,100.0,88.1,77.3,95.0,12,52,90.8,6,7,8854.0,1100.0
1303,22,1,Female,Associate Degree,Divorced,No,Suburban,Design,Junior,Medium (201-1000),Technology,Excellent,Very Fast (100+ Mbps),37,Low,Weekly,88.5,100.0,65.1,95.0,5,22,98.1,4,6,9310.0,0.0
1304,36,3,Male,Master Degree,Married,No,Urban,Data Science,Lead,Enterprise (5000+),Technology,Average,Very Fast (100+ Mbps),56,Moderate,Few times per week,72.2,69.5,69.9,86.9,7,14,100.0,7,6,5961.34,505.40000000000003
1305,34,0,Male,Master Degree,Single,Yes,Urban,Engineering,Senior,Large (1001-5000),Technology,Average,Fast (50-100 Mbps),44,Moderate,Weekly,80.2,80.8,88.4,95.0,13,23,100.0,8,9,8740.0,481.20000000000005
1306,40,4,Male,Associate Degree,Married,No,Suburban,Engineering,Mid-Level,Small (51-200),Technology,Excellent,Very Fast (100+ Mbps),35,Very Low,Daily,85.9,96.5,77.6,95.0,6,47,100.0,2,9,8426.5,687.2
1307,36,0,Male,Bachelor Degree,Married,Yes,Suburban,Sales,Junior,Large (1001-5000),Manufacturing,Average,Moderate (25-50 Mbps),38,Moderate,Weekly,87.7,82.9,68.0,95.0,19,31,86.4,6,9,7429.0,175.4
1308,26,4,Female,Associate Degree,Divorced,No,Urban,Sales,Junior,Enterprise (5000+),Technology,Excellent,Moderate (25-50 Mbps),30,Low,Weekly,46.1,50.7,30.0,63.3,6,49,67.8,6,6,2215.5,0.0
1309,45,4,Male,Master Degree,Married,No,Urban,HR,Mid-Level,Startup (1-50),Non-profit,Good,Fast (50-100 Mbps),42,High,Few times per week,90.7,67.3,62.1,95.0,7,36,100.0,7,8,6726.0,362.8
1310,33,1,Male,Master Degree,Married,No,Urban,Marketing,Junior,Large (1001-5000),Finance,Excellent,Fast (50-100 Mbps),48,Moderate,Bi-weekly,88.4,75.8,63.3,93.7,9,43,81.4,7,6,7364.82,176.8
1311,34,3,Male,Bachelor Degree,Divorced,Yes,Urban,HR,Senior,Medium (201-1000),Media,Poor,Very Fast (100+ Mbps),42,Very High,Daily,93.9,77.2,86.8,95.0,4,53,100.0,6,7,8360.0,281.70000000000005
1312,26,4,Female,High School,In Relationship,No,Suburban,HR,Junior,Large (1001-5000),Technology,Poor,Fast (50-100 Mbps),46,Moderate,Weekly,60.0,72.6,62.6,93.2,9,13,79.8,5,6,6635.84,0.0
1313,31,2,Female,High School,Married,No,Urban,Operations,Mid-Level,Medium (201-1000),Technology,Good,Fast (50-100 Mbps),44,Moderate,Daily,76.7,85.1,66.3,93.0,10,0,99.7,10,7,7300.5,153.4
1314,27,1,Male,Bachelor Degree,Divorced,No,Suburban,Customer Success,Junior,Enterprise (5000+),Healthcare,Good,Fast (50-100 Mbps),49,High,Weekly,83.1,93.3,73.3,95.0,10,20,100.0,6,6,8293.5,83.1
1315,33,2,Male,Master Degree,Married,Yes,Urban,Engineering,Mid-Level,Small (51-200),Technology,Good,Very Fast (100+ Mbps),36,Moderate,Few times per week,72.6,64.8,90.3,88.2,8,31,85.3,5,4,6288.66,217.79999999999998
1316,50,3,Female,Associate Degree,Married,No,Rural,Engineering,Senior,Large (1001-5000),Manufacturing,Average,Very Fast (100+ Mbps),47,Low,Weekly,77.2,87.0,77.5,93.2,4,29,89.8,10,3,7642.400000000001,1003.6
1317,22,3,Male,Bachelor Degree,Married,No,Suburban,HR,Mid-Level,Small (51-200),Finance,Excellent,Very Fast (100+ Mbps),53,Low,Few times per week,88.6,100.0,84.5,95.0,11,36,93.9,4,9,8474.0,88.6
1318,22,1,Female,Bachelor Degree,Married,Yes,Rural,Engineering,Junior,Medium (201-1000),Retail,Good,Fast (50-100 Mbps),57,Very High,Bi-weekly,93.1,85.9,84.3,95.0,7,42,100.0,4,6,8540.5,0.0
1319,48,3,Male,Bachelor Degree,Married,Yes,Urban,Engineering,Mid-Level,Enterprise (5000+),Technology,Average,Fast (50-100 Mbps),50,Moderate,Daily,99.7,92.9,92.5,95.0,10,32,100.0,9,9,9310.0,299.1
1320,33,2,Male,Bachelor Degree,Married,Yes,Suburban,Product,Senior,Large (1001-5000),Education,Good,Fast (50-100 Mbps),43,High,Daily,100.0,97.1,86.5,95.0,8,33,100.0,7,7,9310.0,600.0
1321,28,4,Female,Bachelor Degree,Married,Yes,Suburban,Operations,Mid-Level,Small (51-200),Education,Excellent,Fast (50-100 Mbps),36,Moderate,Daily,62.0,60.9,58.0,79.2,6,34,94.9,6,3,4664.88,62.0
1322,44,2,Female,Master Degree,Married,Yes,Suburban,Marketing,Lead,Medium (201-1000),Manufacturing,Good,Very Fast (100+ Mbps),37,High,Weekly,94.0,83.0,75.9,91.8,14,41,100.0,2,5,7610.22,658.0
1323,29,4,Female,PhD,Married,No,Urban,Finance,Mid-Level,Startup (1-50),Technology,Average,Moderate (25-50 Mbps),40,Very High,Few times per week,40.0,50.0,33.1,52.2,12,44,100.0,5,8,1827.0,200.0
1324,51,3,Male,PhD,Married,No,Urban,Sales,Manager,Small (51-200),Government,Poor,Fast (50-100 Mbps),53,High,Few times per week,100.0,89.4,94.5,95.0,10,33,100.0,5,4,8236.5,1900.0
1325,41,4,Male,Bachelor Degree,Married,No,Urban,Design,Manager,Large (1001-5000),Government,Excellent,Very Fast (100+ Mbps),38,High,Weekly,99.5,100.0,78.6,95.0,11,36,100.0,6,1,9310.0,1094.5
1326,30,3,Male,Master Degree,Single,Yes,Urban,Engineering,Senior,Medium (201-1000),Consulting,Good,Fast (50-100 Mbps),43,Moderate,Weekly,91.8,100.0,95.0,95.0,6,64,100.0,5,4,9310.0,367.2
1327,54,4,Female,PhD,Divorced,No,Suburban,Operations,Mid-Level,Medium (201-1000),Education,Good,Fast (50-100 Mbps),47,Very High,Daily,60.3,64.5,44.4,73.0,6,20,100.0,5,6,4029.6000000000004,180.89999999999998
1328,29,3,Female,Associate Degree,Divorced,No,Suburban,HR,Mid-Level,Large (1001-5000),Finance,Excellent,Very Fast (100+ Mbps),25,Moderate,Few times per week,84.8,83.0,82.7,95.0,12,40,100.0,10,4,8645.0,0.0
1329,41,4,Male,High School,Married,Yes,Suburban,Marketing,Junior,Medium (201-1000),Technology,Good,Fast (50-100 Mbps),35,Very Low,Daily,56.6,72.4,53.5,74.8,6,26,87.8,9,2,4884.44,113.2
1330,37,3,Female,High School,Single,Yes,Urban,HR,Mid-Level,Startup (1-50),Government,Excellent,Moderate (25-50 Mbps),53,Moderate,Bi-weekly,98.9,100.0,88.3,95.0,9,21,100.0,3,8,9310.0,494.5
1331,46,3,Female,Bachelor Degree,In Relationship,No,Urban,Design,Senior,Medium (201-1000),Government,Good,Very Fast (100+ Mbps),48,High,Weekly,100.0,98.7,79.8,95.0,5,23,100.0,4,10,9310.0,1200.0
1332,49,3,Male,Master Degree,Divorced,No,Urban,HR,Senior,Enterprise (5000+),Technology,Average,Fast (50-100 Mbps),48,Moderate,Weekly,90.2,90.7,90.0,95.0,11,36,100.0,9,10,8569.0,541.2
1333,35,4,Female,Bachelor Degree,Single,No,Urban,Sales,Senior,Large (1001-5000),Finance,Good,Very Fast (100+ Mbps),36,Very High,Weekly,100.0,94.0,83.1,95.0,7,22,100.0,5,9,9310.0,1000.0
1334,28,4,Male,Bachelor Degree,Single,No,Suburban,Operations,Junior,Medium (201-1000),Media,Poor,Moderate (25-50 Mbps),50,High,Few times per week,100.0,98.1,83.0,95.0,9,0,100.0,6,1,8664.0,0.0
1335,39,2,Male,Bachelor Degree,Married,Yes,Urban,Product,Mid-Level,Startup (1-50),Technology,Good,Very Fast (100+ Mbps),37,Low,Few times per week,99.4,81.5,78.8,95.0,13,25,100.0,7,5,8322.0,397.6
1336,53,4,Male,Bachelor Degree,Single,Yes,Suburban,Finance,Lead,Large (1001-5000),Non-profit,Good,Fast (50-100 Mbps),46,Low,Daily,67.3,78.7,54.9,95.0,5,35,97.8,1,7,7334.0,1682.5
1337,36,5,Male,High School,Married,Yes,Rural,Marketing,Senior,Small (51-200),Consulting,Excellent,Very Fast (100+ Mbps),46,Very High,Bi-weekly,100.0,95.7,95.0,95.0,12,0,100.0,8,8,9310.0,1200.0
1338,31,4,Female,Associate Degree,Married,Yes,Urban,Engineering,Mid-Level,Medium (201-1000),Media,Average,Very Fast (100+ Mbps),44,Very High,Few times per week,70.5,67.2,55.5,91.3,5,0,100.0,7,7,6226.66,70.5
1339,26,4,Female,Master Degree,Married,No,Urban,Operations,Junior,Small (51-200),Education,Average,Very Fast (100+ Mbps),42,High,Weekly,59.5,71.7,64.3,82.5,6,0,100.0,8,6,5370.749999999999,119.0
1340,45,3,Male,Master Degree,In Relationship,No,Suburban,Engineering,Mid-Level,Medium (201-1000),Healthcare,Poor,Moderate (25-50 Mbps),28,Very High,Few times per week,90.4,94.2,77.3,95.0,6,24,100.0,5,4,8664.0,0.0
1341,29,5,Female,Master Degree,Married,Yes,Suburban,Customer Success,Mid-Level,Small (51-200),Technology,Excellent,Moderate (25-50 Mbps),45,Moderate,Daily,67.4,55.0,39.7,65.4,9,0,70.6,3,7,3982.86,269.6
1342,25,2,Female,Master Degree,Married,No,Urban,Marketing,Junior,Small (51-200),Media,Good,Fast (50-100 Mbps),36,Low,Daily,86.5,71.6,57.8,95.0,15,59,85.5,5,1,7049.0,0.0
1343,39,0,Male,Master Degree,Married,No,Urban,HR,Lead,Enterprise (5000+),Media,Excellent,Fast (50-100 Mbps),41,Moderate,Few times per week,100.0,100.0,82.3,95.0,10,15,100.0,8,2,9310.0,600.0
1344,45,0,Female,Master Degree,Single,No,Suburban,Engineering,Senior,Small (51-200),Technology,Average,Fast (50-100 Mbps),38,Very High,Daily,88.0,85.7,65.7,95.0,5,23,100.0,6,7,7989.499999999999,704.0
1345,41,4,Male,Bachelor Degree,Divorced,No,Urban,Product,Senior,Small (51-200),Technology,Excellent,Very Fast (100+ Mbps),45,Very High,Daily,100.0,94.5,77.7,95.0,6,20,100.0,5,8,9310.0,800.0
1346,43,5,Male,Bachelor Degree,Single,No,Suburban,Operations,Mid-Level,Medium (201-1000),Technology,Good,Very Fast (100+ Mbps),37,Moderate,Weekly,87.8,78.2,59.3,95.0,5,0,100.0,4,4,7438.5,351.2
1347,28,0,Female,Master Degree,Single,Yes,Suburban,HR,Junior,Large (1001-5000),Healthcare,Good,Fast (50-100 Mbps),43,Moderate,Bi-weekly,68.9,75.0,64.8,95.0,7,0,94.3,5,7,7885.0,137.8
1348,22,4,Female,Bachelor Degree,Divorced,No,Suburban,Engineering,Junior,Large (1001-5000),Technology,Good,Very Fast (100+ Mbps),43,Low,Bi-weekly,73.4,75.1,59.7,80.4,10,57,88.8,10,8,5250.12,0.0
1349,48,4,Male,Bachelor Degree,Married,No,Suburban,Sales,Lead,Startup (1-50),Healthcare,Average,Fast (50-100 Mbps),42,Moderate,Daily,78.6,88.8,76.6,95.0,10,37,100.0,8,9,8502.5,550.1999999999999
1350,32,4,Male,Bachelor Degree,Married,No,Suburban,Engineering,Junior,Large (1001-5000),Healthcare,Good,Fast (50-100 Mbps),44,Very High,Bi-weekly,91.6,91.6,87.0,95.0,4,27,100.0,6,6,9243.5,0.0
1351,32,2,Female,Bachelor Degree,Single,No,Suburban,Design,Senior,Medium (201-1000),Media,Good,Fast (50-100 Mbps),34,High,Weekly,81.8,82.3,83.6,95.0,6,21,100.0,8,4,7809.0,245.39999999999998
1352,46,4,Male,PhD,Single,Yes,Suburban,Engineering,Lead,Medium (201-1000),Technology,Poor,Moderate (25-50 Mbps),35,Moderate,Weekly,91.5,89.6,95.0,95.0,9,5,100.0,5,3,9310.0,1098.0
1353,40,0,Male,Bachelor Degree,Divorced,No,Urban,Finance,Mid-Level,Large (1001-5000),Healthcare,Good,Fast (50-100 Mbps),50,High,Daily,100.0,99.5,87.9,95.0,9,19,100.0,6,8,9310.0,400.0
1354,39,4,Female,Bachelor Degree,Married,No,Urban,Engineering,Senior,Small (51-200),Retail,Excellent,Slow (<25 Mbps),32,Very Low,Weekly,88.3,93.5,81.6,95.0,3,41,100.0,8,3,9044.0,706.4
1355,54,2,Female,Bachelor Degree,Married,No,Rural,Engineering,Lead,Enterprise (5000+),Education,Average,Fast (50-100 Mbps),54,High,Weekly,97.0,92.2,89.6,95.0,12,21,100.0,5,8,9310.0,1746.0
1356,29,3,Female,Master Degree,Single,Yes,Urban,Sales,Junior,Medium (201-1000),Government,Average,Very Fast (100+ Mbps),41,Moderate,Few times per week,90.7,81.3,59.5,95.0,10,23,58.6,8,6,7628.5,90.7
1357,43,4,Female,Bachelor Degree,Married,No,Suburban,Customer Success,Manager,Small (51-200),Education,Good,Fast (50-100 Mbps),36,High,Few times per week,90.2,100.0,68.7,95.0,9,25,100.0,6,6,9310.0,992.2
1358,35,2,Female,Master Degree,Married,Yes,Suburban,HR,Mid-Level,Medium (201-1000),Media,Excellent,Fast (50-100 Mbps),47,Very High,Weekly,85.2,94.2,89.1,95.0,12,101,100.0,6,6,9310.0,255.60000000000002
1359,37,1,Female,Master Degree,Divorced,No,Suburban,Design,Mid-Level,Small (51-200),Technology,Average,Fast (50-100 Mbps),38,Moderate,Bi-weekly,73.3,84.4,78.7,95.0,4,23,87.7,2,4,7495.500000000001,733.0
1360,48,4,Male,Bachelor Degree,Married,No,Urban,Product,Lead,Medium (201-1000),Healthcare,Average,Fast (50-100 Mbps),44,Moderate,Bi-weekly,80.7,93.1,74.3,95.0,4,8,100.0,8,8,7980.0,1049.1000000000001
1361,39,3,Female,Bachelor Degree,Married,Yes,Urban,Engineering,Senior,Startup (1-50),Healthcare,Average,Very Fast (100+ Mbps),49,Very High,Daily,100.0,96.4,95.0,95.0,6,0,100.0,7,5,9310.0,1300.0
1362,39,3,Male,Bachelor Degree,Married,Yes,Urban,Customer Success,Lead,Small (51-200),Non-profit,Average,Slow (<25 Mbps),46,High,Few times per week,92.8,87.4,73.8,95.0,7,15,100.0,2,7,9272.0,835.1999999999999
1363,44,2,Male,Master Degree,Married,Yes,Urban,Marketing,Mid-Level,Large (1001-5000),Technology,Excellent,Moderate (25-50 Mbps),44,Moderate,Daily,76.6,92.5,69.6,95.0,12,81,93.9,6,1,8683.0,229.79999999999998
1364,31,0,Male,Master Degree,Married,No,Rural,Product,Senior,Large (1001-5000),Technology,Average,Fast (50-100 Mbps),45,Moderate,Weekly,100.0,98.8,84.2,95.0,11,46,100.0,7,5,9310.0,700.0
1365,27,3,Female,Bachelor Degree,Single,No,Suburban,Engineering,Junior,Small (51-200),Education,Excellent,Very Fast (100+ Mbps),42,High,Weekly,100.0,95.4,73.5,95.0,4,47,100.0,7,2,9310.0,200.0
1366,25,1,Male,Associate Degree,Single,No,Suburban,Customer Success,Junior,Medium (201-1000),Technology,Average,Moderate (25-50 Mbps),46,Moderate,Daily,84.3,96.2,76.4,95.0,7,44,89.6,3,5,8293.5,84.3
1367,22,5,Male,Associate Degree,In Relationship,Yes,Suburban,Engineering,Junior,Medium (201-1000),Education,Average,Very Fast (100+ Mbps),35,High,Bi-weekly,58.1,71.9,73.8,82.2,5,0,100.0,6,4,5055.3,0.0
1368,53,0,Female,Master Degree,Single,No,Urban,Sales,Manager,Medium (201-1000),Non-profit,Good,Very Fast (100+ Mbps),50,Moderate,Weekly,80.3,83.5,75.6,95.0,10,28,100.0,4,3,7799.499999999999,1445.3999999999999
1369,25,3,Female,High School,Single,No,Urban,Engineering,Mid-Level,Small (51-200),Government,Good,Fast (50-100 Mbps),41,Moderate,Daily,55.4,84.3,69.5,73.0,6,35,75.4,6,8,4489.5,55.4
1370,33,0,Female,High School,Married,Yes,Urban,Engineering,Junior,Large (1001-5000),Technology,Excellent,Fast (50-100 Mbps),43,Very High,Few times per week,80.5,87.9,72.9,86.2,12,16,100.0,6,6,6852.900000000001,161.0
1371,32,1,Male,Bachelor Degree,Married,No,Suburban,Marketing,Lead,Small (51-200),Technology,Excellent,Very Fast (100+ Mbps),40,Moderate,Daily,80.4,91.8,81.2,95.0,11,48,72.9,2,8,8597.5,562.8000000000001
1372,37,4,Male,Master Degree,Married,Yes,Suburban,Customer Success,Lead,Enterprise (5000+),Healthcare,Good,Fast (50-100 Mbps),45,High,Few times per week,100.0,100.0,83.4,95.0,6,40,100.0,5,9,9310.0,800.0
1373,42,4,Female,Master Degree,Married,No,Suburban,HR,Senior,Medium (201-1000),Education,Average,Fast (50-100 Mbps),48,Very High,Daily,97.4,91.7,82.3,95.0,15,39,100.0,7,6,8949.0,1071.4
1374,42,0,Male,Bachelor Degree,In Relationship,Yes,Suburban,Engineering,Junior,Large (1001-5000),Education,Good,Fast (50-100 Mbps),36,Moderate,Weekly,97.7,93.8,60.8,95.0,8,30,100.0,8,7,9110.5,488.5
1375,29,0,Female,Master Degree,Married,Yes,Rural,Engineering,Senior,Small (51-200),Retail,Excellent,Very Fast (100+ Mbps),41,High,Weekly,84.8,93.7,79.2,95.0,12,59,100.0,5,7,8208.0,254.39999999999998
1376,33,0,Male,Bachelor Degree,Divorced,No,Urban,Sales,Lead,Large (1001-5000),Education,Average,Very Fast (100+ Mbps),43,Moderate,Few times per week,74.1,100.0,83.2,95.0,12,12,100.0,5,7,8426.5,444.59999999999997
1377,37,4,Female,PhD,Single,No,Suburban,Product,Senior,Startup (1-50),Technology,Excellent,Very Fast (100+ Mbps),44,Very High,Daily,92.2,100.0,82.1,95.0,7,35,100.0,8,7,9310.0,553.2
1378,32,3,Female,Bachelor Degree,Single,Yes,Urban,Engineering,Junior,Large (1001-5000),Manufacturing,Average,Very Fast (100+ Mbps),40,Moderate,Few times per week,90.8,86.0,86.6,95.0,8,29,100.0,4,7,8293.5,90.8
1379,49,0,Male,Master Degree,Married,No,Suburban,Marketing,Junior,Medium (201-1000),Technology,Good,Very Fast (100+ Mbps),39,Very High,Few times per week,91.3,82.1,80.8,95.0,12,21,100.0,7,6,8341.0,182.6
1380,39,3,Female,Bachelor Degree,Single,No,Urban,Engineering,Mid-Level,Medium (201-1000),Technology,Good,Very Fast (100+ Mbps),47,High,Bi-weekly,100.0,99.1,75.7,95.0,8,8,100.0,5,9,9310.0,300.0
1381,41,4,Male,Bachelor Degree,Single,Yes,Suburban,Marketing,Mid-Level,Small (51-200),Manufacturing,Good,Very Fast (100+ Mbps),45,Moderate,Few times per week,74.6,65.7,33.5,78.8,7,23,60.0,10,8,4696.48,223.79999999999998
1382,40,5,Male,Master Degree,Single,No,Urban,Engineering,Mid-Level,Startup (1-50),Healthcare,Average,Very Fast (100+ Mbps),43,High,Daily,91.3,92.8,63.0,95.0,10,0,100.0,6,5,9006.0,0.0
1383,45,5,Female,Bachelor Degree,Married,No,Urban,Engineering,Junior,Large (1001-5000),Retail,Excellent,Very Fast (100+ Mbps),49,Very Low,Few times per week,85.9,87.1,56.5,87.4,4,0,98.5,3,6,6887.12,171.8
1384,36,2,Male,Bachelor Degree,Married,No,Suburban,Engineering,Mid-Level,Medium (201-1000),Finance,Excellent,Very Fast (100+ Mbps),33,Moderate,Weekly,100.0,91.8,72.5,95.0,4,36,100.0,4,6,8103.5,400.0
1385,23,1,Male,Bachelor Degree,Married,Yes,Urban,Engineering,Junior,Medium (201-1000),Technology,Good,Fast (50-100 Mbps),46,High,Daily,53.7,56.4,62.9,63.0,7,22,100.0,2,2,3679.2,0.0
1386,38,2,Male,Bachelor Degree,Single,No,Urban,Engineering,Senior,Small (51-200),Finance,Average,Fast (50-100 Mbps),44,Low,Few times per week,72.3,72.9,58.9,83.7,4,9,80.0,7,10,5775.3,795.3
1387,29,4,Male,Bachelor Degree,Married,No,Suburban,Operations,Junior,Small (51-200),Education,Excellent,Very Fast (100+ Mbps),33,High,Weekly,83.1,90.3,67.9,95.0,10,37,100.0,5,6,8474.0,166.2
1388,30,5,Male,Bachelor Degree,Single,No,Suburban,Engineering,Mid-Level,Large (1001-5000),Technology,Average,Very Fast (100+ Mbps),48,High,Daily,94.2,84.0,95.0,93.5,6,0,100.0,1,8,8798.35,0.0
1389,40,3,Female,Master Degree,Married,Yes,Suburban,Engineering,Lead,Large (1001-5000),Retail,Average,Fast (50-100 Mbps),45,High,Daily,76.3,88.6,92.7,95.0,9,39,100.0,3,4,9101.0,610.4
1390,46,2,Female,Master Degree,Married,No,Suburban,Engineering,Director,Small (51-200),Manufacturing,Good,Very Fast (100+ Mbps),46,Low,Weekly,83.6,76.3,86.2,95.0,6,76,100.0,5,7,7656.999999999999,1421.1999999999998
1391,35,3,Male,Bachelor Degree,Married,Yes,Urban,Product,Senior,Medium (201-1000),Healthcare,Good,Moderate (25-50 Mbps),40,Moderate,Weekly,64.2,76.2,71.4,94.9,6,14,100.0,5,6,7070.05,449.40000000000003
1392,37,2,Male,Bachelor Degree,Divorced,No,Urban,Operations,Mid-Level,Large (1001-5000),Consulting,Good,Fast (50-100 Mbps),46,Moderate,Weekly,75.7,86.6,68.3,95.0,10,36,100.0,9,9,7913.5,302.8
1393,50,2,Female,Master Degree,Divorced,No,Suburban,HR,Senior,Large (1001-5000),Consulting,Good,Very Fast (100+ Mbps),37,Moderate,Few times per week,79.1,83.9,58.1,95.0,5,54,100.0,6,9,8198.5,237.29999999999998
1394,58,0,Female,Bachelor Degree,Divorced,Yes,Rural,Engineering,Director,Large (1001-5000),Education,Excellent,Fast (50-100 Mbps),41,Moderate,Few times per week,94.2,86.9,91.6,95.0,9,42,96.8,4,3,8322.0,2731.8
1395,40,2,Female,Master Degree,Married,No,Urban,Engineering,Junior,Small (51-200),Finance,Good,Very Fast (100+ Mbps),46,High,Weekly,97.0,86.9,85.5,95.0,2,49,100.0,5,6,9310.0,194.0
1396,22,4,Female,Master Degree,Divorced,No,Suburban,Marketing,Junior,Large (1001-5000),Healthcare,Good,Very Fast (100+ Mbps),48,Very High,Few times per week,66.1,80.4,59.6,93.5,9,15,100.0,8,1,7358.45,0.0
1397,41,0,Male,Associate Degree,Married,Yes,Rural,Operations,Senior,Medium (201-1000),Retail,Good,Fast (50-100 Mbps),42,High,Daily,93.0,96.5,95.0,95.0,5,37,100.0,6,6,9310.0,651.0
1398,38,1,Male,Bachelor Degree,Married,No,Suburban,Product,Junior,Medium (201-1000),Technology,Good,Moderate (25-50 Mbps),42,Low,Daily,40.5,50.0,32.4,58.2,14,17,73.4,6,6,2432.7599999999998,0.0
1399,46,2,Male,Bachelor Degree,Married,No,Urban,Product,Mid-Level,Medium (201-1000),Retail,Average,Very Fast (100+ Mbps),48,Moderate,Weekly,90.7,88.7,68.6,95.0,8,48,94.6,6,6,8626.0,362.8
1400,41,5,Female,Professional Degree,Single,No,Suburban,Sales,Mid-Level,Medium (201-1000),Healthcare,Good,Very Fast (100+ Mbps),39,Moderate,Few times per week,88.6,100.0,87.2,95.0,6,0,100.0,6,6,9310.0,265.79999999999995
1401,33,4,Female,Bachelor Degree,Married,No,Suburban,Sales,Mid-Level,Medium (201-1000),Technology,Excellent,Very Fast (100+ Mbps),38,Very High,Daily,86.0,77.9,74.8,95.0,11,41,100.0,6,7,7552.5,172.0
1402,23,0,Female,Professional Degree,In Relationship,Yes,Suburban,Engineering,Junior,Large (1001-5000),Healthcare,Excellent,Fast (50-100 Mbps),51,High,Daily,91.3,85.6,85.0,95.0,10,104,100.0,7,4,9310.0,0.0
1403,33,3,Male,Bachelor Degree,Married,No,Urban,Engineering,Junior,Medium (201-1000),Technology,Good,Fast (50-100 Mbps),40,Moderate,Bi-weekly,83.9,89.6,84.2,95.0,12,47,81.4,3,2,8702.0,83.9
1404,27,2,Female,Bachelor Degree,Single,Yes,Suburban,Design,Junior,Startup (1-50),Technology,Good,Very Fast (100+ Mbps),47,High,Monthly,93.1,96.4,94.4,95.0,11,0,100.0,7,8,9006.0,0.0
1405,29,4,Female,Bachelor Degree,Married,Yes,Urban,Engineering,Junior,Startup (1-50),Media,Average,Fast (50-100 Mbps),50,Moderate,Daily,63.8,55.9,54.5,59.6,10,9,82.0,4,8,2771.4,127.6
1406,40,4,Female,Master Degree,Divorced,Yes,Urban,Data Science,Junior,Large (1001-5000),Healthcare,Good,Very Fast (100+ Mbps),43,High,Few times per week,100.0,97.4,74.2,95.0,13,47,100.0,5,7,9310.0,100.0
1407,50,5,Male,Bachelor Degree,In Relationship,No,Suburban,Marketing,Junior,Large (1001-5000),Healthcare,Average,Fast (50-100 Mbps),43,Moderate,Daily,89.7,100.0,77.0,95.0,7,0,100.0,8,8,8673.5,89.7
1408,38,3,Female,Bachelor Degree,Married,No,Urban,Marketing,Senior,Large (1001-5000),Technology,Average,Very Fast (100+ Mbps),52,Moderate,Daily,97.3,100.0,72.6,95.0,5,33,100.0,6,6,9310.0,583.8
1409,24,5,Male,Master Degree,Divorced,Yes,Suburban,Engineering,Junior,Small (51-200),Healthcare,Excellent,Fast (50-100 Mbps),34,Moderate,Few times per week,51.7,69.4,65.0,76.6,4,0,86.6,9,1,5400.299999999999,0.0
1410,39,5,Female,Professional Degree,Divorced,No,Suburban,Finance,Senior,Medium (201-1000),Technology,Average,Moderate (25-50 Mbps),34,High,Daily,81.7,85.3,80.3,93.6,13,0,100.0,4,4,7946.64,980.4000000000001
1411,45,5,Female,Bachelor Degree,Single,No,Rural,Marketing,Manager,Small (51-200),Retail,Excellent,Fast (50-100 Mbps),46,Moderate,Weekly,89.6,92.0,90.4,95.0,15,0,100.0,9,6,8607.0,1523.1999999999998
1412,29,3,Male,Associate Degree,Divorced,No,Suburban,Sales,Junior,Enterprise (5000+),Consulting,Good,Very Fast (100+ Mbps),39,High,Few times per week,100.0,100.0,74.1,95.0,5,26,100.0,6,8,9291.0,100.0
1413,33,3,Female,Master Degree,Married,No,Suburban,Engineering,Mid-Level,Small (51-200),Consulting,Good,Fast (50-100 Mbps),47,Low,Weekly,94.8,80.8,84.8,95.0,11,24,100.0,5,5,8227.0,474.0
1414,35,2,Male,Master Degree,Married,Yes,Urban,Engineering,Junior,Medium (201-1000),Technology,Average,Fast (50-100 Mbps),41,Moderate,Weekly,61.9,87.2,66.4,84.9,7,15,70.6,7,2,7106.130000000001,0.0
1415,27,0,Female,Associate Degree,Married,Yes,Suburban,Marketing,Junior,Large (1001-5000),Healthcare,Good,Slow (<25 Mbps),46,High,Daily,70.0,67.4,45.9,85.1,7,0,100.0,9,6,5505.97,0.0
1416,40,2,Male,PhD,Married,No,Urban,Sales,Lead,Large (1001-5000),Manufacturing,Average,Very Fast (100+ Mbps),36,Moderate,Daily,91.4,100.0,71.9,95.0,8,16,91.5,7,3,9310.0,548.4000000000001
1417,33,4,Female,Associate Degree,Married,No,Urban,Finance,Senior,Startup (1-50),Technology,Good,Fast (50-100 Mbps),45,Moderate,Bi-weekly,80.0,95.9,80.9,95.0,5,21,100.0,1,7,8854.0,400.0
1418,38,4,Female,Master Degree,Married,Yes,Suburban,Finance,Junior,Small (51-200),Technology,Good,Very Fast (100+ Mbps),38,Moderate,Weekly,95.0,89.6,80.3,95.0,11,28,100.0,1,3,9310.0,95.0
1419,27,5,Male,Bachelor Degree,Divorced,No,Urban,Sales,Mid-Level,Medium (201-1000),Consulting,Excellent,Very Fast (100+ Mbps),46,Very High,Few times per week,97.3,95.9,94.2,95.0,7,0,100.0,3,1,9310.0,291.9
1420,31,0,Female,Bachelor Degree,Divorced,No,Urban,Finance,Junior,Medium (201-1000),Manufacturing,Average,Very Fast (100+ Mbps),56,High,Daily,78.6,100.0,83.2,95.0,8,29,100.0,8,9,9310.0,393.0
1421,41,1,Male,Bachelor Degree,Married,No,Suburban,Engineering,Mid-Level,Startup (1-50),Finance,Excellent,Very Fast (100+ Mbps),37,Low,Bi-weekly,96.8,92.9,83.8,95.0,8,9,100.0,7,7,9310.0,484.0
1422,31,4,Male,Master Degree,Married,Yes,Urban,Finance,Mid-Level,Large (1001-5000),Technology,Good,Very Fast (100+ Mbps),39,Low,Daily,84.0,88.1,69.7,95.0,10,16,92.4,6,4,7600.0,0.0
1423,50,2,Female,PhD,Single,No,Urban,Engineering,Junior,Medium (201-1000),Healthcare,Good,Very Fast (100+ Mbps),41,High,Daily,80.6,90.4,92.4,95.0,9,37,100.0,7,7,8521.5,80.6
1424,31,1,Female,Bachelor Degree,Married,No,Urban,Engineering,Senior,Large (1001-5000),Finance,Excellent,Very Fast (100+ Mbps),43,Very High,Bi-weekly,100.0,100.0,57.2,95.0,7,39,100.0,6,5,9310.0,800.0
1425,37,5,Female,Bachelor Degree,Divorced,Yes,Suburban,Engineering,Junior,Small (51-200),Healthcare,Excellent,Fast (50-100 Mbps),28,High,Weekly,93.7,88.1,57.8,95.0,13,0,100.0,5,8,8350.5,0.0
1426,43,4,Female,Bachelor Degree,Single,Yes,Suburban,HR,Mid-Level,Small (51-200),Finance,Excellent,Fast (50-100 Mbps),42,High,Weekly,73.3,75.6,62.0,67.0,10,18,100.0,7,8,3993.2000000000003,0.0
1427,22,3,Female,Master Degree,In Relationship,No,Suburban,Engineering,Mid-Level,Large (1001-5000),Healthcare,Good,Moderate (25-50 Mbps),40,High,Daily,98.3,100.0,78.5,95.0,9,19,100.0,9,6,9072.5,98.3
1428,22,4,Female,PhD,Divorced,No,Urban,Engineering,Junior,Large (1001-5000),Retail,Good,Fast (50-100 Mbps),40,High,Few times per week,100.0,100.0,95.0,95.0,8,37,100.0,7,6,9310.0,100.0
1429,22,4,Female,Master Degree,Married,Yes,Suburban,Sales,Junior,Large (1001-5000),Manufacturing,Good,Moderate (25-50 Mbps),43,Moderate,Weekly,75.6,82.2,49.0,95.0,6,28,88.6,8,5,6669.0,0.0
1430,46,4,Female,Bachelor Degree,Married,Yes,Suburban,Engineering,Mid-Level,Large (1001-5000),Education,Average,Fast (50-100 Mbps),44,Very High,Weekly,100.0,89.8,84.7,95.0,14,19,100.0,4,2,9310.0,700.0
1431,30,4,Male,PhD,Married,Yes,Urban,HR,Junior,Startup (1-50),Technology,Good,Very Fast (100+ Mbps),44,Moderate,Few times per week,72.0,86.7,59.9,93.5,11,30,86.5,5,7,6732.0,72.0
1432,58,1,Male,Bachelor Degree,Married,Yes,Suburban,Operations,Senior,Small (51-200),Finance,Good,Fast (50-100 Mbps),35,Moderate,Monthly,100.0,90.2,94.9,95.0,6,0,100.0,6,6,8977.5,1200.0
1433,29,4,Female,Bachelor Degree,Married,Yes,Suburban,Product,Mid-Level,Small (51-200),Technology,Average,Fast (50-100 Mbps),40,Moderate,Daily,98.1,96.3,93.6,95.0,5,20,100.0,6,5,9310.0,392.4
1434,36,0,Female,Bachelor Degree,Divorced,No,Suburban,Engineering,Mid-Level,Enterprise (5000+),Healthcare,Good,Fast (50-100 Mbps),40,Moderate,Daily,98.5,94.8,82.8,95.0,9,31,100.0,6,7,9025.0,788.0
1435,48,0,Female,Bachelor Degree,Married,No,Suburban,Engineering,Mid-Level,Medium (201-1000),Non-profit,Poor,Moderate (25-50 Mbps),45,Moderate,Daily,40.0,50.0,34.4,64.7,2,34,77.6,6,6,3364.4,80.0
1436,53,5,Male,Master Degree,Married,No,Urban,HR,Senior,Startup (1-50),Education,Good,Fast (50-100 Mbps),36,Moderate,Weekly,89.7,84.1,58.3,89.4,9,0,71.4,8,5,7017.900000000001,448.5
1437,45,4,Male,Associate Degree,Single,Yes,Suburban,Engineering,Junior,Large (1001-5000),Technology,Average,Moderate (25-50 Mbps),51,Very High,Weekly,92.9,88.4,71.2,95.0,11,34,100.0,4,5,8417.0,185.8
1438,44,4,Female,Bachelor Degree,Single,Yes,Suburban,Operations,Senior,Large (1001-5000),Technology,Average,Fast (50-100 Mbps),26,Very High,Daily,74.2,93.9,88.6,95.0,10,6,100.0,3,6,8749.5,890.4000000000001
1439,40,5,Male,Bachelor Degree,Divorced,Yes,Suburban,Customer Success,Mid-Level,Enterprise (5000+),Technology,Poor,Very Fast (100+ Mbps),40,Moderate,Bi-weekly,64.1,64.8,64.9,81.0,12,0,100.0,5,7,5783.400000000001,256.4
