Age,Years_Experience,WFH_Days_Per_Week,Gender,Education_Level,Marital_Status,Has_Children,Location_Type,Department,Job_Level,Company_Size,Industry,Home_Office_Quality,Internet_Speed_Category,Work_Hours_Per_Week,Manager_Support_Level,Team_Collaboration_Frequency,Productivity_Score,Task_Completion_Rate,Quality_Score,Innovation_Score,Efficiency_Rating,Meetings_Per_Week,Commute_Time_Minutes,Job_Satisfaction,Stress_Level,Work_Life_Balance,Smart_Work_Index
39,10,2,Female,Associate Degree,Married,Yes,Urban,Product,Mid-Level,Large (1001-5000),Finance,Good,Very Fast (100+ Mbps),41,Low,Few times per week,52.2,56.6,58.1,52.1,72.1,4,48,55.9,6,8,2948.86
33,4,5,Female,Master Degree,Married,No,Urban,Customer Success,Senior,Startup (1-50),Education,Good,Very Fast (100+ Mbps),52,Moderate,Monthly,81.5,70.8,93.3,77.9,89.5,12,0,96.1,3,8,5515.320000000001
40,3,3,Male,PhD,Single,Yes,Rural,Operations,Mid-Level,Medium (201-1000),Technology,Excellent,Fast (50-100 Mbps),43,Moderate,Few times per week,82.2,81.9,84.7,63.2,95.0,15,24,90.4,5,6,5176.080000000001
48,14,3,Male,Bachelor Degree,Married,Yes,Urban,Finance,Manager,Medium (201-1000),Technology,Excellent,Very Fast (100+ Mbps),45,High,Daily,75.6,70.2,67.8,82.5,95.0,8,8,100.0,10,5,5791.5
32,6,5,Male,High School,Divorced,Yes,Rural,Engineering,Senior,Small (51-200),Technology,Average,Moderate (25-50 Mbps),42,Very Low,Few times per week,98.0,98.2,86.4,67.5,95.0,10,0,100.0,3,4,6628.5
32,7,4,Male,Bachelor Degree,In Relationship,No,Urban,HR,Mid-Level,Medium (201-1000),Technology,Good,Very Fast (100+ Mbps),43,Very High,Few times per week,62.0,59.8,60.6,44.2,72.5,7,49,100.0,7,5,2643.16
49,1,2,Female,High School,In Relationship,No,Suburban,Marketing,Junior,Enterprise (5000+),Education,Average,Moderate (25-50 Mbps),38,Moderate,Few times per week,66.2,75.0,65.8,79.4,90.0,10,12,100.0,8,3,5955.0
41,11,0,Female,Bachelor Degree,Married,No,Suburban,Sales,Manager,Large (1001-5000),Media,Excellent,Very Fast (100+ Mbps),45,Moderate,Weekly,77.2,75.0,86.3,75.2,94.8,7,13,100.0,4,5,5640.0
39,9,4,Female,PhD,Divorced,Yes,Urban,Engineering,Senior,Large (1001-5000),Media,Good,Slow (<25 Mbps),32,High,Daily,72.4,77.0,83.6,80.2,87.4,6,31,100.0,4,4,6175.400000000001
30,1,4,Female,Associate Degree,Married,Yes,Rural,Engineering,Junior,Enterprise (5000+),Finance,Good,Very Fast (100+ Mbps),32,High,Weekly,81.1,88.7,67.6,68.7,95.0,13,14,100.0,2,5,6093.6900000000005
30,1,5,Male,Bachelor Degree,Married,No,Suburban,Engineering,Junior,Small (51-200),Finance,Good,Very Fast (100+ Mbps),31,Moderate,Few times per week,98.0,96.4,95.5,81.9,95.0,8,0,100.0,6,7,7895.160000000001
37,4,5,Male,Bachelor Degree,Married,No,Urban,Engineering,Junior,Small (51-200),Finance,Good,Very Fast (100+ Mbps),50,High,Few times per week,83.7,86.2,84.4,79.2,95.0,11,0,100.0,7,5,6827.040000000001
22,1,3,Male,Associate Degree,Divorced,Yes,Urban,HR,Junior,Startup (1-50),Finance,Good,Moderate (25-50 Mbps),36,Moderate,Weekly,76.7,84.4,70.1,75.7,91.2,11,17,100.0,4,6,6389.080000000001
22,1,0,Female,Bachelor Degree,Married,No,Rural,Engineering,Junior,Small (51-200),Technology,Excellent,Fast (50-100 Mbps),44,High,Few times per week,64.4,54.3,74.9,59.9,84.4,7,29,100.0,3,6,3252.5699999999997
29,1,3,Male,Bachelor Degree,Single,No,Suburban,Sales,Junior,Large (1001-5000),Retail,Average,Moderate (25-50 Mbps),52,High,Few times per week,84.7,72.9,89.9,78.4,95.0,6,25,100.0,6,8,5715.360000000001
25,0,4,Female,Associate Degree,Married,Yes,Suburban,Customer Success,Junior,Small (51-200),Manufacturing,Excellent,Fast (50-100 Mbps),43,Very High,Few times per week,98.0,91.4,90.1,83.6,95.0,5,34,100.0,3,8,7641.04
37,3,4,Female,Bachelor Degree,Single,Yes,Urban,Engineering,Senior,Startup (1-50),Consulting,Good,Very Fast (100+ Mbps),45,Very High,Weekly,80.3,69.5,78.6,77.7,95.0,12,13,100.0,4,4,5400.150000000001
26,2,3,Male,Associate Degree,In Relationship,No,Suburban,Customer Success,Junior,Small (51-200),Finance,Good,Very Fast (100+ Mbps),36,Moderate,Daily,76.3,87.6,93.1,79.7,92.7,5,18,85.3,7,6,6981.719999999999
22,0,3,Male,Bachelor Degree,Married,Yes,Urban,Operations,Junior,Medium (201-1000),Manufacturing,Good,Very Fast (100+ Mbps),43,High,Few times per week,85.9,82.4,80.5,78.5,95.0,5,30,100.0,6,7,6468.400000000001
48,17,2,Female,Bachelor Degree,Married,Yes,Urban,Sales,Lead,Medium (201-1000),Education,Average,Fast (50-100 Mbps),36,Moderate,Few times per week,73.1,82.2,80.7,59.3,92.4,7,58,99.2,9,6,4874.46
32,1,2,Male,Master Degree,Divorced,No,Suburban,Engineering,Junior,Large (1001-5000),Government,Poor,Fast (50-100 Mbps),30,High,Daily,57.9,59.7,71.4,62.4,75.3,11,53,100.0,5,3,3725.28
35,1,3,Female,Master Degree,Married,No,Urban,Engineering,Junior,Startup (1-50),Finance,Excellent,Very Fast (100+ Mbps),42,Very High,Weekly,98.0,94.4,85.8,73.0,95.0,8,30,100.0,4,6,6891.200000000001
22,0,1,Female,Master Degree,Married,No,Suburban,Sales,Junior,Medium (201-1000),Non-profit,Good,Very Fast (100+ Mbps),43,High,Few times per week,98.0,95.3,95.9,87.3,95.0,3,0,100.0,7,5,8319.689999999999
30,5,2,Female,Bachelor Degree,Married,Yes,Rural,Engineering,Mid-Level,Small (51-200),Retail,Average,Very Fast (100+ Mbps),38,High,Daily,79.8,60.5,73.3,83.7,95.0,4,17,100.0,9,6,5063.85
35,0,2,Female,Bachelor Degree,Married,No,Suburban,Engineering,Junior,Enterprise (5000+),Manufacturing,Good,Very Fast (100+ Mbps),37,Moderate,Few times per week,83.3,68.2,71.6,75.8,95.0,8,19,100.0,6,6,5169.56
24,0,3,Female,Bachelor Degree,Divorced,No,Urban,Engineering,Mid-Level,Small (51-200),Technology,Good,Very Fast (100+ Mbps),40,Very Low,Daily,98.0,100.0,100.0,91.3,95.0,8,40,100.0,5,7,9130.0
29,3,4,Male,Master Degree,In Relationship,Yes,Urban,Engineering,Mid-Level,Startup (1-50),Healthcare,Good,Very Fast (100+ Mbps),46,Moderate,Few times per week,83.1,89.2,81.4,67.3,95.0,9,1,95.4,6,5,6003.16
32,1,3,Female,Bachelor Degree,Single,No,Urban,HR,Junior,Small (51-200),Technology,Excellent,Moderate (25-50 Mbps),44,Moderate,Daily,98.0,84.2,99.4,76.9,95.0,6,30,89.6,4,7,6474.9800000000005
29,3,4,Male,Bachelor Degree,Single,No,Suburban,Engineering,Mid-Level,Small (51-200),Finance,Average,Very Fast (100+ Mbps),51,Low,Monthly,90.3,84.9,88.9,76.4,95.0,6,32,91.5,9,8,6486.360000000001
51,21,4,Male,Bachelor Degree,Single,No,Urban,Customer Success,Manager,Medium (201-1000),Government,Poor,Moderate (25-50 Mbps),39,Moderate,Daily,86.8,96.7,95.9,72.2,95.0,8,13,90.7,5,3,6981.740000000001
34,8,2,Male,Bachelor Degree,Married,Yes,Urban,Engineering,Mid-Level,Large (1001-5000),Finance,Average,Very Fast (100+ Mbps),42,Moderate,Few times per week,89.4,80.8,85.2,72.1,95.0,2,26,100.0,8,5,5825.679999999999
25,0,3,Female,Professional Degree,Single,No,Urban,Finance,Junior,Small (51-200),Technology,Good,Fast (50-100 Mbps),43,Moderate,Weekly,74.7,71.4,75.5,69.8,86.2,4,48,100.0,6,5,4983.72
42,13,5,Male,Bachelor Degree,Single,No,Urban,Sales,Lead,Medium (201-1000),Healthcare,Poor,Very Fast (100+ Mbps),39,Moderate,Few times per week,77.2,63.4,87.0,64.4,95.0,7,0,100.0,6,5,4082.9600000000005
24,0,4,Male,Master Degree,Married,No,Suburban,Operations,Junior,Large (1001-5000),Technology,Poor,Fast (50-100 Mbps),30,Moderate,Monthly,56.3,52.4,69.3,53.6,84.2,7,4,50.3,5,9,2808.64
22,1,4,Female,Professional Degree,Married,Yes,Suburban,Marketing,Junior,Startup (1-50),Education,Good,Very Fast (100+ Mbps),56,Moderate,Bi-weekly,50.2,62.5,50.0,55.9,69.9,6,9,100.0,4,9,3493.75
23,0,1,Female,Bachelor Degree,Married,No,Suburban,Engineering,Junior,Small (51-200),Finance,Average,Moderate (25-50 Mbps),47,Moderate,Few times per week,94.0,100.0,97.9,66.8,95.0,6,47,100.0,5,6,6680.0
36,2,0,Female,Master Degree,Married,Yes,Suburban,Marketing,Junior,Large (1001-5000),Manufacturing,Average,Fast (50-100 Mbps),53,High,Few times per week,98.0,94.2,100.0,90.3,95.0,8,37,100.0,5,7,8506.26
36,3,2,Female,Master Degree,Divorced,No,Urban,Marketing,Mid-Level,Startup (1-50),Consulting,Good,Very Fast (100+ Mbps),41,Very High,Bi-weekly,98.0,89.8,93.3,95.0,95.0,5,4,100.0,6,7,8531.0
33,0,2,Male,Bachelor Degree,Married,No,Suburban,Engineering,Junior,Small (51-200),Government,Average,Very Fast (100+ Mbps),45,Low,Bi-weekly,65.4,67.5,78.6,63.5,95.0,3,15,73.1,6,7,4286.25
32,3,4,Female,Bachelor Degree,Married,Yes,Urban,Engineering,Senior,Large (1001-5000),Technology,Average,Fast (50-100 Mbps),48,High,Bi-weekly,78.0,82.5,83.3,83.1,95.0,3,20,100.0,3,6,6855.749999999999
22,1,2,Female,Master Degree,Married,No,Urban,Operations,Junior,Medium (201-1000),Consulting,Average,Fast (50-100 Mbps),32,High,Weekly,73.4,74.0,79.8,75.9,94.3,2,72,100.0,6,5,5616.6
28,2,2,Male,PhD,Single,Yes,Rural,Data Science,Junior,Large (1001-5000),Healthcare,Excellent,Very Fast (100+ Mbps),44,Moderate,Daily,75.0,88.2,83.8,89.2,82.7,7,24,100.0,3,9,7867.4400000000005
30,0,4,Female,Bachelor Degree,Divorced,No,Urban,Marketing,Junior,Small (51-200),Healthcare,Good,Very Fast (100+ Mbps),41,Moderate,Daily,90.3,100.0,92.1,64.6,95.0,6,2,100.0,9,9,6459.999999999999
44,7,4,Male,Master Degree,Single,No,Suburban,Finance,Senior,Enterprise (5000+),Technology,Good,Fast (50-100 Mbps),50,High,Daily,78.9,99.8,75.7,79.4,95.0,8,18,100.0,4,3,7924.12
38,9,2,Female,Associate Degree,Divorced,Yes,Suburban,Marketing,Mid-Level,Large (1001-5000),Finance,Average,Very Fast (100+ Mbps),44,High,Daily,98.0,100.0,99.1,80.9,95.0,9,20,100.0,7,5,8090.000000000001
22,0,4,Male,Master Degree,Married,Yes,Urban,Marketing,Junior,Small (51-200),Government,Excellent,Fast (50-100 Mbps),27,Low,Daily,68.3,52.6,70.0,56.2,93.9,8,33,100.0,4,7,2956.1200000000003
31,0,3,Female,Bachelor Degree,Married,Yes,Suburban,Engineering,Junior,Startup (1-50),Technology,Good,Fast (50-100 Mbps),29,Very High,Daily,98.0,100.0,96.2,74.0,95.0,6,0,100.0,9,8,7400.0
28,3,0,Female,Master Degree,Married,Yes,Urban,Product,Senior,Small (51-200),Technology,Average,Very Fast (100+ Mbps),49,Moderate,Monthly,75.9,77.4,81.5,51.2,95.0,4,21,100.0,8,8,3962.8800000000006
40,9,0,Female,Master Degree,Married,No,Urban,Sales,Senior,Large (1001-5000),Healthcare,Good,Moderate (25-50 Mbps),37,Moderate,Daily,65.9,51.0,76.5,72.2,87.1,5,63,96.2,7,5,3682.2000000000003
44,11,3,Male,Bachelor Degree,Married,Yes,Rural,Operations,Lead,Small (51-200),Government,Average,Very Fast (100+ Mbps),35,Moderate,Daily,55.3,63.6,58.8,68.2,77.1,9,34,82.8,7,5,4337.52
43,7,2,Male,Master Degree,Married,No,Suburban,Marketing,Senior,Large (1001-5000),Education,Poor,Fast (50-100 Mbps),37,Moderate,Weekly,82.9,73.4,80.9,86.0,95.0,10,36,100.0,8,5,6312.400000000001
27,1,5,Male,Associate Degree,Married,Yes,Urban,Sales,Junior,Small (51-200),Technology,Average,Moderate (25-50 Mbps),36,Low,Weekly,98.0,100.0,100.0,81.0,95.0,5,0,100.0,7,6,8100.0
32,5,4,Female,Master Degree,Married,No,Urban,Sales,Senior,Large (1001-5000),Finance,Excellent,Fast (50-100 Mbps),41,Low,Daily,94.4,100.0,93.6,83.6,95.0,12,16,100.0,8,8,8360.0
37,8,4,Female,Master Degree,Married,Yes,Suburban,Operations,Senior,Small (51-200),Finance,Excellent,Fast (50-100 Mbps),36,Moderate,Daily,84.1,83.5,83.2,68.7,95.0,7,35,75.1,5,5,5736.45
43,6,5,Male,Associate Degree,Single,Yes,Urban,Engineering,Senior,Large (1001-5000),Technology,Average,Very Fast (100+ Mbps),40,High,Daily,82.2,77.8,86.3,65.5,91.0,8,0,100.0,6,7,5095.9
30,1,5,Male,Master Degree,Divorced,No,Urban,Sales,Junior,Startup (1-50),Healthcare,Good,Moderate (25-50 Mbps),32,High,Few times per week,71.9,75.4,81.1,62.2,95.0,5,0,100.0,6,8,4689.880000000001
33,2,2,Female,Bachelor Degree,Married,Yes,Suburban,Marketing,Junior,Small (51-200),Technology,Average,Very Fast (100+ Mbps),40,Moderate,Daily,93.8,86.7,85.3,71.6,95.0,4,47,84.7,4,6,6207.719999999999
25,1,1,Male,Bachelor Degree,Married,No,Urban,Data Science,Junior,Medium (201-1000),Consulting,Average,Fast (50-100 Mbps),50,Moderate,Weekly,83.4,70.7,86.4,55.5,95.0,10,12,100.0,6,6,3923.8500000000004
24,0,4,Female,Bachelor Degree,In Relationship,No,Suburban,Sales,Junior,Medium (201-1000),Healthcare,Poor,Very Fast (100+ Mbps),39,Very High,Weekly,98.0,84.9,100.0,95.0,95.0,5,41,100.0,3,6,8065.500000000001
42,6,2,Male,Bachelor Degree,Married,No,Suburban,Operations,Senior,Medium (201-1000),Consulting,Good,Very Fast (100+ Mbps),45,Moderate,Weekly,98.0,100.0,99.0,88.5,95.0,12,79,100.0,6,7,8850.0
47,6,3,Female,Master Degree,Married,Yes,Urban,Engineering,Lead,Medium (201-1000),Government,Average,Very Fast (100+ Mbps),34,Low,Few times per week,74.7,70.8,74.9,61.3,95.0,5,18,76.0,3,8,4340.04
34,4,4,Male,Bachelor Degree,Married,Yes,Urban,Engineering,Mid-Level,Enterprise (5000+),Government,Excellent,Very Fast (100+ Mbps),45,High,Daily,98.0,89.9,98.5,81.2,95.0,8,9,100.0,6,10,7299.880000000001
44,17,5,Female,Bachelor Degree,Divorced,No,Urban,Product,Manager,Small (51-200),Technology,Good,Moderate (25-50 Mbps),48,Moderate,Few times per week,98.0,92.9,97.3,95.0,95.0,12,0,100.0,6,8,8825.5
38,11,3,Female,Master Degree,Single,No,Suburban,HR,Lead,Large (1001-5000),Government,Excellent,Moderate (25-50 Mbps),50,Moderate,Few times per week,92.2,91.2,91.9,87.3,95.0,7,37,100.0,3,6,7961.76
29,1,4,Male,Associate Degree,Married,Yes,Urban,Sales,Junior,Medium (201-1000),Manufacturing,Average,Fast (50-100 Mbps),43,High,Weekly,53.3,60.6,55.4,42.0,66.0,2,38,100.0,5,3,2545.2000000000003
38,2,2,Female,Bachelor Degree,Married,Yes,Urban,Marketing,Junior,Medium (201-1000),Manufacturing,Average,Very Fast (100+ Mbps),46,Moderate,Bi-weekly,81.6,89.1,90.9,72.4,95.0,6,29,86.0,7,4,6450.84
48,17,4,Female,Bachelor Degree,Single,Yes,Rural,Engineering,Manager,Medium (201-1000),Technology,Excellent,Very Fast (100+ Mbps),34,High,Daily,98.0,82.2,89.3,79.2,95.0,9,6,100.0,6,2,6510.240000000001
34,5,0,Female,Master Degree,Single,No,Urban,Finance,Mid-Level,Large (1001-5000),Technology,Good,Fast (50-100 Mbps),39,Moderate,Monthly,76.1,71.4,73.0,56.9,88.2,10,43,100.0,6,6,4062.6600000000003
49,24,5,Female,Bachelor Degree,Married,Yes,Rural,Engineering,Director,Medium (201-1000),Non-profit,Average,Very Fast (100+ Mbps),37,Moderate,Bi-weekly,84.2,81.2,96.1,82.7,95.0,12,0,95.0,5,6,6715.240000000001
22,0,0,Male,Bachelor Degree,Married,No,Urban,HR,Junior,Large (1001-5000),Technology,Average,Fast (50-100 Mbps),43,Moderate,Daily,48.5,59.9,50.0,49.1,69.6,9,0,71.1,2,8,2941.09
42,7,4,Female,Bachelor Degree,Divorced,Yes,Urban,Marketing,Mid-Level,Startup (1-50),Technology,Average,Very Fast (100+ Mbps),38,High,Daily,90.1,87.3,83.3,70.8,95.0,10,27,100.0,9,3,6180.839999999999
32,9,2,Female,Associate Degree,Married,Yes,Urban,Product,Senior,Small (51-200),Media,Average,Moderate (25-50 Mbps),56,Moderate,Few times per week,98.0,100.0,92.8,81.0,95.0,7,26,87.9,5,6,8100.0
35,5,3,Female,PhD,Single,No,Urban,Data Science,Mid-Level,Medium (201-1000),Healthcare,Good,Fast (50-100 Mbps),45,High,Daily,98.0,98.3,97.3,84.3,95.0,10,43,100.0,3,8,8286.689999999999
22,0,3,Male,Master Degree,Married,Yes,Urban,Engineering,Junior,Medium (201-1000),Media,Good,Moderate (25-50 Mbps),50,Very High,Daily,85.6,89.0,81.9,69.5,95.0,7,57,100.0,6,3,6185.5
33,6,1,Female,Master Degree,Married,Yes,Rural,Customer Success,Lead,Medium (201-1000),Finance,Good,Fast (50-100 Mbps),34,High,Bi-weekly,98.0,100.0,96.7,67.9,95.0,9,56,100.0,9,5,6790.000000000001
38,10,2,Female,Bachelor Degree,Married,Yes,Urban,HR,Lead,Medium (201-1000),Technology,Average,Fast (50-100 Mbps),41,Moderate,Daily,96.6,100.0,93.8,83.3,95.0,8,38,100.0,4,7,8330.0
48,12,4,Male,Bachelor Degree,Single,Yes,Suburban,HR,Manager,Small (51-200),Healthcare,Good,Very Fast (100+ Mbps),43,Moderate,Few times per week,84.9,92.5,87.2,67.9,95.0,9,32,86.9,5,5,6280.750000000001
30,0,4,Female,Master Degree,Married,Yes,Suburban,Design,Mid-Level,Medium (201-1000),Education,Average,Very Fast (100+ Mbps),42,Very Low,Weekly,60.3,61.3,60.6,47.0,82.1,12,28,48.4,4,10,2881.1
27,1,0,Female,Associate Degree,Divorced,No,Suburban,Marketing,Mid-Level,Medium (201-1000),Finance,Excellent,Moderate (25-50 Mbps),53,High,Bi-weekly,65.2,56.2,68.7,81.7,75.1,8,14,100.0,8,6,4591.54
30,5,4,Male,Associate Degree,Married,No,Suburban,Finance,Mid-Level,Small (51-200),Finance,Average,Fast (50-100 Mbps),37,High,Daily,72.6,79.8,78.0,72.3,88.9,11,31,100.0,6,9,5769.54
43,13,0,Male,Bachelor Degree,Married,Yes,Urban,Customer Success,Lead,Small (51-200),Technology,Average,Fast (50-100 Mbps),43,Moderate,Daily,85.9,100.0,88.7,75.4,95.0,12,28,100.0,8,9,7540.000000000001
37,5,3,Female,PhD,Married,No,Urban,Marketing,Junior,Large (1001-5000),Technology,Good,Fast (50-100 Mbps),27,Moderate,Weekly,94.8,90.8,97.0,89.4,95.0,6,36,100.0,8,5,8117.52
30,0,2,Male,Master Degree,Single,No,Urban,Marketing,Junior,Large (1001-5000),Retail,Good,Very Fast (100+ Mbps),44,High,Weekly,74.9,80.6,73.6,59.2,95.0,11,57,100.0,7,5,4771.5199999999995
39,10,3,Male,Bachelor Degree,Single,Yes,Urban,Sales,Lead,Small (51-200),Finance,Excellent,Slow (<25 Mbps),45,High,Monthly,98.0,97.8,91.3,71.9,95.0,7,18,100.0,4,5,7031.820000000001
35,7,2,Male,Master Degree,Divorced,No,Urban,HR,Mid-Level,Small (51-200),Technology,Average,Very Fast (100+ Mbps),41,High,Daily,89.0,73.9,88.9,95.0,95.0,14,33,100.0,2,6,7020.500000000001
43,5,5,Male,Bachelor Degree,Married,No,Urban,Finance,Mid-Level,Small (51-200),Technology,Average,Moderate (25-50 Mbps),44,Moderate,Weekly,88.9,86.9,79.4,66.9,95.0,7,0,100.0,3,3,5813.610000000001
28,2,2,Female,Master Degree,Married,No,Rural,Marketing,Junior,Large (1001-5000),Finance,Good,Very Fast (100+ Mbps),38,High,Few times per week,83.0,78.3,90.2,87.1,89.8,5,39,100.0,7,8,6819.929999999999
32,0,2,Female,Bachelor Degree,Single,Yes,Rural,Sales,Junior,Large (1001-5000),Media,Excellent,Very Fast (100+ Mbps),34,Low,Bi-weekly,94.6,87.1,100.0,95.0,95.0,13,39,98.8,7,4,8274.5
31,3,2,Female,Master Degree,Married,Yes,Urban,Engineering,Mid-Level,Startup (1-50),Finance,Good,Very Fast (100+ Mbps),36,Moderate,Few times per week,93.3,96.7,100.0,95.0,95.0,8,79,100.0,7,9,9186.5
22,0,5,Female,Bachelor Degree,Single,No,Urban,Engineering,Junior,Large (1001-5000),Technology,Good,Moderate (25-50 Mbps),36,High,Few times per week,89.3,88.0,82.7,80.7,95.0,7,0,100.0,4,7,7101.6
37,7,4,Female,Bachelor Degree,Single,No,Urban,Marketing,Mid-Level,Startup (1-50),Finance,Good,Moderate (25-50 Mbps),34,High,Daily,87.5,79.1,85.2,62.9,95.0,7,20,100.0,4,6,4975.389999999999
37,9,4,Male,Bachelor Degree,Married,Yes,Urban,Sales,Senior,Small (51-200),Education,Good,Moderate (25-50 Mbps),34,Very High,Daily,98.0,88.5,100.0,81.5,95.0,12,0,100.0,9,7,7212.75
35,9,5,Female,Bachelor Degree,Married,No,Urban,Customer Success,Senior,Enterprise (5000+),Education,Excellent,Very Fast (100+ Mbps),37,Moderate,Few times per week,98.0,100.0,99.2,81.4,95.0,5,0,100.0,7,9,8140.000000000001
32,4,5,Male,Master Degree,Single,No,Rural,Marketing,Mid-Level,Large (1001-5000),Technology,Good,Very Fast (100+ Mbps),39,Moderate,Daily,79.6,78.2,89.5,79.0,88.2,12,0,100.0,7,5,6177.8
22,1,4,Male,Bachelor Degree,Single,Yes,Urban,Design,Junior,Large (1001-5000),Retail,Average,Fast (50-100 Mbps),42,Very High,Few times per week,92.2,78.0,89.2,84.1,95.0,4,21,100.0,3,5,6559.799999999999
31,2,1,Female,Bachelor Degree,Married,No,Urban,Engineering,Junior,Medium (201-1000),Education,Average,Very Fast (100+ Mbps),34,Moderate,Daily,44.5,48.0,54.8,46.9,69.2,8,73,84.4,5,6,2251.2
31,5,4,Female,Bachelor Degree,Married,No,Urban,Data Science,Junior,Small (51-200),Technology,Good,Fast (50-100 Mbps),36,Moderate,Weekly,98.0,100.0,97.9,92.0,95.0,9,31,100.0,2,6,9200.0
27,1,2,Female,Bachelor Degree,Married,Yes,Rural,Sales,Mid-Level,Large (1001-5000),Technology,Average,Fast (50-100 Mbps),38,High,Daily,86.8,73.1,93.4,76.5,95.0,9,37,100.0,7,3,5592.15
38,9,4,Female,Bachelor Degree,In Relationship,Yes,Suburban,Marketing,Lead,Small (51-200),Education,Good,Fast (50-100 Mbps),34,High,Weekly,98.0,97.2,89.1,81.7,95.0,8,22,100.0,6,7,7941.240000000001
51,17,4,Female,Bachelor Degree,Single,Yes,Suburban,Sales,Manager,Medium (201-1000),Government,Average,Moderate (25-50 Mbps),38,High,Daily,82.8,85.7,80.0,72.4,90.4,5,47,100.0,8,7,6204.68
36,7,3,Female,Bachelor Degree,Single,No,Urban,Engineering,Lead,Large (1001-5000),Finance,Excellent,Moderate (25-50 Mbps),47,High,Daily,98.0,90.3,99.2,91.9,95.0,2,41,100.0,7,5,8298.57
37,8,4,Male,Bachelor Degree,Married,No,Urban,Engineering,Senior,Enterprise (5000+),Manufacturing,Good,Fast (50-100 Mbps),37,Very High,Weekly,98.0,95.8,97.4,95.0,95.0,11,46,100.0,9,8,9101.0
34,4,5,Male,PhD,Single,No,Suburban,Finance,Mid-Level,Large (1001-5000),Technology,Excellent,Fast (50-100 Mbps),34,High,Daily,98.0,100.0,100.0,83.5,95.0,8,0,100.0,2,6,8350.0
22,1,1,Female,Master Degree,Married,No,Suburban,Sales,Junior,Large (1001-5000),Media,Good,Fast (50-100 Mbps),41,Low,Daily,57.1,62.4,59.0,79.5,75.8,13,10,84.6,6,7,4960.8
34,1,2,Female,Bachelor Degree,Married,No,Urban,Data Science,Junior,Startup (1-50),Education,Average,Very Fast (100+ Mbps),37,Very High,Few times per week,75.9,62.1,84.0,59.9,94.4,10,49,100.0,6,5,3719.79
35,5,4,Male,Master Degree,In Relationship,No,Urban,Sales,Senior,Medium (201-1000),Education,Excellent,Very Fast (100+ Mbps),25,Very High,Few times per week,98.0,100.0,99.2,95.0,95.0,11,0,100.0,2,8,9500.0
57,3,5,Male,Master Degree,Divorced,Yes,Suburban,Data Science,Mid-Level,Large (1001-5000),Technology,Excellent,Very Fast (100+ Mbps),43,Moderate,Daily,98.0,87.5,97.1,88.2,95.0,9,0,100.0,7,5,7717.5
33,3,1,Male,Bachelor Degree,In Relationship,No,Urban,Engineering,Senior,Startup (1-50),Technology,Average,Very Fast (100+ Mbps),47,Very High,Monthly,98.0,95.1,97.5,89.6,95.0,3,33,100.0,4,9,8520.96
37,5,0,Female,Master Degree,Single,No,Suburban,Engineering,Senior,Large (1001-5000),Retail,Good,Very Fast (100+ Mbps),41,High,Bi-weekly,98.0,100.0,89.9,78.3,95.0,8,41,100.0,7,6,7830.0
34,4,0,Female,Bachelor Degree,Divorced,Yes,Urban,Sales,Junior,Enterprise (5000+),Technology,Good,Moderate (25-50 Mbps),48,High,Bi-weekly,72.8,72.5,76.0,50.7,84.8,6,58,100.0,2,4,3675.75
24,0,0,Female,Master Degree,Single,No,Urban,Product,Junior,Small (51-200),Technology,Poor,Fast (50-100 Mbps),45,Low,Few times per week,67.3,81.5,62.5,59.6,78.6,9,53,84.6,6,7,4857.400000000001
45,12,5,Female,Bachelor Degree,Married,No,Urban,Marketing,Senior,Large (1001-5000),Technology,Good,Very Fast (100+ Mbps),36,High,Monthly,56.0,53.6,62.2,37.9,69.1,6,0,100.0,6,7,2031.44
41,5,4,Female,Bachelor Degree,Married,No,Rural,Engineering,Mid-Level,Large (1001-5000),Technology,Average,Very Fast (100+ Mbps),54,Low,Weekly,70.4,78.5,69.0,47.7,85.9,6,43,99.1,6,6,3744.4500000000003
42,13,4,Female,Bachelor Degree,Single,Yes,Urban,Engineering,Senior,Medium (201-1000),Education,Poor,Fast (50-100 Mbps),43,Moderate,Weekly,98.0,100.0,100.0,85.3,95.0,6,46,100.0,5,8,8530.0
26,1,3,Male,Professional Degree,Married,No,Urban,Sales,Mid-Level,Large (1001-5000),Finance,Excellent,Very Fast (100+ Mbps),44,Moderate,Few times per week,54.3,47.2,64.0,49.2,72.5,5,23,89.1,5,6,2322.2400000000002
47,14,4,Male,Master Degree,Single,Yes,Urban,Operations,Lead,Small (51-200),Technology,Good,Very Fast (100+ Mbps),36,Moderate,Daily,98.0,100.0,94.2,76.7,95.0,10,5,100.0,6,4,7670.0
22,1,1,Female,Bachelor Degree,Married,Yes,Suburban,Sales,Junior,Large (1001-5000),Finance,Good,Moderate (25-50 Mbps),32,Very High,Bi-weekly,94.8,76.8,100.0,94.2,95.0,8,46,100.0,5,2,7234.56
40,2,3,Male,Associate Degree,In Relationship,No,Suburban,HR,Junior,Small (51-200),Consulting,Average,Fast (50-100 Mbps),35,Very High,Few times per week,56.6,40.2,62.3,59.2,89.2,11,37,98.5,9,9,2379.84
54,6,3,Female,Bachelor Degree,Single,No,Urban,Operations,Senior,Large (1001-5000),Media,Good,Fast (50-100 Mbps),47,High,Monthly,92.2,85.1,89.8,81.5,95.0,8,16,100.0,9,6,6935.65
26,1,1,Female,Bachelor Degree,Single,Yes,Urban,Product,Junior,Medium (201-1000),Healthcare,Average,Fast (50-100 Mbps),52,Very High,Daily,42.6,40.0,50.0,60.3,57.9,10,36,100.0,5,7,2412.0
29,2,3,Male,Associate Degree,Married,Yes,Rural,Marketing,Junior,Startup (1-50),Healthcare,Poor,Very Fast (100+ Mbps),43,Very Low,Monthly,45.0,40.0,58.4,49.5,64.9,7,35,78.4,7,4,1980.0
35,2,2,Female,Bachelor Degree,Divorced,No,Suburban,Sales,Junior,Medium (201-1000),Technology,Average,Fast (50-100 Mbps),42,Moderate,Daily,65.2,63.8,76.6,62.6,83.7,10,65,100.0,7,6,3993.88
30,5,0,Female,Master Degree,Single,No,Suburban,Data Science,Mid-Level,Small (51-200),Healthcare,Average,Fast (50-100 Mbps),47,High,Few times per week,65.6,66.2,50.0,69.6,84.0,9,6,100.0,8,7,4607.5199999999995
22,1,1,Male,Master Degree,Married,No,Urban,Sales,Junior,Startup (1-50),Retail,Average,Fast (50-100 Mbps),50,Moderate,Few times per week,63.5,76.0,57.2,45.8,82.0,9,59,60.1,1,6,3480.7999999999997
35,8,4,Female,Bachelor Degree,Divorced,No,Urban,Sales,Senior,Startup (1-50),Healthcare,Average,Very Fast (100+ Mbps),33,Very Low,Weekly,60.8,52.7,66.7,69.7,79.3,10,24,94.1,5,10,3673.1900000000005
25,1,0,Female,Bachelor Degree,Single,Yes,Suburban,Customer Success,Mid-Level,Large (1001-5000),Finance,Excellent,Moderate (25-50 Mbps),51,Low,Weekly,74.6,72.6,84.5,58.9,88.2,5,31,66.7,3,7,4276.139999999999
39,1,5,Male,PhD,Married,Yes,Suburban,Engineering,Junior,Large (1001-5000),Education,Average,Very Fast (100+ Mbps),39,Moderate,Few times per week,75.2,79.3,76.6,78.1,95.0,4,0,89.1,5,10,6193.329999999999
26,1,1,Male,Master Degree,Married,Yes,Suburban,Sales,Junior,Enterprise (5000+),Government,Average,Fast (50-100 Mbps),48,High,Daily,67.1,65.0,75.7,52.7,79.9,12,60,100.0,6,4,3425.5
48,6,4,Female,Master Degree,Married,Yes,Urban,Engineering,Mid-Level,Large (1001-5000),Media,Good,Fast (50-100 Mbps),35,Very High,Few times per week,75.4,77.3,86.6,59.1,95.0,2,16,100.0,8,9,4568.43
27,3,5,Female,PhD,Divorced,Yes,Suburban,Engineering,Junior,Large (1001-5000),Manufacturing,Excellent,Fast (50-100 Mbps),48,Very High,Daily,97.2,100.0,98.3,88.2,95.0,11,0,100.0,8,7,8820.0
32,6,5,Female,Master Degree,Single,Yes,Suburban,Engineering,Lead,Startup (1-50),Technology,Good,Fast (50-100 Mbps),33,Very High,Weekly,49.3,48.7,52.3,40.6,64.3,6,0,100.0,6,5,1977.2200000000003
42,4,5,Female,Associate Degree,In Relationship,No,Rural,Engineering,Senior,Large (1001-5000),Technology,Excellent,Very Fast (100+ Mbps),48,Very High,Daily,98.0,88.8,97.2,73.3,95.0,9,0,100.0,2,8,6509.04
23,0,2,Female,Bachelor Degree,In Relationship,Yes,Urban,Sales,Junior,Large (1001-5000),Consulting,Good,Very Fast (100+ Mbps),45,Low,Few times per week,76.1,77.7,74.7,61.4,85.4,12,45,70.2,5,7,4770.78
37,5,2,Male,PhD,Single,No,Suburban,Customer Success,Senior,Startup (1-50),Technology,Good,Very Fast (100+ Mbps),32,Low,Monthly,97.5,95.6,100.0,90.6,95.0,6,21,100.0,3,7,8661.359999999999
46,6,3,Female,Bachelor Degree,Single,No,Suburban,Operations,Lead,Large (1001-5000),Education,Poor,Very Fast (100+ Mbps),49,Moderate,Daily,98.0,100.0,99.0,90.1,95.0,11,21,100.0,7,4,9010.0
22,0,1,Male,Associate Degree,In Relationship,No,Rural,Operations,Junior,Medium (201-1000),Finance,Good,Very Fast (100+ Mbps),36,Moderate,Few times per week,92.8,90.2,85.7,85.0,95.0,7,64,98.4,7,7,7667.0
36,5,0,Male,Bachelor Degree,Married,No,Suburban,Marketing,Senior,Enterprise (5000+),Healthcare,Average,Fast (50-100 Mbps),48,Moderate,Daily,76.6,86.0,81.9,63.7,90.2,6,43,76.4,6,5,5478.2
37,5,5,Female,Master Degree,Married,No,Rural,Customer Success,Mid-Level,Large (1001-5000),Healthcare,Excellent,Very Fast (100+ Mbps),42,High,Daily,79.6,74.4,81.8,70.1,95.0,9,0,100.0,5,6,5215.44
42,9,3,Female,Professional Degree,Married,Yes,Rural,Product,Senior,Enterprise (5000+),Media,Good,Very Fast (100+ Mbps),34,Low,Few times per week,86.1,81.7,83.4,75.5,95.0,11,44,75.2,8,9,6168.35
23,0,4,Male,Bachelor Degree,Married,Yes,Urban,Customer Success,Junior,Startup (1-50),Technology,Good,Fast (50-100 Mbps),35,High,Few times per week,77.6,67.9,83.4,83.3,95.0,4,0,100.0,6,4,5656.070000000001
23,0,5,Female,Bachelor Degree,Divorced,Yes,Suburban,Customer Success,Junior,Startup (1-50),Manufacturing,Good,Moderate (25-50 Mbps),65,Moderate,Few times per week,77.5,68.1,72.1,80.5,94.4,8,0,100.0,6,9,5482.049999999999
39,2,4,Female,Master Degree,Single,Yes,Suburban,Engineering,Mid-Level,Enterprise (5000+),Consulting,Average,Fast (50-100 Mbps),55,High,Bi-weekly,67.8,51.5,69.2,63.2,81.7,9,44,100.0,8,6,3254.8
37,7,4,Female,Bachelor Degree,Single,No,Urban,Operations,Mid-Level,Startup (1-50),Government,Average,Moderate (25-50 Mbps),40,Low,Weekly,48.7,52.7,59.0,51.1,63.8,7,9,91.5,2,4,2692.9700000000003
37,5,4,Male,Associate Degree,Divorced,No,Urban,Operations,Senior,Medium (201-1000),Healthcare,Average,Fast (50-100 Mbps),44,Moderate,Bi-weekly,74.9,60.9,78.9,89.6,91.4,9,15,100.0,4,8,5456.639999999999
38,3,1,Female,PhD,Divorced,No,Urban,Marketing,Mid-Level,Medium (201-1000),Healthcare,Good,Very Fast (100+ Mbps),49,Moderate,Few times per week,84.5,92.4,83.7,66.9,95.0,13,25,100.0,6,7,6181.560000000001
28,3,2,Male,Bachelor Degree,Married,Yes,Suburban,Marketing,Mid-Level,Large (1001-5000),Government,Average,Fast (50-100 Mbps),34,Very High,Few times per week,65.1,47.1,62.3,61.5,83.4,6,42,100.0,6,6,2896.65
37,6,5,Male,Bachelor Degree,In Relationship,No,Urban,Engineering,Mid-Level,Small (51-200),Healthcare,Good,Very Fast (100+ Mbps),46,High,Few times per week,98.0,95.9,98.8,88.2,95.0,5,0,100.0,6,5,8458.380000000001
37,8,5,Female,Master Degree,Married,Yes,Suburban,Engineering,Lead,Startup (1-50),Healthcare,Excellent,Very Fast (100+ Mbps),47,Moderate,Weekly,98.0,88.2,100.0,86.2,95.0,11,0,100.0,7,6,7602.84
28,2,5,Female,High School,Single,No,Suburban,Product,Junior,Medium (201-1000),Finance,Average,Very Fast (100+ Mbps),44,High,Few times per week,98.0,100.0,100.0,83.1,95.0,10,0,100.0,5,4,8310.0
51,2,3,Female,PhD,Divorced,Yes,Suburban,Operations,Junior,Medium (201-1000),Technology,Average,Very Fast (100+ Mbps),50,Low,Daily,78.3,86.9,84.3,75.1,92.7,12,30,95.8,1,8,6526.19
39,5,5,Female,Bachelor Degree,Married,Yes,Urban,Engineering,Mid-Level,Small (51-200),Finance,Good,Fast (50-100 Mbps),42,Moderate,Daily,72.4,55.0,70.3,74.0,87.8,5,0,95.7,5,5,4070.0
24,0,0,Male,Bachelor Degree,Single,Yes,Suburban,Engineering,Junior,Large (1001-5000),Education,Average,Fast (50-100 Mbps),48,High,Few times per week,60.9,75.4,54.6,58.8,79.8,10,47,100.0,9,8,4433.52
40,3,1,Female,Bachelor Degree,Married,No,Urban,Operations,Senior,Large (1001-5000),Retail,Average,Very Fast (100+ Mbps),43,High,Daily,98.0,87.9,98.7,95.0,95.0,11,42,100.0,7,8,8350.5
26,1,3,Male,Bachelor Degree,Married,Yes,Urban,Sales,Junior,Large (1001-5000),Technology,Good,Moderate (25-50 Mbps),32,Moderate,Daily,98.0,100.0,100.0,78.3,95.0,8,30,100.0,5,9,7830.0
42,5,3,Female,Master Degree,In Relationship,Yes,Suburban,Marketing,Mid-Level,Small (51-200),Manufacturing,Good,Fast (50-100 Mbps),47,High,Weekly,72.8,76.9,77.9,57.5,86.7,7,20,100.0,4,3,4421.75
45,6,2,Male,Master Degree,Single,No,Suburban,Engineering,Senior,Large (1001-5000),Healthcare,Poor,Fast (50-100 Mbps),49,Very High,Daily,83.7,70.7,83.4,62.6,95.0,3,39,100.0,8,6,4425.820000000001
43,11,1,Female,Bachelor Degree,Married,Yes,Suburban,Sales,Senior,Medium (201-1000),Government,Good,Very Fast (100+ Mbps),33,Very High,Weekly,98.0,92.6,95.1,79.2,95.0,9,6,100.0,6,8,7333.92
38,3,3,Female,Master Degree,Divorced,No,Urban,Finance,Senior,Small (51-200),Technology,Good,Fast (50-100 Mbps),47,High,Daily,91.1,94.3,85.2,71.8,95.0,13,32,100.0,6,4,6770.74
42,6,4,Female,Bachelor Degree,Married,Yes,Urban,Engineering,Lead,Enterprise (5000+),Manufacturing,Good,Very Fast (100+ Mbps),43,High,Daily,98.0,100.0,95.9,74.3,95.0,12,28,100.0,5,8,7430.0
52,6,4,Female,Master Degree,Married,Yes,Suburban,Sales,Mid-Level,Medium (201-1000),Education,Good,Fast (50-100 Mbps),43,Moderate,Daily,61.6,72.0,58.0,48.6,76.9,11,40,77.8,5,3,3499.2000000000003
32,5,1,Male,Master Degree,Married,No,Urban,Finance,Mid-Level,Large (1001-5000),Retail,Good,Moderate (25-50 Mbps),43,Moderate,Few times per week,80.4,78.8,76.9,61.6,95.0,2,65,89.1,7,6,4854.08
28,2,3,Male,Bachelor Degree,Single,Yes,Suburban,Customer Success,Mid-Level,Startup (1-50),Finance,Good,Fast (50-100 Mbps),48,Moderate,Weekly,59.8,54.0,70.0,64.7,75.8,8,48,84.0,3,3,3493.8
26,1,4,Female,Bachelor Degree,Married,No,Suburban,Engineering,Junior,Large (1001-5000),Technology,Average,Very Fast (100+ Mbps),43,High,Few times per week,98.0,89.8,98.2,78.6,95.0,6,0,100.0,5,4,7058.279999999999
27,1,3,Male,Bachelor Degree,Single,No,Suburban,HR,Junior,Enterprise (5000+),Healthcare,Average,Very Fast (100+ Mbps),39,Low,Few times per week,35.0,40.0,50.0,30.0,59.3,7,12,67.6,9,8,1200.0
34,8,3,Female,Bachelor Degree,Divorced,No,Urban,Design,Senior,Medium (201-1000),Finance,Poor,Very Fast (100+ Mbps),32,Moderate,Few times per week,51.6,50.7,57.5,63.9,69.8,10,9,65.8,7,1,3239.73
38,7,4,Male,PhD,Single,No,Urban,Product,Senior,Small (51-200),Technology,Average,Fast (50-100 Mbps),39,High,Weekly,98.0,100.0,97.4,72.3,95.0,8,25,100.0,2,7,7230.0
37,5,5,Male,Bachelor Degree,Married,No,Urban,HR,Mid-Level,Startup (1-50),Consulting,Average,Very Fast (100+ Mbps),47,Moderate,Daily,84.5,99.8,86.5,87.5,95.0,11,0,100.0,5,3,8732.5
42,5,1,Female,Associate Degree,Single,Yes,Rural,Finance,Senior,Small (51-200),Healthcare,Average,Very Fast (100+ Mbps),39,Very High,Weekly,94.0,95.4,95.3,84.0,95.0,5,21,100.0,3,8,8013.6
48,7,3,Female,Master Degree,Married,No,Suburban,Operations,Lead,Large (1001-5000),Healthcare,Poor,Very Fast (100+ Mbps),33,Very Low,Daily,91.5,84.0,100.0,84.9,95.0,2,14,100.0,3,7,7131.6
32,3,3,Female,Bachelor Degree,Married,No,Suburban,Operations,Mid-Level,Small (51-200),Healthcare,Excellent,Moderate (25-50 Mbps),35,High,Few times per week,80.3,90.5,78.4,56.5,95.0,5,28,100.0,5,8,5113.25
59,20,1,Female,Bachelor Degree,Single,No,Suburban,Sales,Manager,Startup (1-50),Non-profit,Good,Very Fast (100+ Mbps),35,Moderate,Daily,98.0,90.5,100.0,71.5,95.0,11,19,99.9,6,7,6470.75
40,2,1,Male,Bachelor Degree,Married,No,Suburban,Marketing,Junior,Medium (201-1000),Government,Good,Very Fast (100+ Mbps),42,High,Few times per week,80.7,79.2,79.2,54.4,90.3,8,37,100.0,5,6,4308.4800000000005
27,0,2,Male,Master Degree,Married,Yes,Rural,Finance,Junior,Medium (201-1000),Technology,Good,Very Fast (100+ Mbps),52,Low,Daily,66.5,60.5,60.7,81.8,86.6,10,0,96.1,6,6,4948.9
25,1,5,Female,Bachelor Degree,Married,No,Urban,Design,Junior,Medium (201-1000),Consulting,Good,Slow (<25 Mbps),55,High,Daily,98.0,100.0,91.5,77.8,95.0,7,0,100.0,10,7,7780.0
39,7,4,Female,Master Degree,Married,Yes,Urban,Sales,Senior,Large (1001-5000),Finance,Average,Fast (50-100 Mbps),48,High,Few times per week,68.2,75.1,72.7,73.4,90.9,10,15,100.0,4,6,5512.34
32,2,4,Female,Bachelor Degree,Married,No,Urban,Engineering,Mid-Level,Large (1001-5000),Technology,Excellent,Very Fast (100+ Mbps),30,Moderate,Weekly,70.1,56.6,69.3,77.0,92.8,7,0,68.1,6,1,4358.2
39,6,1,Male,Associate Degree,In Relationship,Yes,Suburban,Engineering,Lead,Medium (201-1000),Non-profit,Good,Fast (50-100 Mbps),25,Moderate,Weekly,88.5,78.9,95.3,75.6,95.0,8,37,100.0,8,7,5964.84
34,6,5,Male,Associate Degree,Married,No,Urban,Operations,Senior,Small (51-200),Non-profit,Poor,Very Fast (100+ Mbps),42,Moderate,Few times per week,54.3,68.6,58.6,50.2,63.4,7,0,65.3,5,6,3443.72
27,3,3,Female,Bachelor Degree,Single,No,Suburban,Engineering,Senior,Startup (1-50),Technology,Good,Fast (50-100 Mbps),51,High,Monthly,98.0,91.2,93.8,92.9,95.0,8,23,100.0,6,10,8472.480000000001
22,1,2,Male,Bachelor Degree,Divorced,Yes,Urban,Marketing,Junior,Medium (201-1000),Manufacturing,Good,Very Fast (100+ Mbps),46,High,Daily,96.5,100.0,91.7,95.0,95.0,11,27,100.0,7,6,9500.0
30,0,4,Male,Master Degree,Single,No,Urban,Operations,Mid-Level,Large (1001-5000),Manufacturing,Good,Very Fast (100+ Mbps),31,Moderate,Daily,98.0,100.0,100.0,79.3,95.0,10,22,100.0,9,3,7930.0
42,3,4,Male,High School,Divorced,No,Suburban,Engineering,Senior,Startup (1-50),Finance,Average,Fast (50-100 Mbps),50,Moderate,Few times per week,76.5,78.7,92.0,69.7,95.0,10,40,89.8,4,5,5485.39
36,7,4,Male,Associate Degree,Single,No,Urban,Engineering,Lead,Startup (1-50),Education,Excellent,Very Fast (100+ Mbps),49,High,Few times per week,83.9,87.1,95.0,93.9,89.9,6,25,100.0,10,7,8178.69
23,0,1,Female,Master Degree,Married,Yes,Suburban,Sales,Mid-Level,Large (1001-5000),Healthcare,Good,Moderate (25-50 Mbps),51,Moderate,Few times per week,61.2,70.5,67.3,74.0,78.0,8,27,90.1,7,7,5217.0
36,0,5,Female,Bachelor Degree,Single,No,Rural,Sales,Junior,Large (1001-5000),Technology,Excellent,Very Fast (100+ Mbps),48,Low,Weekly,43.0,51.1,50.0,42.5,57.7,1,0,83.9,6,7,2171.75
38,5,5,Female,Master Degree,In Relationship,No,Suburban,Finance,Senior,Medium (201-1000),Manufacturing,Good,Fast (50-100 Mbps),38,Moderate,Daily,98.0,100.0,100.0,54.2,95.0,6,0,100.0,4,4,5420.0
27,0,2,Female,Master Degree,Married,No,Urban,Marketing,Junior,Large (1001-5000),Technology,Poor,Very Fast (100+ Mbps),30,Very High,Few times per week,98.0,100.0,100.0,79.7,95.0,9,0,100.0,6,8,7970.0
36,1,0,Male,Bachelor Degree,Married,No,Rural,Sales,Junior,Enterprise (5000+),Finance,Excellent,Moderate (25-50 Mbps),49,High,Few times per week,95.6,96.0,99.3,73.4,95.0,10,24,100.0,3,9,7046.400000000001
35,2,1,Female,Master Degree,Single,No,Urban,Marketing,Mid-Level,Small (51-200),Technology,Average,Very Fast (100+ Mbps),46,High,Weekly,93.2,92.6,83.9,78.7,95.0,10,32,100.0,9,4,7287.62
24,0,5,Male,Bachelor Degree,Married,No,Suburban,Engineering,Junior,Small (51-200),Retail,Average,Slow (<25 Mbps),30,High,Bi-weekly,74.7,73.2,73.9,50.2,95.0,7,0,100.0,4,7,3674.6400000000003
38,8,3,Male,Bachelor Degree,Married,Yes,Urban,HR,Senior,Small (51-200),Healthcare,Excellent,Very Fast (100+ Mbps),36,High,Weekly,98.0,88.2,100.0,74.5,95.0,12,30,100.0,7,5,6570.900000000001
40,7,2,Male,Bachelor Degree,Married,No,Urban,Engineering,Lead,Large (1001-5000),Finance,Good,Fast (50-100 Mbps),36,High,Daily,98.0,94.0,97.1,88.6,95.0,8,45,100.0,5,4,8328.4
44,15,2,Female,Bachelor Degree,Single,Yes,Rural,Customer Success,Senior,Small (51-200),Education,Excellent,Fast (50-100 Mbps),46,Very High,Weekly,82.6,93.6,100.0,79.5,91.5,8,49,100.0,4,5,7441.2
44,2,2,Female,Bachelor Degree,Married,Yes,Urban,Marketing,Junior,Enterprise (5000+),Technology,Good,Very Fast (100+ Mbps),41,High,Daily,96.9,89.5,100.0,81.0,95.0,9,32,100.0,8,7,7249.5
22,1,4,Female,Bachelor Degree,Married,No,Suburban,Marketing,Junior,Large (1001-5000),Media,Excellent,Very Fast (100+ Mbps),40,High,Monthly,90.9,85.6,88.7,88.5,95.0,4,11,100.0,8,9,7575.599999999999
26,2,3,Female,Bachelor Degree,Single,No,Urban,Finance,Junior,Small (51-200),Healthcare,Good,Moderate (25-50 Mbps),39,High,Weekly,98.0,100.0,97.9,69.2,95.0,7,22,100.0,1,8,6920.0
39,9,5,Male,Associate Degree,Single,No,Suburban,Customer Success,Senior,Startup (1-50),Finance,Good,Very Fast (100+ Mbps),35,Very High,Few times per week,98.0,98.3,99.7,95.0,95.0,5,0,100.0,9,4,9338.5
39,10,4,Female,Associate Degree,Married,No,Rural,Design,Senior,Medium (201-1000),Technology,Average,Fast (50-100 Mbps),47,Very High,Weekly,98.0,88.8,97.0,94.3,95.0,8,10,100.0,5,6,8373.84
39,8,4,Female,High School,In Relationship,Yes,Suburban,Marketing,Mid-Level,Small (51-200),Technology,Average,Very Fast (100+ Mbps),37,High,Few times per week,87.2,71.7,82.4,60.0,95.0,7,0,100.0,3,4,4302.0
65,32,2,Male,Associate Degree,Single,Yes,Suburban,Engineering,Director,Enterprise (5000+),Media,Average,Slow (<25 Mbps),48,Low,Daily,88.5,80.9,82.5,80.1,95.0,7,43,98.6,6,6,6480.09
40,8,0,Male,Bachelor Degree,Married,Yes,Suburban,Product,Senior,Medium (201-1000),Healthcare,Good,Fast (50-100 Mbps),33,Moderate,Weekly,84.3,95.5,91.0,78.2,95.0,10,0,100.0,3,7,7468.1
45,17,3,Female,Bachelor Degree,Single,No,Rural,Engineering,Manager,Small (51-200),Retail,Good,Very Fast (100+ Mbps),39,High,Few times per week,73.7,76.0,77.7,65.3,95.0,9,8,100.0,4,8,4962.8
43,14,2,Female,Bachelor Degree,Married,Yes,Urban,Customer Success,Senior,Medium (201-1000),Technology,Good,Very Fast (100+ Mbps),53,Low,Bi-weekly,85.7,91.9,87.0,72.1,95.0,7,33,100.0,6,8,6625.99
40,15,2,Female,Master Degree,Married,Yes,Suburban,Finance,Lead,Startup (1-50),Education,Good,Very Fast (100+ Mbps),43,High,Daily,50.7,47.9,60.1,44.7,63.4,12,67,100.0,5,2,2141.13
32,6,5,Female,Master Degree,Single,Yes,Urban,Product,Senior,Medium (201-1000),Media,Good,Very Fast (100+ Mbps),39,Moderate,Weekly,68.4,75.8,71.1,47.8,90.5,9,0,100.0,4,7,3623.24
28,3,1,Male,Master Degree,Divorced,No,Urban,Engineering,Mid-Level,Medium (201-1000),Education,Good,Moderate (25-50 Mbps),36,Moderate,Bi-weekly,83.0,81.7,84.9,75.9,95.0,8,0,100.0,6,6,6201.030000000001
32,4,1,Male,Bachelor Degree,In Relationship,No,Suburban,Operations,Junior,Medium (201-1000),Government,Good,Moderate (25-50 Mbps),44,Very High,Daily,72.7,73.3,67.9,63.2,88.2,5,31,100.0,8,5,4632.56
30,2,2,Male,High School,Single,Yes,Rural,Engineering,Mid-Level,Medium (201-1000),Retail,Average,Very Fast (100+ Mbps),47,Very High,Few times per week,98.0,100.0,100.0,84.8,95.0,3,33,100.0,2,2,8480.0
35,2,5,Male,Master Degree,Single,Yes,Urban,Engineering,Junior,Large (1001-5000),Technology,Average,Fast (50-100 Mbps),43,High,Weekly,98.0,97.4,96.0,90.7,95.0,10,0,100.0,4,8,8834.18
55,31,2,Female,Associate Degree,In Relationship,Yes,Suburban,Marketing,Manager,Startup (1-50),Finance,Good,Very Fast (100+ Mbps),41,Low,Few times per week,91.3,93.2,94.0,72.6,95.0,6,15,83.7,7,5,6766.32
22,1,2,Female,PhD,Single,Yes,Suburban,Engineering,Mid-Level,Medium (201-1000),Technology,Good,Very Fast (100+ Mbps),45,Very High,Few times per week,80.9,78.8,79.6,67.9,95.0,10,29,100.0,10,9,5350.52
41,9,4,Female,Bachelor Degree,Married,Yes,Urban,Finance,Senior,Medium (201-1000),Consulting,Average,Very Fast (100+ Mbps),33,High,Few times per week,85.6,97.2,85.9,62.9,95.0,8,13,100.0,7,3,6113.88
22,1,2,Male,Bachelor Degree,Single,Yes,Rural,Data Science,Junior,Medium (201-1000),Education,Excellent,Fast (50-100 Mbps),44,High,Monthly,79.6,73.2,80.9,76.8,95.0,8,41,100.0,2,6,5621.76
30,0,2,Female,Bachelor Degree,Married,Yes,Urban,Operations,Junior,Enterprise (5000+),Government,Good,Slow (<25 Mbps),44,Moderate,Weekly,78.2,90.6,73.7,59.8,94.0,9,20,100.0,4,8,5417.879999999999
44,4,1,Male,Bachelor Degree,Single,Yes,Urban,Engineering,Mid-Level,Startup (1-50),Technology,Average,Very Fast (100+ Mbps),43,High,Few times per week,83.7,77.4,93.0,74.9,95.0,13,20,100.0,5,5,5797.260000000001
35,1,2,Male,High School,Divorced,Yes,Urban,Customer Success,Mid-Level,Large (1001-5000),Finance,Average,Very Fast (100+ Mbps),38,Moderate,Weekly,68.9,67.9,82.0,51.3,83.3,7,50,88.1,4,10,3483.27
25,2,1,Female,Bachelor Degree,Divorced,No,Rural,Customer Success,Junior,Medium (201-1000),Technology,Excellent,Very Fast (100+ Mbps),37,High,Few times per week,89.9,90.6,94.8,89.3,95.0,6,30,100.0,4,7,8090.579999999999
28,0,0,Female,Master Degree,Married,No,Rural,HR,Junior,Medium (201-1000),Finance,Good,Moderate (25-50 Mbps),34,Moderate,Monthly,76.4,77.5,79.1,80.2,87.3,5,23,100.0,5,5,6215.5
41,7,4,Male,Bachelor Degree,Divorced,No,Urban,Operations,Lead,Large (1001-5000),Technology,Good,Very Fast (100+ Mbps),50,Very High,Few times per week,98.0,100.0,100.0,92.1,95.0,8,47,100.0,5,8,9210.0
28,0,1,Male,Bachelor Degree,Married,Yes,Urban,Product,Junior,Small (51-200),Finance,Good,Fast (50-100 Mbps),41,High,Daily,50.2,50.6,50.0,59.3,67.4,8,41,100.0,5,10,3000.58
36,0,4,Female,Bachelor Degree,Single,Yes,Suburban,Engineering,Junior,Large (1001-5000),Consulting,Good,Moderate (25-50 Mbps),39,Low,Daily,66.4,55.9,61.2,48.7,83.8,9,0,83.4,6,5,2722.33
35,7,4,Male,Master Degree,Married,No,Suburban,Design,Lead,Startup (1-50),Technology,Poor,Very Fast (100+ Mbps),38,Moderate,Few times per week,81.0,68.9,75.3,76.0,95.0,11,6,81.6,9,8,5236.400000000001
29,0,3,Male,Bachelor Degree,Married,Yes,Suburban,Design,Junior,Medium (201-1000),Healthcare,Good,Fast (50-100 Mbps),36,Very Low,Few times per week,98.0,83.7,86.6,86.2,95.0,8,23,100.0,10,10,7214.9400000000005
54,8,2,Female,Bachelor Degree,Single,No,Rural,Product,Mid-Level,Large (1001-5000),Media,Good,Very Fast (100+ Mbps),38,Moderate,Weekly,88.2,100.0,82.8,70.7,94.5,2,52,100.0,1,5,7070.0
40,5,1,Male,PhD,Single,No,Suburban,Engineering,Junior,Small (51-200),Non-profit,Good,Moderate (25-50 Mbps),49,High,Bi-weekly,90.3,85.9,92.5,80.6,91.3,8,0,100.0,6,5,6923.54
22,1,4,Male,Bachelor Degree,In Relationship,No,Suburban,Customer Success,Mid-Level,Large (1001-5000),Technology,Excellent,Very Fast (100+ Mbps),45,Moderate,Bi-weekly,88.5,72.6,87.8,82.3,95.0,6,6,83.2,7,7,5974.98
36,4,4,Female,Bachelor Degree,Divorced,No,Suburban,Marketing,Mid-Level,Small (51-200),Government,Good,Slow (<25 Mbps),46,Moderate,Daily,84.3,88.6,91.4,69.9,95.0,14,45,88.2,3,10,6193.14
27,0,5,Male,Bachelor Degree,Married,Yes,Suburban,Engineering,Junior,Large (1001-5000),Consulting,Good,Fast (50-100 Mbps),42,High,Daily,98.0,100.0,98.1,71.9,95.0,6,0,100.0,4,3,7190.000000000001
33,4,0,Male,Bachelor Degree,Single,Yes,Urban,Sales,Mid-Level,Enterprise (5000+),Manufacturing,Good,Fast (50-100 Mbps),39,Very High,Few times per week,92.1,97.6,94.7,75.8,95.0,4,5,100.0,7,9,7398.079999999999
39,7,2,Male,Master Degree,In Relationship,Yes,Urban,Customer Success,Lead,Medium (201-1000),Consulting,Good,Very Fast (100+ Mbps),44,High,Daily,68.8,79.3,65.5,72.6,82.1,10,45,100.0,6,3,5757.179999999999
42,0,3,Male,Bachelor Degree,Single,Yes,Suburban,Customer Success,Junior,Small (51-200),Manufacturing,Excellent,Very Fast (100+ Mbps),45,Low,Daily,53.1,54.3,51.9,48.1,77.2,9,0,49.1,2,5,2611.83
24,0,0,Female,PhD,Married,Yes,Suburban,Customer Success,Junior,Large (1001-5000),Technology,Excellent,Very Fast (100+ Mbps),41,Moderate,Daily,60.9,67.7,54.7,62.6,90.7,7,32,93.8,5,6,4238.02
31,4,3,Female,Associate Degree,Married,Yes,Suburban,Engineering,Senior,Small (51-200),Healthcare,Average,Fast (50-100 Mbps),36,Moderate,Weekly,80.5,83.2,86.7,69.1,95.0,8,31,100.0,4,6,5749.12
30,4,4,Female,Bachelor Degree,Divorced,No,Urban,Finance,Mid-Level,Medium (201-1000),Finance,Poor,Moderate (25-50 Mbps),43,High,Few times per week,87.8,79.5,88.8,79.1,95.0,9,26,100.0,8,3,6288.45
29,1,4,Male,Associate Degree,Married,Yes,Suburban,Engineering,Mid-Level,Enterprise (5000+),Healthcare,Excellent,Moderate (25-50 Mbps),45,High,Weekly,98.0,100.0,93.7,93.5,95.0,5,28,100.0,8,3,9350.0
50,9,5,Male,Master Degree,Married,Yes,Urban,HR,Senior,Large (1001-5000),Technology,Average,Fast (50-100 Mbps),44,Moderate,Weekly,94.8,100.0,97.1,91.2,95.0,10,0,92.9,2,4,9120.0
38,1,3,Female,Master Degree,Married,Yes,Suburban,Engineering,Junior,Small (51-200),Finance,Good,Fast (50-100 Mbps),30,Moderate,Daily,83.8,78.0,86.3,83.1,95.0,7,15,100.0,7,2,6481.799999999999
23,0,4,Male,Master Degree,Divorced,No,Suburban,HR,Mid-Level,Small (51-200),Consulting,Good,Moderate (25-50 Mbps),32,Moderate,Daily,66.4,76.9,61.2,57.7,88.7,14,41,93.3,3,10,4437.13
43,8,0,Female,PhD,Single,Yes,Suburban,Marketing,Senior,Small (51-200),Media,Average,Moderate (25-50 Mbps),46,Low,Daily,77.0,91.1,75.0,58.4,95.0,5,43,86.7,7,5,5320.24
54,11,3,Female,Associate Degree,Divorced,No,Suburban,Data Science,Senior,Medium (201-1000),Education,Good,Fast (50-100 Mbps),39,High,Few times per week,98.0,86.7,100.0,86.8,95.0,8,3,100.0,8,9,7525.56
44,5,1,Female,Associate Degree,In Relationship,No,Suburban,Operations,Mid-Level,Small (51-200),Healthcare,Excellent,Very Fast (100+ Mbps),55,High,Bi-weekly,98.0,100.0,95.3,80.4,95.0,6,24,100.0,2,8,8040.000000000001
22,1,2,Male,Master Degree,Single,No,Suburban,Operations,Mid-Level,Large (1001-5000),Retail,Excellent,Fast (50-100 Mbps),50,High,Weekly,64.8,65.6,69.6,53.7,85.9,15,73,100.0,5,7,3522.72
30,3,2,Female,Master Degree,Single,Yes,Suburban,Sales,Senior,Small (51-200),Education,Excellent,Fast (50-100 Mbps),34,High,Daily,98.0,93.5,90.9,82.6,95.0,12,42,100.0,5,7,7723.099999999999
46,7,3,Male,Master Degree,Married,No,Urban,HR,Senior,Enterprise (5000+),Non-profit,Excellent,Fast (50-100 Mbps),48,Very High,Daily,98.0,99.1,96.9,88.2,95.0,11,35,100.0,9,6,8740.619999999999
28,3,3,Male,Master Degree,Single,No,Suburban,Marketing,Senior,Large (1001-5000),Technology,Good,Slow (<25 Mbps),51,Low,Weekly,84.1,77.5,81.1,77.4,92.6,9,7,97.3,5,7,5998.5
38,10,5,Female,Bachelor Degree,Married,Yes,Suburban,Engineering,Senior,Enterprise (5000+),Finance,Good,Moderate (25-50 Mbps),39,Very Low,Few times per week,95.8,98.3,97.0,78.8,95.0,7,0,100.0,4,9,7746.039999999999
41,2,3,Male,Bachelor Degree,Married,Yes,Suburban,Operations,Junior,Small (51-200),Media,Average,Very Fast (100+ Mbps),41,Low,Weekly,86.6,83.3,81.7,77.5,95.0,13,40,100.0,6,8,6455.75
26,3,5,Female,PhD,Married,Yes,Urban,Customer Success,Senior,Medium (201-1000),Media,Good,Very Fast (100+ Mbps),38,Low,Daily,69.4,71.2,80.0,65.4,88.7,6,0,80.7,4,5,4656.4800000000005
34,7,4,Female,Bachelor Degree,Single,No,Rural,Engineering,Lead,Small (51-200),Healthcare,Excellent,Very Fast (100+ Mbps),35,Very Low,Few times per week,75.6,68.7,68.6,59.7,95.0,10,0,93.7,6,3,4101.39
22,0,3,Female,Bachelor Degree,Married,Yes,Urban,Engineering,Junior,Small (51-200),Technology,Excellent,Very Fast (100+ Mbps),51,Low,Few times per week,75.6,72.0,77.1,54.5,87.3,8,29,72.7,6,5,3924.0
25,1,4,Female,Master Degree,Married,No,Urban,Operations,Junior,Medium (201-1000),Consulting,Average,Very Fast (100+ Mbps),26,Moderate,Weekly,56.8,62.8,58.9,52.2,85.2,2,20,87.6,7,4,3278.16
32,7,1,Male,Bachelor Degree,In Relationship,Yes,Rural,Customer Success,Mid-Level,Large (1001-5000),Education,Excellent,Moderate (25-50 Mbps),37,Very High,Daily,98.0,100.0,92.2,91.3,95.0,13,29,100.0,6,10,9130.0
49,2,3,Female,Associate Degree,Married,No,Urban,Design,Mid-Level,Small (51-200),Healthcare,Good,Fast (50-100 Mbps),42,Very High,Few times per week,98.0,99.1,100.0,90.4,95.0,2,8,100.0,9,4,8958.64
22,0,5,Female,Master Degree,Divorced,Yes,Rural,Design,Junior,Small (51-200),Technology,Poor,Very Fast (100+ Mbps),34,High,Daily,65.2,69.7,70.0,48.2,82.6,10,0,100.0,5,7,3359.5400000000004
31,4,4,Male,Master Degree,Married,Yes,Urban,Engineering,Senior,Large (1001-5000),Technology,Good,Fast (50-100 Mbps),50,Moderate,Weekly,96.0,92.1,97.8,80.4,95.0,8,28,100.0,7,6,7404.84
36,7,4,Female,Bachelor Degree,Married,Yes,Suburban,Engineering,Lead,Enterprise (5000+),Healthcare,Excellent,Moderate (25-50 Mbps),30,High,Daily,98.0,100.0,100.0,74.0,95.0,6,28,100.0,6,5,7400.0
47,16,4,Male,Bachelor Degree,Single,Yes,Suburban,Finance,Director,Startup (1-50),Technology,Good,Fast (50-100 Mbps),31,High,Daily,80.3,77.9,95.2,64.0,95.0,8,28,100.0,8,3,4985.6
22,0,2,Female,Bachelor Degree,Divorced,No,Suburban,Design,Junior,Medium (201-1000),Technology,Good,Very Fast (100+ Mbps),42,Very High,Bi-weekly,95.9,100.0,100.0,78.5,95.0,3,63,100.0,5,3,7850.0
45,5,2,Male,Bachelor Degree,Married,Yes,Suburban,Finance,Mid-Level,Enterprise (5000+),Finance,Good,Moderate (25-50 Mbps),34,Very High,Daily,70.9,73.7,74.1,44.4,85.7,13,34,100.0,6,7,3272.28
35,6,3,Female,Bachelor Degree,In Relationship,No,Urban,Marketing,Senior,Small (51-200),Finance,Good,Very Fast (100+ Mbps),43,High,Daily,98.0,99.4,100.0,69.2,95.0,6,31,100.0,3,8,6878.4800000000005
26,0,3,Male,Bachelor Degree,Divorced,Yes,Urban,Engineering,Junior,Large (1001-5000),Technology,Excellent,Fast (50-100 Mbps),37,Very High,Daily,98.0,92.7,86.8,84.4,95.0,6,40,100.0,3,9,7823.880000000001
39,4,2,Male,Bachelor Degree,Married,Yes,Suburban,Marketing,Senior,Startup (1-50),Technology,Good,Very Fast (100+ Mbps),46,Very High,Bi-weekly,98.0,91.3,99.0,81.0,95.0,7,19,100.0,8,7,7395.3
36,6,5,Male,Associate Degree,Married,No,Urban,Operations,Lead,Medium (201-1000),Government,Poor,Fast (50-100 Mbps),36,High,Weekly,82.7,89.8,76.8,88.9,95.0,4,0,100.0,8,7,7983.22
29,1,3,Male,Associate Degree,Single,No,Rural,Sales,Junior,Medium (201-1000),Technology,Poor,Very Fast (100+ Mbps),50,Moderate,Monthly,63.7,68.5,65.3,38.7,74.9,11,22,96.0,5,5,2650.9500000000003
35,4,5,Male,Master Degree,Single,Yes,Suburban,Marketing,Senior,Large (1001-5000),Finance,Good,Fast (50-100 Mbps),45,High,Weekly,90.0,91.8,83.6,71.7,95.0,6,0,100.0,7,5,6582.06
31,6,4,Female,High School,Married,No,Urban,Engineering,Senior,Small (51-200),Finance,Excellent,Fast (50-100 Mbps),37,Moderate,Weekly,91.7,92.5,79.6,66.0,95.0,5,5,100.0,8,6,6105.0
36,2,3,Female,Master Degree,Married,Yes,Suburban,Marketing,Junior,Small (51-200),Consulting,Excellent,Very Fast (100+ Mbps),45,High,Few times per week,98.0,100.0,94.9,79.7,95.0,9,33,100.0,3,8,7970.0
40,4,5,Female,Master Degree,Married,No,Urban,Engineering,Mid-Level,Small (51-200),Finance,Average,Moderate (25-50 Mbps),42,Very High,Weekly,98.0,99.0,96.0,88.4,95.0,9,0,100.0,10,6,8751.6
49,8,3,Female,Master Degree,Divorced,Yes,Urban,Engineering,Senior,Medium (201-1000),Technology,Average,Very Fast (100+ Mbps),46,Moderate,Few times per week,98.0,100.0,88.0,84.6,95.0,10,26,91.2,8,5,8460.0
23,0,5,Male,Master Degree,Single,Yes,Suburban,Customer Success,Junior,Large (1001-5000),Technology,Poor,Moderate (25-50 Mbps),45,High,Weekly,50.6,58.0,55.9,61.8,63.6,13,0,100.0,7,9,3584.3999999999996
54,8,2,Male,Associate Degree,Married,No,Rural,Engineering,Senior,Large (1001-5000),Retail,Good,Very Fast (100+ Mbps),44,Very High,Weekly,98.0,94.7,100.0,76.4,95.0,8,49,100.0,6,6,7235.080000000001
22,0,2,Male,Master Degree,Married,Yes,Urban,Operations,Mid-Level,Startup (1-50),Retail,Average,Fast (50-100 Mbps),42,Low,Weekly,76.2,84.1,68.4,71.2,89.1,11,33,100.0,8,3,5987.92
33,9,3,Female,Bachelor Degree,Married,Yes,Urban,Engineering,Senior,Large (1001-5000),Finance,Average,Fast (50-100 Mbps),47,Moderate,Daily,98.0,100.0,98.4,95.0,95.0,8,16,100.0,7,7,9500.0
40,13,3,Female,Master Degree,In Relationship,Yes,Suburban,Engineering,Lead,Startup (1-50),Technology,Good,Very Fast (100+ Mbps),49,High,Few times per week,98.0,95.9,96.6,95.0,95.0,8,30,100.0,6,7,9110.5
37,1,3,Male,Master Degree,Married,No,Urban,Sales,Junior,Medium (201-1000),Finance,Average,Very Fast (100+ Mbps),42,Low,Few times per week,73.3,78.4,70.3,51.3,95.0,14,46,94.6,8,10,4021.92
29,1,3,Male,High School,Married,No,Urban,Engineering,Mid-Level,Large (1001-5000),Education,Excellent,Fast (50-100 Mbps),45,Low,Few times per week,49.6,53.0,54.9,54.0,49.6,3,33,35.2,4,8,2862.0
33,6,2,Female,Bachelor Degree,Married,No,Suburban,Engineering,Senior,Startup (1-50),Retail,Good,Moderate (25-50 Mbps),47,High,Monthly,83.2,93.5,85.3,76.0,95.0,7,6,100.0,4,3,7106.0
30,4,5,Female,Bachelor Degree,Single,No,Rural,Product,Senior,Startup (1-50),Technology,Poor,Slow (<25 Mbps),51,Moderate,Few times per week,66.2,78.7,58.2,64.2,90.9,7,0,74.5,9,6,5052.54
29,2,3,Female,Master Degree,Married,No,Urban,Engineering,Junior,Small (51-200),Healthcare,Excellent,Very Fast (100+ Mbps),50,Moderate,Daily,77.2,80.6,79.4,48.5,94.7,6,27,79.0,2,6,3909.1
42,9,3,Female,Bachelor Degree,Married,Yes,Suburban,Engineering,Senior,Large (1001-5000),Technology,Average,Very Fast (100+ Mbps),48,Very High,Few times per week,98.0,100.0,98.3,86.3,95.0,7,56,100.0,2,6,8630.0
38,3,4,Female,Bachelor Degree,In Relationship,Yes,Rural,Customer Success,Senior,Medium (201-1000),Education,Good,Fast (50-100 Mbps),39,Moderate,Weekly,98.0,98.2,94.1,90.9,95.0,6,15,100.0,7,4,8926.380000000001
28,3,4,Male,Bachelor Degree,Divorced,No,Urban,Sales,Mid-Level,Medium (201-1000),Education,Average,Fast (50-100 Mbps),34,Very High,Bi-weekly,82.7,77.3,88.3,74.0,95.0,6,17,100.0,5,6,5720.2
43,19,5,Female,Bachelor Degree,Married,Yes,Urban,Finance,Manager,Large (1001-5000),Media,Average,Moderate (25-50 Mbps),45,Moderate,Few times per week,98.0,100.0,100.0,95.0,95.0,11,0,100.0,8,6,9500.0
37,2,3,Female,PhD,Married,Yes,Rural,Engineering,Junior,Large (1001-5000),Finance,Average,Very Fast (100+ Mbps),45,Moderate,Daily,89.5,95.0,92.7,68.9,95.0,8,0,94.4,5,5,6545.500000000001
42,11,1,Female,Master Degree,Single,No,Suburban,Engineering,Lead,Large (1001-5000),Healthcare,Average,Very Fast (100+ Mbps),39,High,Daily,83.9,82.7,94.3,85.0,95.0,6,33,100.0,5,7,7029.5
40,8,3,Female,Bachelor Degree,Single,No,Urban,Operations,Lead,Medium (201-1000),Technology,Good,Fast (50-100 Mbps),33,Low,Daily,98.0,100.0,100.0,95.0,95.0,12,18,100.0,9,5,9500.0
27,2,3,Male,Associate Degree,Married,Yes,Urban,Data Science,Junior,Startup (1-50),Technology,Excellent,Very Fast (100+ Mbps),51,Moderate,Daily,85.5,91.6,89.0,85.9,95.0,11,32,100.0,6,4,7868.44
29,2,5,Male,Bachelor Degree,Married,Yes,Urban,Engineering,Junior,Small (51-200),Technology,Average,Fast (50-100 Mbps),44,Low,Weekly,98.0,88.0,95.7,84.8,95.0,5,0,92.5,6,10,7462.4
41,6,3,Male,Bachelor Degree,Single,No,Suburban,Sales,Mid-Level,Large (1001-5000),Technology,Good,Very Fast (100+ Mbps),34,High,Daily,98.0,100.0,100.0,90.6,95.0,3,25,100.0,8,7,9060.0
40,5,5,Male,Master Degree,Married,No,Suburban,Engineering,Mid-Level,Large (1001-5000),Technology,Average,Fast (50-100 Mbps),41,Very High,Daily,98.0,98.8,98.6,90.5,95.0,7,0,100.0,5,7,8941.4
34,0,3,Male,Bachelor Degree,Married,Yes,Suburban,Engineering,Junior,Enterprise (5000+),Government,Excellent,Fast (50-100 Mbps),33,Moderate,Weekly,77.2,71.3,79.7,65.2,95.0,6,27,93.7,4,5,4648.76
36,11,5,Female,Bachelor Degree,Married,Yes,Suburban,Product,Senior,Small (51-200),Education,Average,Very Fast (100+ Mbps),46,High,Few times per week,98.0,85.8,100.0,95.0,95.0,5,0,100.0,6,5,8151.0
46,7,0,Female,Master Degree,Married,No,Urban,Engineering,Senior,Startup (1-50),Technology,Good,Very Fast (100+ Mbps),53,High,Daily,78.7,77.8,90.1,73.0,92.5,7,46,100.0,5,4,5679.4
29,3,5,Male,Master Degree,Single,Yes,Urban,Customer Success,Mid-Level,Startup (1-50),Technology,Average,Slow (<25 Mbps),40,Moderate,Few times per week,67.1,70.3,64.2,87.6,91.3,9,0,75.4,4,3,6158.28
39,5,5,Female,Bachelor Degree,Married,No,Urban,Engineering,Mid-Level,Small (51-200),Finance,Average,Moderate (25-50 Mbps),41,High,Daily,85.5,89.1,79.4,77.2,95.0,12,0,100.0,3,7,6878.5199999999995
33,3,5,Male,High School,Divorced,Yes,Suburban,Product,Mid-Level,Medium (201-1000),Finance,Excellent,Moderate (25-50 Mbps),40,High,Few times per week,89.8,100.0,95.9,75.3,95.0,7,0,100.0,7,5,7530.0
33,6,0,Female,Bachelor Degree,Married,Yes,Suburban,Marketing,Senior,Enterprise (5000+),Technology,Good,Slow (<25 Mbps),40,High,Weekly,79.8,88.5,88.6,78.1,95.0,11,0,100.0,2,5,6911.849999999999
44,7,1,Male,Master Degree,Divorced,Yes,Urban,Product,Lead,Medium (201-1000),Healthcare,Average,Very Fast (100+ Mbps),37,High,Bi-weekly,71.7,63.6,71.2,72.1,85.3,5,57,100.0,6,4,4585.5599999999995
42,11,4,Male,PhD,Single,No,Urban,Engineering,Lead,Medium (201-1000),Media,Average,Very Fast (100+ Mbps),50,High,Daily,98.0,89.3,100.0,83.2,95.0,12,31,100.0,5,4,7429.76
42,15,0,Female,Associate Degree,Married,No,Suburban,HR,Manager,Large (1001-5000),Healthcare,Good,Very Fast (100+ Mbps),43,Very High,Daily,74.3,72.7,76.3,71.9,93.7,10,54,100.0,4,6,5227.130000000001
46,19,0,Male,High School,Married,Yes,Suburban,Finance,Lead,Startup (1-50),Healthcare,Poor,Moderate (25-50 Mbps),42,High,Weekly,91.5,88.1,100.0,75.2,95.0,15,43,100.0,8,8,6625.12
35,3,2,Male,Master Degree,Married,No,Urban,Marketing,Senior,Large (1001-5000),Manufacturing,Good,Fast (50-100 Mbps),40,Moderate,Daily,98.0,91.4,98.8,67.1,95.0,6,42,100.0,7,10,6132.94
41,11,3,Male,Master Degree,Divorced,Yes,Urban,Customer Success,Lead,Medium (201-1000),Technology,Good,Fast (50-100 Mbps),34,High,Few times per week,98.0,100.0,93.9,95.0,95.0,8,22,100.0,7,6,9500.0
32,2,3,Female,Professional Degree,Married,No,Urban,Operations,Junior,Small (51-200),Technology,Average,Moderate (25-50 Mbps),47,Moderate,Daily,35.0,40.0,50.0,30.0,47.4,8,17,52.6,5,7,1200.0
37,6,0,Male,Bachelor Degree,Married,Yes,Suburban,Product,Lead,Medium (201-1000),Healthcare,Excellent,Fast (50-100 Mbps),50,High,Weekly,98.0,77.0,88.4,91.3,95.0,7,52,100.0,6,4,7030.099999999999
33,5,1,Female,Bachelor Degree,Married,No,Suburban,Sales,Senior,Medium (201-1000),Retail,Good,Very Fast (100+ Mbps),30,Moderate,Bi-weekly,67.9,64.4,74.1,56.8,95.0,12,43,82.8,3,7,3657.92
35,5,3,Female,Bachelor Degree,Married,Yes,Suburban,Operations,Mid-Level,Startup (1-50),Healthcare,Average,Very Fast (100+ Mbps),46,Very Low,Monthly,81.3,73.2,84.6,73.3,90.1,7,19,100.0,3,6,5365.56
40,6,3,Female,Associate Degree,Married,No,Suburban,Product,Senior,Small (51-200),Technology,Good,Very Fast (100+ Mbps),47,Moderate,Weekly,86.8,93.4,94.0,76.4,88.4,6,44,100.0,5,2,7135.760000000001
27,2,1,Male,Bachelor Degree,Married,No,Rural,Engineering,Junior,Medium (201-1000),Media,Excellent,Very Fast (100+ Mbps),49,Moderate,Daily,73.3,61.5,74.9,63.1,76.8,8,31,83.2,6,6,3880.65
53,17,3,Male,Bachelor Degree,In Relationship,Yes,Urban,Marketing,Manager,Small (51-200),Finance,Good,Very Fast (100+ Mbps),49,Very High,Weekly,95.6,87.4,87.6,79.3,95.0,9,31,100.0,3,6,6930.820000000001
25,2,5,Male,Associate Degree,Single,Yes,Urban,Data Science,Junior,Small (51-200),Manufacturing,Good,Fast (50-100 Mbps),57,High,Few times per week,89.0,90.0,89.1,84.2,95.0,12,0,100.0,6,6,7578.0
24,0,5,Male,Master Degree,Married,Yes,Suburban,Marketing,Mid-Level,Medium (201-1000),Media,Good,Very Fast (100+ Mbps),44,Low,Bi-weekly,94.5,90.8,98.7,78.5,95.0,8,0,100.0,4,7,7127.8
45,9,5,Female,Bachelor Degree,Married,No,Urban,Engineering,Senior,Medium (201-1000),Finance,Average,Fast (50-100 Mbps),47,Moderate,Bi-weekly,98.0,90.0,94.4,73.8,95.0,9,0,86.8,7,2,6642.0
42,7,5,Male,Master Degree,Divorced,Yes,Suburban,Sales,Senior,Large (1001-5000),Consulting,Excellent,Fast (50-100 Mbps),42,Moderate,Monthly,57.5,58.4,55.8,59.5,69.1,5,0,75.4,1,8,3474.7999999999997
40,0,3,Female,Bachelor Degree,In Relationship,No,Rural,Product,Junior,Enterprise (5000+),Retail,Average,Slow (<25 Mbps),37,Low,Bi-weekly,91.5,91.6,91.6,76.0,95.0,7,7,75.1,8,7,6961.599999999999
40,9,4,Male,Master Degree,Married,No,Suburban,Design,Lead,Large (1001-5000),Media,Average,Fast (50-100 Mbps),46,Very High,Few times per week,87.5,86.1,93.5,68.4,95.0,8,18,100.0,7,2,5889.24
34,0,3,Male,Associate Degree,Single,Yes,Urban,Design,Junior,Medium (201-1000),Technology,Average,Slow (<25 Mbps),47,Moderate,Weekly,88.6,98.1,82.8,94.5,95.0,4,8,100.0,6,10,9270.449999999999
26,0,4,Male,Master Degree,Married,Yes,Urban,Finance,Junior,Large (1001-5000),Government,Good,Very Fast (100+ Mbps),44,High,Monthly,98.0,100.0,100.0,86.5,95.0,9,8,100.0,7,6,8650.0
35,10,2,Male,Associate Degree,Married,No,Urban,Marketing,Senior,Medium (201-1000),Technology,Good,Very Fast (100+ Mbps),32,Moderate,Few times per week,98.0,100.0,97.8,83.1,95.0,9,31,87.3,5,10,8310.0
28,1,4,Male,Bachelor Degree,In Relationship,No,Suburban,Engineering,Junior,Small (51-200),Manufacturing,Good,Fast (50-100 Mbps),33,Very High,Weekly,71.8,73.4,80.4,82.2,91.4,7,16,100.0,4,4,6033.4800000000005
43,10,3,Male,Master Degree,Married,No,Urban,Engineering,Senior,Small (51-200),Finance,Average,Very Fast (100+ Mbps),46,Low,Bi-weekly,78.9,61.5,86.9,71.4,90.9,8,39,100.0,1,2,4391.1
33,9,0,Male,Bachelor Degree,Married,Yes,Urban,Engineering,Senior,Large (1001-5000),Technology,Good,Fast (50-100 Mbps),39,Moderate,Few times per week,80.2,67.2,76.8,64.2,95.0,6,22,93.6,6,7,4314.240000000001
27,1,4,Female,Bachelor Degree,Married,Yes,Urban,Engineering,Junior,Large (1001-5000),Technology,Good,Very Fast (100+ Mbps),44,High,Daily,91.6,84.6,100.0,87.0,95.0,5,32,100.0,5,9,7360.2
32,7,0,Female,Master Degree,Married,No,Rural,Product,Lead,Enterprise (5000+),Finance,Good,Fast (50-100 Mbps),44,Moderate,Daily,70.6,65.2,64.2,68.3,84.6,15,20,100.0,4,3,4453.16
38,1,2,Male,Master Degree,Divorced,No,Suburban,Customer Success,Junior,Medium (201-1000),Finance,Average,Moderate (25-50 Mbps),41,Moderate,Daily,51.4,53.1,50.0,42.6,74.2,3,34,56.7,8,8,2262.06
29,1,0,Male,High School,Single,No,Rural,Operations,Junior,Large (1001-5000),Technology,Excellent,Very Fast (100+ Mbps),40,High,Few times per week,94.7,91.4,97.7,86.3,95.0,8,13,100.0,7,3,7887.820000000001
27,2,2,Female,Bachelor Degree,Married,Yes,Suburban,Data Science,Junior,Startup (1-50),Technology,Poor,Slow (<25 Mbps),41,Very High,Few times per week,71.8,65.4,72.4,80.7,89.4,12,48,100.0,10,8,5277.780000000001
37,7,5,Female,Bachelor Degree,Single,Yes,Urban,Finance,Lead,Enterprise (5000+),Finance,Good,Very Fast (100+ Mbps),44,Very High,Few times per week,98.0,95.6,100.0,76.3,95.0,6,0,100.0,8,8,7294.28
30,2,3,Male,PhD,Married,No,Urban,Marketing,Junior,Small (51-200),Finance,Good,Fast (50-100 Mbps),37,Moderate,Monthly,98.0,89.2,88.9,86.4,95.0,7,7,100.0,3,6,7706.880000000001
30,3,3,Female,Bachelor Degree,Married,Yes,Suburban,Engineering,Mid-Level,Small (51-200),Consulting,Excellent,Moderate (25-50 Mbps),41,High,Daily,98.0,97.9,93.8,79.6,95.0,6,33,100.0,7,9,7792.84
37,10,2,Female,Bachelor Degree,Married,No,Suburban,Marketing,Lead,Small (51-200),Education,Average,Fast (50-100 Mbps),35,High,Bi-weekly,98.0,90.0,100.0,89.7,95.0,16,66,100.0,3,5,8073.0
22,0,4,Male,Professional Degree,Single,No,Urban,Engineering,Junior,Large (1001-5000),Technology,Good,Fast (50-100 Mbps),45,Moderate,Daily,96.4,93.2,100.0,79.9,95.0,5,12,79.9,3,5,7446.680000000001
22,0,4,Female,Bachelor Degree,Married,Yes,Urban,Sales,Mid-Level,Startup (1-50),Healthcare,Excellent,Very Fast (100+ Mbps),39,Very Low,Few times per week,68.2,77.0,75.1,70.2,84.6,3,46,85.6,8,10,5405.400000000001
28,0,4,Male,Master Degree,Married,Yes,Suburban,Design,Junior,Medium (201-1000),Manufacturing,Average,Very Fast (100+ Mbps),46,Moderate,Few times per week,98.0,98.5,93.9,92.4,95.0,6,25,100.0,5,4,9101.400000000001
37,9,5,Female,Bachelor Degree,Married,Yes,Suburban,Engineering,Mid-Level,Medium (201-1000),Finance,Poor,Very Fast (100+ Mbps),48,High,Few times per week,98.0,97.9,95.7,91.0,95.0,10,0,100.0,4,7,8908.9
48,19,5,Female,Bachelor Degree,Single,Yes,Urban,Operations,Manager,Enterprise (5000+),Healthcare,Good,Slow (<25 Mbps),49,Very High,Daily,98.0,100.0,98.0,92.7,95.0,6,0,100.0,6,5,9270.0
42,8,4,Female,Associate Degree,Married,Yes,Urban,Operations,Mid-Level,Small (51-200),Government,Good,Moderate (25-50 Mbps),44,Very High,Few times per week,98.0,100.0,100.0,82.6,95.0,7,20,100.0,4,5,8260.0
33,3,2,Female,Bachelor Degree,Divorced,No,Urban,Engineering,Mid-Level,Startup (1-50),Healthcare,Excellent,Very Fast (100+ Mbps),39,Moderate,Daily,98.0,100.0,94.0,82.1,95.0,6,29,100.0,6,5,8210.0
34,4,4,Female,Bachelor Degree,Single,No,Suburban,Engineering,Senior,Medium (201-1000),Retail,Average,Fast (50-100 Mbps),36,High,Few times per week,88.6,84.3,92.4,95.0,95.0,8,6,100.0,7,8,8008.5
25,1,3,Female,High School,Single,No,Suburban,Data Science,Junior,Medium (201-1000),Finance,Good,Fast (50-100 Mbps),47,High,Few times per week,85.6,87.9,84.1,95.0,95.0,9,16,100.0,7,6,8350.5
34,2,4,Female,Bachelor Degree,Divorced,No,Urban,Engineering,Junior,Small (51-200),Manufacturing,Poor,Very Fast (100+ Mbps),41,Low,Few times per week,60.7,48.5,55.0,48.2,72.7,8,57,79.6,5,6,2337.7000000000003
32,7,4,Female,Bachelor Degree,Married,No,Rural,Customer Success,Senior,Medium (201-1000),Finance,Average,Very Fast (100+ Mbps),42,High,Weekly,94.7,94.5,100.0,80.0,95.0,5,3,100.0,7,7,7560.0
37,6,4,Female,Bachelor Degree,Single,No,Urban,Marketing,Lead,Enterprise (5000+),Finance,Poor,Fast (50-100 Mbps),39,Low,Bi-weekly,85.5,95.5,87.2,56.7,95.0,7,27,100.0,4,6,5414.85
39,9,0,Female,Master Degree,Single,Yes,Suburban,Sales,Senior,Small (51-200),Media,Good,Very Fast (100+ Mbps),48,Very High,Daily,98.0,98.7,85.3,91.5,95.0,6,31,100.0,1,7,9031.050000000001
48,10,0,Female,Associate Degree,Single,Yes,Urban,HR,Senior,Medium (201-1000),Technology,Excellent,Moderate (25-50 Mbps),41,Low,Weekly,84.0,85.3,86.6,86.3,95.0,11,19,71.8,9,6,7361.389999999999
34,3,2,Male,Bachelor Degree,In Relationship,No,Suburban,Product,Senior,Medium (201-1000),Technology,Excellent,Fast (50-100 Mbps),30,Very High,Few times per week,89.6,93.2,95.5,79.4,95.0,6,0,100.0,5,5,7400.080000000001
38,1,5,Female,Master Degree,Married,No,Rural,Engineering,Junior,Startup (1-50),Retail,Good,Very Fast (100+ Mbps),41,Low,Few times per week,75.6,83.1,80.8,60.4,92.9,8,0,100.0,5,8,5019.24
41,6,4,Male,Bachelor Degree,Married,Yes,Suburban,Engineering,Senior,Medium (201-1000),Education,Good,Very Fast (100+ Mbps),33,High,Few times per week,93.9,98.9,87.9,95.0,95.0,3,29,100.0,6,3,9395.5
31,3,4,Male,Master Degree,Single,No,Suburban,Engineering,Junior,Enterprise (5000+),Technology,Excellent,Fast (50-100 Mbps),45,Moderate,Weekly,83.7,77.4,75.1,83.9,95.0,6,15,100.0,8,10,6493.860000000001
37,6,4,Male,Master Degree,Single,Yes,Suburban,Customer Success,Senior,Small (51-200),Technology,Good,Fast (50-100 Mbps),44,Moderate,Bi-weekly,80.9,63.3,86.5,77.5,95.0,5,26,100.0,5,7,4905.75
35,5,4,Female,Associate Degree,Divorced,Yes,Urban,Marketing,Senior,Medium (201-1000),Finance,Good,Fast (50-100 Mbps),51,Moderate,Monthly,65.3,65.9,66.0,55.2,74.7,10,13,87.0,3,5,3637.6800000000003
35,1,5,Female,High School,Single,No,Suburban,Engineering,Junior,Startup (1-50),Healthcare,Excellent,Very Fast (100+ Mbps),33,Moderate,Bi-weekly,98.0,100.0,86.9,93.4,95.0,8,0,100.0,5,4,9340.0
28,2,4,Female,PhD,Married,Yes,Urban,Sales,Junior,Medium (201-1000),Consulting,Good,Very Fast (100+ Mbps),50,Low,Weekly,71.4,67.9,69.2,48.3,84.2,10,32,79.6,1,5,3279.57
35,9,4,Female,Bachelor Degree,Single,No,Rural,Marketing,Senior,Medium (201-1000),Technology,Excellent,Very Fast (100+ Mbps),45,Low,Bi-weekly,79.5,80.0,91.6,65.9,90.6,17,24,90.7,4,9,5272.0
39,2,4,Female,Master Degree,Married,Yes,Urban,Customer Success,Junior,Medium (201-1000),Media,Good,Very Fast (100+ Mbps),33,Moderate,Daily,50.8,47.6,58.9,40.7,78.4,4,27,79.2,2,8,1937.3200000000002
48,9,2,Female,Bachelor Degree,Single,Yes,Suburban,Operations,Lead,Medium (201-1000),Finance,Excellent,Fast (50-100 Mbps),52,Moderate,Weekly,98.0,100.0,100.0,88.9,95.0,3,45,96.4,5,4,8890.0
43,6,4,Male,Bachelor Degree,Married,No,Rural,Engineering,Senior,Small (51-200),Technology,Average,Very Fast (100+ Mbps),41,High,Daily,98.0,100.0,85.9,86.6,95.0,11,25,100.0,2,7,8660.0
54,3,3,Male,Associate Degree,Divorced,No,Suburban,Engineering,Senior,Large (1001-5000),Healthcare,Excellent,Very Fast (100+ Mbps),34,Moderate,Weekly,81.7,73.7,86.6,58.5,95.0,11,13,100.0,10,9,4311.45
28,1,1,Male,Bachelor Degree,Married,Yes,Rural,Sales,Junior,Medium (201-1000),Education,Average,Very Fast (100+ Mbps),48,Moderate,Daily,68.6,62.3,64.2,49.5,91.3,8,52,83.9,7,8,3083.85
42,3,4,Female,Bachelor Degree,Single,No,Suburban,Engineering,Senior,Small (51-200),Technology,Good,Fast (50-100 Mbps),35,Moderate,Few times per week,75.1,72.4,78.3,66.7,94.6,13,52,99.9,5,7,4829.080000000001
36,1,3,Female,Master Degree,Married,No,Urban,HR,Mid-Level,Enterprise (5000+),Retail,Good,Fast (50-100 Mbps),48,Moderate,Daily,80.5,75.3,78.1,73.4,94.9,13,30,100.0,7,5,5527.02
54,27,5,Male,Master Degree,Single,Yes,Suburban,Sales,Lead,Startup (1-50),Manufacturing,Good,Moderate (25-50 Mbps),40,High,Few times per week,52.9,68.4,61.7,54.3,79.5,11,0,100.0,5,9,3714.12
27,2,3,Male,Bachelor Degree,Married,No,Urban,Marketing,Mid-Level,Medium (201-1000),Technology,Excellent,Fast (50-100 Mbps),34,Very High,Daily,98.0,100.0,100.0,92.4,95.0,7,12,100.0,8,5,9240.0
29,4,3,Male,Master Degree,Single,No,Suburban,Finance,Mid-Level,Medium (201-1000),Technology,Average,Very Fast (100+ Mbps),35,Moderate,Weekly,98.0,98.7,97.7,86.3,95.0,6,21,100.0,7,6,8517.81
22,1,1,Male,Master Degree,Married,Yes,Suburban,Operations,Mid-Level,Small (51-200),Manufacturing,Average,Fast (50-100 Mbps),42,High,Bi-weekly,86.7,89.2,89.0,79.9,95.0,8,27,100.0,3,3,7127.080000000001
30,0,3,Male,PhD,Married,Yes,Suburban,Customer Success,Junior,Small (51-200),Technology,Poor,Very Fast (100+ Mbps),32,Moderate,Weekly,57.5,59.9,61.6,64.2,79.6,12,1,79.4,2,7,3845.58
28,2,2,Male,Bachelor Degree,In Relationship,Yes,Rural,Operations,Junior,Startup (1-50),Manufacturing,Average,Fast (50-100 Mbps),46,Very High,Weekly,84.7,94.9,84.7,74.0,95.0,4,19,100.0,6,3,7022.6
36,6,1,Male,Master Degree,Married,Yes,Suburban,HR,Senior,Large (1001-5000),Healthcare,Good,Fast (50-100 Mbps),38,High,Weekly,98.0,82.0,99.9,86.6,95.0,15,34,100.0,4,9,7101.2
38,11,2,Female,Bachelor Degree,Single,No,Urban,Finance,Lead,Large (1001-5000),Manufacturing,Good,Fast (50-100 Mbps),39,High,Bi-weekly,98.0,100.0,98.9,80.3,95.0,7,39,100.0,10,9,8030.0
51,17,2,Male,Bachelor Degree,Married,No,Suburban,Engineering,Lead,Large (1001-5000),Healthcare,Average,Very Fast (100+ Mbps),45,High,Few times per week,60.7,68.7,71.2,52.9,77.0,5,34,100.0,1,5,3634.23
43,6,4,Female,Professional Degree,Married,Yes,Suburban,Engineering,Lead,Large (1001-5000),Finance,Average,Slow (<25 Mbps),40,Very High,Few times per week,84.4,86.8,87.5,84.8,95.0,8,11,100.0,7,8,7360.639999999999
29,0,0,Female,High School,Married,No,Rural,Product,Mid-Level,Enterprise (5000+),Media,Good,Fast (50-100 Mbps),49,Moderate,Bi-weekly,54.1,56.1,54.2,35.5,71.9,7,10,78.9,2,6,1991.55
26,0,4,Male,Bachelor Degree,Married,No,Urban,Design,Junior,Medium (201-1000),Retail,Average,Fast (50-100 Mbps),29,Very High,Daily,74.7,67.3,86.5,74.1,95.0,10,17,100.0,6,8,4986.929999999999
39,3,4,Female,Master Degree,Married,No,Urban,Finance,Mid-Level,Large (1001-5000),Healthcare,Good,Very Fast (100+ Mbps),46,Very High,Daily,97.3,92.9,99.9,95.0,95.0,7,17,100.0,5,3,8825.5
23,0,3,Male,Associate Degree,Single,No,Suburban,Finance,Junior,Startup (1-50),Education,Good,Very Fast (100+ Mbps),42,Low,Weekly,57.7,64.8,60.5,55.4,73.1,9,31,92.9,6,6,3589.9199999999996
51,8,5,Female,Master Degree,Single,No,Urban,Engineering,Senior,Large (1001-5000),Education,Poor,Very Fast (100+ Mbps),38,High,Daily,98.0,100.0,98.2,76.2,95.0,7,0,100.0,7,6,7620.0
45,0,4,Female,Master Degree,Married,No,Suburban,Marketing,Junior,Large (1001-5000),Finance,Poor,Very Fast (100+ Mbps),47,Moderate,Few times per week,90.4,81.1,76.2,72.6,95.0,12,6,72.1,2,5,5887.859999999999
30,1,4,Male,High School,Married,Yes,Urban,Data Science,Junior,Startup (1-50),Finance,Average,Fast (50-100 Mbps),45,Low,Daily,55.9,53.6,50.0,54.5,75.8,12,27,58.2,6,5,2921.2000000000003
22,0,1,Female,Bachelor Degree,In Relationship,No,Urban,Customer Success,Junior,Medium (201-1000),Finance,Good,Moderate (25-50 Mbps),43,Moderate,Weekly,63.1,81.5,63.1,72.2,84.2,11,33,78.4,9,7,5884.3
47,7,4,Female,Master Degree,Married,No,Suburban,Sales,Mid-Level,Enterprise (5000+),Non-profit,Excellent,Very Fast (100+ Mbps),40,Moderate,Monthly,95.5,100.0,84.4,83.9,95.0,10,18,100.0,4,5,8390.0
33,4,4,Female,Bachelor Degree,Divorced,Yes,Urban,Sales,Senior,Small (51-200),Education,Excellent,Fast (50-100 Mbps),37,High,Daily,94.9,93.7,99.5,76.5,95.0,10,30,100.0,3,7,7168.05
46,17,2,Female,PhD,Divorced,Yes,Suburban,Marketing,Manager,Small (51-200),Technology,Average,Very Fast (100+ Mbps),35,High,Daily,94.8,94.2,100.0,88.6,95.0,10,25,100.0,7,6,8346.119999999999
22,0,2,Male,Master Degree,Divorced,Yes,Urban,Sales,Mid-Level,Small (51-200),Healthcare,Good,Very Fast (100+ Mbps),50,High,Daily,89.1,93.4,83.0,81.2,94.2,5,55,100.0,7,5,7584.080000000001
29,3,3,Female,Bachelor Degree,Single,No,Urban,Sales,Mid-Level,Small (51-200),Technology,Good,Moderate (25-50 Mbps),46,Very High,Weekly,98.0,87.3,95.1,74.8,95.0,9,35,100.0,5,8,6530.04
35,2,4,Male,Associate Degree,In Relationship,No,Urban,Operations,Junior,Startup (1-50),Technology,Good,Fast (50-100 Mbps),45,High,Few times per week,86.4,82.0,94.3,70.7,95.0,7,14,100.0,8,6,5797.400000000001
35,8,3,Male,PhD,Single,No,Suburban,Engineering,Senior,Small (51-200),Finance,Good,Fast (50-100 Mbps),39,Moderate,Few times per week,86.3,94.3,79.9,78.2,95.0,6,48,100.0,6,1,7374.26
30,2,4,Male,Bachelor Degree,Single,Yes,Urban,HR,Junior,Small (51-200),Healthcare,Good,Very Fast (100+ Mbps),54,High,Daily,95.6,90.0,93.6,83.3,95.0,10,0,100.0,6,8,7497.0
40,1,1,Male,Associate Degree,Married,No,Suburban,HR,Junior,Large (1001-5000),Non-profit,Average,Very Fast (100+ Mbps),37,Moderate,Few times per week,86.5,78.5,93.0,86.4,95.0,3,65,100.0,8,5,6782.400000000001
25,0,4,Female,Master Degree,Single,Yes,Suburban,Customer Success,Junior,Small (51-200),Non-profit,Excellent,Very Fast (100+ Mbps),39,Moderate,Daily,84.0,79.4,77.5,72.6,95.0,6,45,100.0,3,8,5764.44
33,1,2,Female,Master Degree,Single,No,Suburban,Customer Success,Junior,Medium (201-1000),Technology,Average,Very Fast (100+ Mbps),52,Very High,Few times per week,87.0,83.4,98.7,70.9,95.0,7,13,100.0,4,7,5913.060000000001
36,2,2,Female,Master Degree,Married,Yes,Suburban,Operations,Junior,Medium (201-1000),Healthcare,Good,Very Fast (100+ Mbps),41,Very High,Daily,98.0,93.5,100.0,69.9,95.0,11,28,100.0,5,9,6535.650000000001
39,5,3,Male,Bachelor Degree,Single,No,Urban,HR,Junior,Startup (1-50),Consulting,Average,Fast (50-100 Mbps),52,High,Few times per week,96.9,100.0,99.8,80.4,95.0,5,8,100.0,3,6,8040.000000000001
41,11,0,Female,Master Degree,Married,No,Urban,Marketing,Lead,Enterprise (5000+),Technology,Poor,Very Fast (100+ Mbps),44,Moderate,Few times per week,42.9,44.1,50.0,43.9,71.2,8,25,61.7,10,4,1935.99
24,1,0,Female,Master Degree,Single,No,Suburban,Design,Junior,Large (1001-5000),Manufacturing,Good,Very Fast (100+ Mbps),38,High,Daily,80.9,95.2,76.8,51.1,95.0,9,62,100.0,5,1,4864.72
22,0,2,Male,Master Degree,Married,No,Urban,Engineering,Junior,Medium (201-1000),Consulting,Excellent,Fast (50-100 Mbps),40,Moderate,Daily,97.2,100.0,83.6,85.9,95.0,11,31,100.0,9,8,8590.0
46,5,3,Male,PhD,In Relationship,No,Suburban,Product,Mid-Level,Medium (201-1000),Education,Excellent,Moderate (25-50 Mbps),37,Moderate,Weekly,98.0,89.2,97.5,73.8,95.0,7,0,92.8,6,8,6582.96
37,1,5,Female,Bachelor Degree,Married,Yes,Suburban,Engineering,Junior,Medium (201-1000),Finance,Excellent,Slow (<25 Mbps),46,Moderate,Few times per week,90.3,96.9,94.0,56.7,95.0,12,0,100.0,9,4,5494.2300000000005
28,1,4,Female,Master Degree,Married,No,Urban,Engineering,Mid-Level,Small (51-200),Media,Average,Moderate (25-50 Mbps),49,Very High,Bi-weekly,91.8,87.6,86.8,91.1,95.0,6,35,100.0,5,10,7980.359999999999
48,5,3,Female,PhD,In Relationship,No,Suburban,Marketing,Mid-Level,Startup (1-50),Media,Excellent,Very Fast (100+ Mbps),44,Moderate,Daily,93.4,100.0,99.1,94.1,95.0,13,28,91.6,8,9,9410.0
36,6,0,Female,Bachelor Degree,Single,Yes,Rural,Operations,Senior,Medium (201-1000),Retail,Excellent,Very Fast (100+ Mbps),43,Very High,Daily,95.2,100.0,93.2,88.0,95.0,5,11,100.0,7,6,8800.0
45,9,3,Female,High School,Married,No,Urban,Engineering,Lead,Enterprise (5000+),Finance,Average,Moderate (25-50 Mbps),35,Very High,Daily,98.0,77.8,89.0,82.9,95.0,4,48,100.0,9,4,6449.62
35,3,4,Male,Master Degree,Divorced,No,Suburban,Operations,Mid-Level,Small (51-200),Manufacturing,Good,Moderate (25-50 Mbps),48,High,Daily,86.3,87.6,92.8,84.5,95.0,5,35,100.0,6,5,7402.2
53,17,2,Female,Bachelor Degree,In Relationship,No,Urban,Customer Success,Manager,Medium (201-1000),Finance,Good,Fast (50-100 Mbps),47,Moderate,Daily,95.8,82.6,93.1,74.6,95.0,6,28,100.0,4,9,6161.959999999999
50,14,1,Male,High School,Married,No,Suburban,Engineering,Lead,Startup (1-50),Technology,Good,Very Fast (100+ Mbps),43,Very Low,Daily,58.3,66.7,61.9,54.2,73.3,12,39,100.0,6,7,3615.1400000000003
32,6,2,Female,Bachelor Degree,Single,No,Rural,Operations,Senior,Startup (1-50),Healthcare,Average,Very Fast (100+ Mbps),40,High,Few times per week,97.8,100.0,100.0,95.0,95.0,3,60,100.0,3,9,9500.0
43,2,4,Female,Bachelor Degree,Divorced,No,Suburban,Sales,Junior,Medium (201-1000),Non-profit,Excellent,Moderate (25-50 Mbps),42,Moderate,Weekly,80.9,88.9,83.4,49.9,93.9,4,33,86.8,5,2,4436.110000000001
40,7,2,Female,Bachelor Degree,Single,No,Suburban,Marketing,Senior,Small (51-200),Manufacturing,Good,Very Fast (100+ Mbps),36,High,Weekly,98.0,100.0,82.1,82.6,95.0,8,5,100.0,7,10,8260.0
26,0,2,Male,PhD,Married,No,Suburban,Sales,Junior,Medium (201-1000),Healthcare,Good,Slow (<25 Mbps),40,High,Few times per week,66.3,62.2,73.4,70.0,80.5,6,0,100.0,6,4,4354.0
41,12,1,Female,Master Degree,Married,Yes,Suburban,Data Science,Senior,Small (51-200),Finance,Average,Fast (50-100 Mbps),36,High,Weekly,98.0,96.3,100.0,91.4,95.0,8,30,100.0,7,6,8801.82
44,2,3,Female,Master Degree,Married,Yes,Suburban,Operations,Junior,Medium (201-1000),Consulting,Average,Very Fast (100+ Mbps),38,Moderate,Few times per week,82.5,78.5,84.2,64.7,95.0,7,0,100.0,8,8,5078.95
24,0,0,Female,Master Degree,Married,No,Suburban,Finance,Junior,Startup (1-50),Consulting,Average,Very Fast (100+ Mbps),41,Very High,Monthly,84.2,82.5,75.3,83.3,95.0,7,51,100.0,5,7,6872.25
22,0,1,Male,Master Degree,Single,No,Rural,Customer Success,Mid-Level,Medium (201-1000),Healthcare,Average,Fast (50-100 Mbps),41,Moderate,Bi-weekly,83.2,79.2,81.2,75.7,95.0,8,31,100.0,7,7,5995.4400000000005
32,3,1,Female,Master Degree,Married,No,Suburban,Engineering,Senior,Large (1001-5000),Manufacturing,Average,Fast (50-100 Mbps),25,High,Few times per week,82.4,87.2,78.1,73.3,95.0,7,9,100.0,6,6,6391.76
41,2,1,Female,Bachelor Degree,Married,No,Suburban,Engineering,Junior,Startup (1-50),Consulting,Average,Very Fast (100+ Mbps),44,Very High,Few times per week,69.5,71.9,76.9,52.7,82.5,9,33,100.0,6,7,3789.1300000000006
48,12,2,Male,Bachelor Degree,Married,Yes,Urban,Marketing,Senior,Enterprise (5000+),Finance,Good,Very Fast (100+ Mbps),42,High,Weekly,98.0,86.3,100.0,93.3,95.0,11,39,100.0,3,8,8051.789999999999
35,7,5,Female,Master Degree,In Relationship,No,Suburban,Customer Success,Lead,Small (51-200),Technology,Excellent,Very Fast (100+ Mbps),47,Low,Daily,98.0,95.9,100.0,72.9,95.0,11,0,100.0,6,10,6991.110000000001
49,14,3,Female,Master Degree,Divorced,No,Suburban,Engineering,Lead,Small (51-200),Technology,Good,Slow (<25 Mbps),40,Low,Weekly,61.7,69.0,72.8,55.4,88.8,8,38,50.8,8,7,3822.6
22,0,4,Female,Master Degree,Married,Yes,Suburban,Data Science,Junior,Medium (201-1000),Media,Excellent,Moderate (25-50 Mbps),48,Very High,Few times per week,98.0,100.0,96.8,93.7,95.0,8,14,100.0,5,7,9370.0
22,1,2,Male,Bachelor Degree,Single,Yes,Urban,Engineering,Junior,Small (51-200),Retail,Good,Very Fast (100+ Mbps),41,Moderate,Weekly,65.5,68.4,69.0,59.0,74.8,6,44,87.2,7,5,4035.6000000000004
34,5,2,Female,Bachelor Degree,Married,No,Rural,Engineering,Senior,Large (1001-5000),Retail,Good,Moderate (25-50 Mbps),44,Moderate,Daily,90.6,75.1,100.0,87.9,95.0,7,11,100.0,8,6,6601.29
38,7,0,Female,Master Degree,Divorced,Yes,Urban,Engineering,Mid-Level,Medium (201-1000),Finance,Poor,Fast (50-100 Mbps),36,Low,Daily,90.7,96.6,98.1,82.9,95.0,3,16,99.3,6,9,8008.14
34,7,3,Female,Associate Degree,Married,No,Urban,Operations,Senior,Startup (1-50),Retail,Poor,Fast (50-100 Mbps),48,Low,Few times per week,73.0,76.8,68.0,60.3,87.8,7,43,90.2,3,3,4631.04
22,1,3,Male,Master Degree,Divorced,Yes,Suburban,Product,Mid-Level,Enterprise (5000+),Education,Average,Fast (50-100 Mbps),49,Moderate,Few times per week,68.3,74.0,61.8,77.1,79.9,7,53,100.0,2,5,5705.4
34,5,1,Male,Professional Degree,Married,No,Suburban,Engineering,Mid-Level,Large (1001-5000),Technology,Poor,Fast (50-100 Mbps),53,Very High,Daily,90.0,92.3,89.0,92.1,95.0,11,19,100.0,7,5,8500.83
23,0,4,Female,Master Degree,Married,Yes,Urban,Operations,Junior,Medium (201-1000),Government,Poor,Very Fast (100+ Mbps),38,High,Few times per week,51.1,60.1,52.1,37.7,67.7,12,42,98.6,2,3,2265.7700000000004
41,10,3,Female,Bachelor Degree,Married,Yes,Suburban,Engineering,Senior,Medium (201-1000),Finance,Average,Fast (50-100 Mbps),45,Moderate,Daily,87.6,80.3,86.7,71.0,92.7,9,35,100.0,10,7,5701.3
38,14,2,Male,Bachelor Degree,Married,No,Urban,Operations,Lead,Startup (1-50),Finance,Excellent,Moderate (25-50 Mbps),33,Low,Few times per week,98.0,89.2,94.6,84.7,95.0,12,25,81.7,3,9,7555.240000000001
26,0,1,Male,Master Degree,Divorced,No,Urban,Engineering,Junior,Large (1001-5000),Finance,Good,Very Fast (100+ Mbps),30,High,Few times per week,65.7,55.2,69.7,71.2,85.6,9,33,100.0,7,2,3930.2400000000002
30,4,3,Male,Master Degree,Single,No,Urban,Marketing,Mid-Level,Large (1001-5000),Technology,Good,Very Fast (100+ Mbps),45,Moderate,Daily,57.3,58.9,60.8,56.4,67.7,7,32,98.1,8,5,3321.96
25,1,4,Female,Bachelor Degree,Single,Yes,Rural,Finance,Junior,Startup (1-50),Education,Excellent,Very Fast (100+ Mbps),41,Moderate,Few times per week,72.8,70.6,80.0,81.1,92.9,11,34,87.2,5,9,5725.659999999999
34,2,2,Male,Bachelor Degree,Married,Yes,Urban,Operations,Mid-Level,Medium (201-1000),Technology,Average,Very Fast (100+ Mbps),34,Very High,Daily,77.3,82.8,80.8,75.4,92.6,9,61,100.0,6,6,6243.12
43,11,2,Male,Bachelor Degree,Single,No,Urban,Engineering,Manager,Medium (201-1000),Manufacturing,Excellent,Very Fast (100+ Mbps),43,Moderate,Weekly,91.7,87.0,94.1,95.0,95.0,12,16,100.0,9,9,8265.0
26,0,3,Male,Master Degree,Married,Yes,Suburban,Engineering,Mid-Level,Small (51-200),Finance,Good,Fast (50-100 Mbps),47,High,Daily,98.0,100.0,100.0,95.0,95.0,10,38,100.0,9,9,9500.0
39,6,1,Female,Master Degree,Single,Yes,Suburban,Finance,Mid-Level,Large (1001-5000),Healthcare,Excellent,Very Fast (100+ Mbps),42,Moderate,Weekly,90.3,86.6,89.0,91.2,95.0,2,49,97.1,9,10,7897.92
30,2,4,Male,PhD,Single,No,Suburban,Customer Success,Junior,Startup (1-50),Education,Good,Very Fast (100+ Mbps),49,Moderate,Daily,64.2,53.4,65.6,66.5,77.6,12,47,90.9,5,6,3551.1
27,2,4,Male,Bachelor Degree,Married,Yes,Suburban,Product,Junior,Small (51-200),Manufacturing,Good,Moderate (25-50 Mbps),38,Very Low,Few times per week,58.2,67.3,63.5,48.7,71.5,11,20,100.0,2,6,3277.51
34,4,1,Female,Master Degree,Married,Yes,Suburban,Customer Success,Senior,Startup (1-50),Technology,Average,Fast (50-100 Mbps),48,Low,Few times per week,71.2,71.4,76.4,61.4,82.4,10,57,82.9,3,8,4383.96
25,1,0,Male,Bachelor Degree,Single,Yes,Urban,Data Science,Mid-Level,Medium (201-1000),Government,Good,Very Fast (100+ Mbps),39,Very High,Daily,76.2,72.4,71.9,73.4,85.3,12,64,100.0,3,7,5314.160000000001
30,4,4,Male,Bachelor Degree,Single,No,Suburban,Sales,Senior,Small (51-200),Education,Good,Very Fast (100+ Mbps),49,Very High,Daily,98.0,95.7,93.1,86.9,95.0,9,29,100.0,7,7,8316.33
24,0,2,Female,Master Degree,Single,Yes,Suburban,Sales,Junior,Large (1001-5000),Technology,Average,Fast (50-100 Mbps),34,Moderate,Daily,35.0,40.0,50.0,35.8,64.6,10,39,88.9,8,7,1432.0
52,12,1,Male,Bachelor Degree,Married,No,Urban,Engineering,Senior,Large (1001-5000),Finance,Average,Fast (50-100 Mbps),43,Moderate,Daily,98.0,100.0,92.6,93.4,95.0,11,34,96.5,2,6,9340.0
35,10,4,Female,Bachelor Degree,Single,Yes,Urban,Marketing,Lead,Startup (1-50),Finance,Good,Very Fast (100+ Mbps),43,Moderate,Few times per week,63.3,62.6,74.6,53.8,72.6,3,37,92.2,8,5,3367.88
28,2,2,Male,Master Degree,Married,No,Suburban,Finance,Junior,Large (1001-5000),Manufacturing,Excellent,Moderate (25-50 Mbps),44,High,Few times per week,73.7,92.6,77.8,53.2,91.2,9,57,100.0,7,7,4926.32
36,4,3,Female,Bachelor Degree,Married,Yes,Urban,Customer Success,Junior,Large (1001-5000),Finance,Excellent,Fast (50-100 Mbps),39,Moderate,Daily,57.7,70.0,59.3,53.1,77.6,9,34,87.0,6,5,3717.0
33,6,2,Male,Associate Degree,Married,No,Rural,Engineering,Lead,Small (51-200),Finance,Average,Moderate (25-50 Mbps),44,High,Few times per week,89.7,80.6,92.0,81.3,95.0,6,48,100.0,10,6,6552.78
33,3,4,Female,Bachelor Degree,Married,No,Suburban,Marketing,Mid-Level,Startup (1-50),Technology,Good,Very Fast (100+ Mbps),40,High,Monthly,74.8,88.0,81.5,58.2,94.1,9,14,100.0,4,7,5121.6
40,14,2,Male,Bachelor Degree,Married,No,Urban,Finance,Senior,Startup (1-50),Technology,Excellent,Very Fast (100+ Mbps),38,Very High,Bi-weekly,96.5,83.1,93.5,95.0,95.0,11,22,100.0,4,7,7894.499999999999
41,13,5,Male,Master Degree,In Relationship,No,Urban,Operations,Lead,Small (51-200),Retail,Excellent,Very Fast (100+ Mbps),50,Low,Daily,86.2,77.3,99.9,79.0,95.0,8,0,67.9,5,7,6106.7
30,1,4,Female,Bachelor Degree,Married,No,Rural,Engineering,Junior,Large (1001-5000),Education,Average,Very Fast (100+ Mbps),42,Moderate,Daily,62.0,61.7,62.3,58.1,79.2,10,6,50.8,6,7,3584.7700000000004
32,5,3,Male,Associate Degree,Married,No,Suburban,Engineering,Mid-Level,Enterprise (5000+),Technology,Good,Very Fast (100+ Mbps),37,Moderate,Daily,83.6,79.4,84.7,68.0,94.9,9,19,100.0,8,7,5399.200000000001
22,1,3,Female,Bachelor Degree,Single,No,Suburban,Product,Mid-Level,Large (1001-5000),Finance,Good,Fast (50-100 Mbps),50,Very High,Daily,81.4,76.7,92.4,71.0,95.0,7,35,100.0,8,3,5445.7
22,1,3,Male,Bachelor Degree,Married,No,Suburban,Design,Junior,Small (51-200),Retail,Excellent,Very Fast (100+ Mbps),36,Moderate,Daily,86.2,92.0,97.5,80.2,95.0,7,10,94.8,9,6,7378.400000000001
47,6,4,Female,Master Degree,Divorced,Yes,Suburban,Sales,Senior,Large (1001-5000),Consulting,Good,Very Fast (100+ Mbps),45,Very High,Daily,98.0,100.0,97.9,95.0,95.0,11,17,100.0,8,7,9500.0
49,7,3,Male,Bachelor Degree,Married,No,Urban,Sales,Mid-Level,Startup (1-50),Technology,Good,Moderate (25-50 Mbps),37,Moderate,Few times per week,98.0,92.2,100.0,84.2,95.0,13,7,100.0,6,6,7763.240000000001
32,3,0,Female,Master Degree,Married,No,Urban,HR,Mid-Level,Startup (1-50),Finance,Good,Very Fast (100+ Mbps),33,High,Few times per week,92.3,83.8,93.1,87.5,95.0,13,18,100.0,6,1,7332.5
40,10,4,Male,Bachelor Degree,Married,No,Suburban,Marketing,Senior,Medium (201-1000),Finance,Average,Fast (50-100 Mbps),44,Moderate,Daily,82.2,75.7,83.2,66.6,95.0,8,26,100.0,4,7,5041.62
37,6,0,Male,Professional Degree,Single,Yes,Rural,Engineering,Lead,Small (51-200),Media,Good,Fast (50-100 Mbps),40,Moderate,Few times per week,50.9,50.0,50.0,49.0,76.3,14,41,90.9,4,6,2450.0
62,11,4,Male,Master Degree,Single,Yes,Urban,Product,Senior,Small (51-200),Healthcare,Average,Slow (<25 Mbps),51,High,Few times per week,92.0,72.6,96.4,75.5,95.0,7,25,100.0,10,4,5481.299999999999
45,4,4,Male,Master Degree,Divorced,No,Suburban,Marketing,Mid-Level,Large (1001-5000),Technology,Excellent,Moderate (25-50 Mbps),48,Very High,Few times per week,98.0,100.0,96.7,68.0,95.0,9,13,100.0,4,10,6800.0
33,7,2,Female,Master Degree,In Relationship,No,Urban,Engineering,Lead,Large (1001-5000),Finance,Good,Very Fast (100+ Mbps),49,High,Monthly,84.1,92.7,93.3,82.2,95.0,12,31,100.0,6,9,7619.9400000000005
22,1,4,Female,Master Degree,In Relationship,No,Suburban,Engineering,Junior,Small (51-200),Education,Average,Very Fast (100+ Mbps),46,High,Few times per week,98.0,96.1,95.2,95.0,95.0,5,42,100.0,7,7,9129.5
36,2,4,Male,Bachelor Degree,Married,No,Urban,Engineering,Junior,Medium (201-1000),Technology,Good,Fast (50-100 Mbps),33,Moderate,Weekly,84.2,84.6,96.6,82.1,95.0,15,35,84.5,5,6,6945.659999999999
28,4,2,Male,Associate Degree,Single,No,Urban,Marketing,Mid-Level,Large (1001-5000),Finance,Good,Very Fast (100+ Mbps),40,Very High,Daily,92.4,75.5,96.3,62.9,95.0,3,41,100.0,7,5,4748.95
22,0,2,Female,Master Degree,Married,No,Urban,Sales,Junior,Small (51-200),Education,Average,Fast (50-100 Mbps),46,High,Few times per week,95.9,86.6,94.5,84.7,95.0,9,28,100.0,9,7,7335.0199999999995
25,0,0,Male,Bachelor Degree,Divorced,Yes,Urban,Data Science,Junior,Large (1001-5000),Education,Excellent,Fast (50-100 Mbps),41,Moderate,Few times per week,79.1,74.9,81.6,57.7,95.0,7,33,96.9,5,9,4321.7300000000005
50,15,1,Female,Bachelor Degree,In Relationship,Yes,Urban,Customer Success,Manager,Medium (201-1000),Finance,Excellent,Fast (50-100 Mbps),46,Moderate,Daily,95.3,100.0,92.1,95.0,95.0,6,38,100.0,5,7,9500.0
34,1,1,Female,Master Degree,Married,No,Suburban,Engineering,Junior,Enterprise (5000+),Technology,Average,Very Fast (100+ Mbps),36,Moderate,Few times per week,74.7,75.2,84.6,62.6,95.0,8,22,100.0,5,6,4707.52
48,17,3,Male,High School,Married,Yes,Suburban,Operations,Manager,Startup (1-50),Media,Excellent,Fast (50-100 Mbps),46,High,Few times per week,98.0,99.7,95.0,81.7,95.0,9,9,100.0,6,2,8145.490000000001
35,6,5,Male,PhD,Single,Yes,Urban,Operations,Senior,Startup (1-50),Technology,Good,Very Fast (100+ Mbps),45,Very High,Monthly,96.3,84.1,100.0,83.4,95.0,12,0,100.0,6,4,7013.94
27,1,4,Female,PhD,Married,No,Urban,Product,Junior,Large (1001-5000),Technology,Good,Very Fast (100+ Mbps),36,High,Daily,97.6,97.4,95.6,94.2,95.0,9,0,100.0,6,2,9175.08
48,9,0,Female,PhD,Married,Yes,Urban,Operations,Senior,Enterprise (5000+),Consulting,Good,Fast (50-100 Mbps),39,Very High,Bi-weekly,73.5,72.6,60.8,64.9,80.8,11,56,100.0,8,3,4711.74
39,2,3,Male,Bachelor Degree,Married,No,Suburban,Engineering,Mid-Level,Large (1001-5000),Consulting,Excellent,Moderate (25-50 Mbps),42,Low,Daily,64.4,64.1,64.6,45.1,82.3,8,23,84.8,3,3,2890.91
25,0,3,Male,Bachelor Degree,In Relationship,No,Suburban,Marketing,Mid-Level,Medium (201-1000),Technology,Good,Very Fast (100+ Mbps),50,Moderate,Bi-weekly,98.0,91.1,94.9,95.0,95.0,13,1,96.4,4,1,8654.5
33,6,1,Female,PhD,Divorced,Yes,Rural,Customer Success,Mid-Level,Large (1001-5000),Media,Excellent,Fast (50-100 Mbps),39,High,Weekly,98.0,100.0,95.2,95.0,95.0,10,23,100.0,6,8,9500.0
27,0,5,Female,Master Degree,Single,No,Suburban,Design,Junior,Small (51-200),Technology,Excellent,Very Fast (100+ Mbps),44,Low,Daily,79.7,82.3,76.4,60.5,95.0,10,0,100.0,5,6,4979.15
22,1,3,Male,Master Degree,Single,No,Urban,Engineering,Junior,Enterprise (5000+),Education,Good,Very Fast (100+ Mbps),49,Low,Daily,97.8,100.0,90.7,79.9,95.0,11,14,100.0,4,8,7990.000000000001
43,13,5,Female,Bachelor Degree,Married,No,Rural,Marketing,Senior,Medium (201-1000),Technology,Average,Very Fast (100+ Mbps),53,High,Daily,98.0,88.2,100.0,85.6,95.0,9,0,100.0,7,4,7549.92
52,9,3,Female,Bachelor Degree,Single,Yes,Urban,Engineering,Lead,Enterprise (5000+),Finance,Excellent,Fast (50-100 Mbps),43,Low,Monthly,98.0,100.0,100.0,78.3,95.0,9,17,100.0,6,8,7830.0
22,1,4,Female,Master Degree,Married,Yes,Urban,Marketing,Mid-Level,Medium (201-1000),Healthcare,Good,Fast (50-100 Mbps),29,Very High,Few times per week,93.8,97.1,86.6,76.5,95.0,10,34,100.0,4,3,7428.15
40,5,1,Male,Bachelor Degree,Married,No,Urban,Engineering,Mid-Level,Enterprise (5000+),Education,Excellent,Very Fast (100+ Mbps),47,Low,Weekly,85.1,82.2,84.9,82.2,95.0,5,13,88.2,4,5,6756.84
29,3,3,Female,Master Degree,Single,Yes,Suburban,Design,Junior,Small (51-200),Healthcare,Average,Fast (50-100 Mbps),43,High,Daily,85.0,92.2,94.3,66.9,95.0,4,37,100.0,7,6,6168.18
30,0,2,Female,Master Degree,Married,Yes,Suburban,Operations,Junior,Large (1001-5000),Healthcare,Average,Very Fast (100+ Mbps),36,Moderate,Bi-weekly,74.5,89.0,79.3,71.5,92.6,15,21,88.4,5,5,6363.5
29,2,4,Male,Master Degree,Married,Yes,Urban,Customer Success,Junior,Enterprise (5000+),Government,Average,Very Fast (100+ Mbps),46,High,Daily,66.4,66.1,67.3,62.4,79.7,13,13,100.0,4,4,4124.639999999999
27,1,4,Female,Bachelor Degree,Divorced,Yes,Urban,Data Science,Mid-Level,Medium (201-1000),Technology,Good,Fast (50-100 Mbps),53,Very Low,Daily,35.0,42.1,50.0,30.0,43.4,3,7,71.4,9,7,1263.0
35,0,4,Male,Bachelor Degree,Single,Yes,Suburban,Engineering,Junior,Large (1001-5000),Technology,Good,Very Fast (100+ Mbps),43,Very High,Daily,83.0,72.4,76.5,60.5,95.0,2,23,100.0,3,1,4380.200000000001
27,3,4,Male,Professional Degree,Divorced,Yes,Rural,Finance,Mid-Level,Startup (1-50),Retail,Average,Very Fast (100+ Mbps),32,High,Few times per week,82.5,85.3,81.2,89.7,95.0,6,29,100.0,3,8,7651.41
37,5,4,Male,Master Degree,Married,No,Urban,Product,Mid-Level,Medium (201-1000),Technology,Excellent,Fast (50-100 Mbps),50,Moderate,Daily,87.9,88.9,93.4,77.0,95.0,6,18,77.0,7,2,6845.3
34,1,2,Male,Master Degree,Married,No,Suburban,Operations,Junior,Large (1001-5000),Healthcare,Good,Fast (50-100 Mbps),42,Moderate,Few times per week,98.0,100.0,100.0,77.5,95.0,8,33,100.0,5,10,7750.0
32,2,3,Male,Master Degree,Single,Yes,Urban,Operations,Junior,Small (51-200),Healthcare,Average,Moderate (25-50 Mbps),46,Moderate,Daily,93.4,89.2,99.1,81.5,95.0,8,20,100.0,7,8,7269.8
26,1,4,Female,Master Degree,Married,No,Urban,Sales,Mid-Level,Large (1001-5000),Finance,Good,Very Fast (100+ Mbps),42,Moderate,Few times per week,40.3,43.0,50.0,35.8,55.9,8,38,54.9,6,6,1539.3999999999999
29,0,4,Male,Master Degree,Married,Yes,Urban,Finance,Junior,Large (1001-5000),Government,Good,Very Fast (100+ Mbps),44,Moderate,Few times per week,72.4,67.5,80.9,58.6,90.2,5,21,86.5,2,4,3955.5
39,8,2,Female,Bachelor Degree,Married,Yes,Urban,Marketing,Mid-Level,Small (51-200),Technology,Excellent,Very Fast (100+ Mbps),46,High,Daily,98.0,94.4,100.0,95.0,95.0,7,65,100.0,8,7,8968.0
26,2,1,Male,Bachelor Degree,Married,Yes,Rural,Engineering,Junior,Medium (201-1000),Technology,Good,Fast (50-100 Mbps),42,High,Weekly,71.3,64.9,87.3,54.8,83.7,7,88,100.0,6,6,3556.52
35,1,5,Male,High School,Divorced,No,Urban,Engineering,Junior,Startup (1-50),Technology,Good,Moderate (25-50 Mbps),37,Low,Daily,96.1,95.3,93.6,90.8,95.0,10,0,100.0,5,5,8653.24
41,11,3,Female,Bachelor Degree,Single,Yes,Urban,Engineering,Lead,Enterprise (5000+),Finance,Excellent,Fast (50-100 Mbps),43,High,Daily,98.0,100.0,99.0,85.1,95.0,3,12,100.0,1,7,8510.0
22,0,1,Female,Bachelor Degree,Divorced,No,Urban,Engineering,Junior,Large (1001-5000),Retail,Excellent,Very Fast (100+ Mbps),46,High,Weekly,98.0,91.2,100.0,81.6,95.0,7,62,100.0,8,6,7441.92
39,2,4,Male,Master Degree,Single,Yes,Suburban,Marketing,Junior,Small (51-200),Retail,Good,Moderate (25-50 Mbps),37,Moderate,Daily,72.9,80.1,71.8,54.4,87.5,4,10,81.4,7,6,4357.44
29,2,5,Male,Bachelor Degree,Divorced,Yes,Rural,Engineering,Junior,Small (51-200),Consulting,Excellent,Fast (50-100 Mbps),35,High,Few times per week,98.0,97.2,91.2,92.8,95.0,6,0,100.0,2,8,9020.16
40,7,1,Female,Associate Degree,In Relationship,No,Urban,Engineering,Mid-Level,Large (1001-5000),Technology,Good,Fast (50-100 Mbps),49,High,Daily,98.0,87.0,92.8,76.8,95.0,9,49,100.0,8,10,6681.599999999999
28,3,4,Male,Associate Degree,Married,No,Suburban,HR,Senior,Medium (201-1000),Technology,Good,Fast (50-100 Mbps),52,Moderate,Daily,72.6,58.8,81.6,55.2,89.2,14,51,98.5,2,10,3245.76
22,1,5,Female,Master Degree,Married,Yes,Urban,HR,Junior,Small (51-200),Non-profit,Excellent,Very Fast (100+ Mbps),42,High,Weekly,67.2,76.0,61.4,76.8,72.2,9,0,100.0,7,9,5836.8
22,0,5,Female,High School,Married,Yes,Suburban,HR,Mid-Level,Medium (201-1000),Technology,Good,Very Fast (100+ Mbps),45,Moderate,Daily,54.8,53.2,59.1,54.3,75.0,11,0,83.3,7,8,2888.76
35,0,5,Male,Bachelor Degree,Single,Yes,Urban,Design,Junior,Large (1001-5000),Government,Excellent,Moderate (25-50 Mbps),44,High,Few times per week,92.9,98.3,94.7,71.3,95.0,10,0,100.0,8,6,7008.79
37,7,3,Male,Associate Degree,Married,No,Suburban,Engineering,Lead,Startup (1-50),Consulting,Good,Very Fast (100+ Mbps),28,High,Weekly,98.0,89.2,100.0,72.4,95.0,5,34,100.0,4,3,6458.080000000001
26,1,2,Male,Master Degree,Married,No,Suburban,Engineering,Junior,Small (51-200),Media,Good,Very Fast (100+ Mbps),43,Low,Daily,77.2,70.9,77.1,65.7,94.9,14,34,80.8,6,7,4658.130000000001
40,6,0,Female,PhD,Divorced,Yes,Suburban,Sales,Lead,Enterprise (5000+),Finance,Average,Very Fast (100+ Mbps),50,High,Few times per week,76.6,64.8,83.7,83.6,90.7,8,0,100.0,6,6,5417.28
22,1,0,Male,PhD,Divorced,No,Urban,Product,Junior,Startup (1-50),Technology,Good,Very Fast (100+ Mbps),34,High,Bi-weekly,84.1,96.7,94.7,60.9,95.0,10,23,100.0,2,7,5889.03
34,1,3,Male,Bachelor Degree,Married,Yes,Urban,HR,Junior,Large (1001-5000),Education,Good,Fast (50-100 Mbps),34,Low,Few times per week,95.1,100.0,100.0,88.5,95.0,8,15,100.0,6,5,8850.0
24,0,3,Female,Master Degree,Married,Yes,Suburban,Sales,Junior,Medium (201-1000),Retail,Average,Slow (<25 Mbps),37,Very High,Daily,77.4,88.0,84.2,68.7,93.9,6,14,100.0,4,8,6045.6
29,3,1,Male,Bachelor Degree,Married,Yes,Suburban,Engineering,Senior,Small (51-200),Technology,Good,Very Fast (100+ Mbps),39,Very High,Few times per week,98.0,100.0,100.0,81.9,95.0,4,35,100.0,5,4,8190.000000000001
35,3,3,Female,Bachelor Degree,Married,No,Urban,Operations,Senior,Startup (1-50),Manufacturing,Good,Fast (50-100 Mbps),46,High,Daily,54.7,58.3,54.0,43.6,66.9,7,28,100.0,4,8,2541.88
27,2,1,Female,Bachelor Degree,Married,Yes,Suburban,Engineering,Mid-Level,Startup (1-50),Technology,Average,Fast (50-100 Mbps),49,Moderate,Daily,41.4,53.7,50.0,44.8,61.4,14,0,61.4,2,9,2405.7599999999998
31,4,4,Female,Associate Degree,Married,No,Suburban,Marketing,Senior,Small (51-200),Healthcare,Excellent,Fast (50-100 Mbps),49,High,Weekly,90.9,92.1,96.5,83.7,95.0,18,0,100.0,4,9,7708.7699999999995
44,4,2,Female,Master Degree,In Relationship,No,Urban,Design,Senior,Startup (1-50),Consulting,Poor,Very Fast (100+ Mbps),45,Moderate,Daily,78.9,87.7,93.5,72.7,95.0,8,59,77.3,4,6,6375.790000000001
29,1,3,Female,Bachelor Degree,Married,Yes,Urban,Operations,Junior,Small (51-200),Technology,Average,Fast (50-100 Mbps),32,Very High,Daily,93.9,87.8,100.0,87.4,95.0,8,19,100.0,6,6,7673.72
42,5,3,Male,Bachelor Degree,Married,Yes,Rural,Design,Junior,Startup (1-50),Technology,Good,Slow (<25 Mbps),32,High,Few times per week,98.0,100.0,97.8,75.4,95.0,9,15,100.0,3,8,7540.000000000001
24,1,0,Male,Bachelor Degree,Married,Yes,Urban,Sales,Junior,Large (1001-5000),Technology,Average,Very Fast (100+ Mbps),46,Moderate,Monthly,49.0,47.7,50.0,34.6,60.1,3,41,63.5,9,7,1650.42
39,6,5,Male,Bachelor Degree,Married,No,Rural,Operations,Senior,Large (1001-5000),Technology,Average,Fast (50-100 Mbps),32,High,Daily,98.0,100.0,100.0,95.0,95.0,7,0,100.0,4,7,9500.0
47,1,3,Female,Master Degree,Married,No,Urban,Product,Junior,Large (1001-5000),Technology,Poor,Slow (<25 Mbps),45,High,Daily,72.3,72.6,77.3,62.6,80.5,10,43,100.0,7,10,4544.759999999999
22,1,2,Male,Master Degree,Married,Yes,Urban,Operations,Junior,Medium (201-1000),Technology,Average,Fast (50-100 Mbps),43,Moderate,Few times per week,87.3,96.1,86.8,87.3,95.0,10,0,100.0,4,6,8389.529999999999
40,2,2,Female,Bachelor Degree,Married,Yes,Urban,Finance,Junior,Startup (1-50),Consulting,Excellent,Slow (<25 Mbps),26,Very High,Few times per week,80.1,71.8,85.1,88.9,95.0,9,24,100.0,3,7,6383.02
33,4,0,Male,Associate Degree,Married,Yes,Urban,Product,Mid-Level,Startup (1-50),Media,Good,Very Fast (100+ Mbps),43,High,Bi-weekly,73.0,75.7,67.8,60.8,95.0,11,61,100.0,7,6,4602.56
38,1,2,Female,Bachelor Degree,Married,No,Urban,Engineering,Junior,Small (51-200),Finance,Excellent,Fast (50-100 Mbps),45,High,Daily,95.2,90.6,91.9,85.2,95.0,3,68,100.0,5,5,7719.12
29,4,3,Male,PhD,Married,Yes,Suburban,Sales,Mid-Level,Large (1001-5000),Technology,Good,Very Fast (100+ Mbps),38,Moderate,Daily,94.7,99.4,96.1,93.0,95.0,8,25,100.0,6,4,9244.2
35,3,5,Female,Professional Degree,Married,Yes,Suburban,Sales,Mid-Level,Large (1001-5000),Technology,Poor,Very Fast (100+ Mbps),35,Low,Daily,75.6,69.1,68.9,58.3,95.0,4,0,84.4,5,6,4028.5299999999993
33,0,4,Female,Master Degree,Married,No,Urban,Product,Mid-Level,Medium (201-1000),Retail,Excellent,Fast (50-100 Mbps),43,Low,Weekly,74.4,69.9,68.4,67.1,79.7,2,31,78.4,5,10,4690.29
45,7,1,Male,Bachelor Degree,Divorced,Yes,Urban,Design,Senior,Medium (201-1000),Retail,Average,Very Fast (100+ Mbps),33,High,Daily,98.0,100.0,85.1,65.6,95.0,6,22,100.0,1,4,6559.999999999999
37,8,1,Male,Associate Degree,Married,No,Suburban,Engineering,Lead,Large (1001-5000),Government,Excellent,Very Fast (100+ Mbps),45,High,Weekly,98.0,97.9,96.6,82.1,95.0,12,33,100.0,2,6,8037.59
38,0,3,Female,Bachelor Degree,In Relationship,Yes,Urban,Engineering,Junior,Small (51-200),Technology,Excellent,Very Fast (100+ Mbps),48,High,Monthly,98.0,84.0,92.9,87.8,95.0,5,25,100.0,7,5,7375.2
31,3,1,Female,Master Degree,Married,No,Urban,Design,Mid-Level,Medium (201-1000),Manufacturing,Good,Very Fast (100+ Mbps),30,High,Daily,98.0,98.9,97.9,84.2,95.0,10,11,100.0,4,9,8327.380000000001
30,0,0,Female,Master Degree,Married,Yes,Urban,Sales,Junior,Medium (201-1000),Healthcare,Excellent,Very Fast (100+ Mbps),38,Moderate,Monthly,68.9,76.4,75.5,53.9,83.6,11,41,95.0,6,6,4117.96
31,0,4,Male,Master Degree,Married,No,Suburban,Engineering,Junior,Startup (1-50),Media,Poor,Moderate (25-50 Mbps),41,High,Daily,92.1,89.5,90.0,82.8,95.0,5,36,100.0,7,5,7410.599999999999
38,3,0,Male,Master Degree,Single,Yes,Urban,Engineering,Mid-Level,Startup (1-50),Education,Excellent,Very Fast (100+ Mbps),41,Moderate,Few times per week,98.0,96.8,96.2,70.2,95.0,9,47,90.4,7,6,6795.36
31,0,4,Male,Associate Degree,Single,No,Suburban,Engineering,Junior,Large (1001-5000),Finance,Excellent,Fast (50-100 Mbps),36,Low,Weekly,69.7,84.1,73.7,57.1,78.1,1,10,89.4,6,4,4802.11
37,5,1,Female,Associate Degree,Married,Yes,Suburban,Finance,Senior,Medium (201-1000),Education,Excellent,Fast (50-100 Mbps),33,High,Weekly,92.3,100.0,91.5,92.0,95.0,10,22,100.0,6,6,9200.0
53,4,5,Male,High School,Married,No,Rural,Sales,Senior,Small (51-200),Consulting,Good,Very Fast (100+ Mbps),39,Moderate,Weekly,66.0,78.2,65.0,68.5,87.4,9,0,91.6,6,8,5356.7
42,17,4,Male,Bachelor Degree,Married,Yes,Suburban,Marketing,Director,Medium (201-1000),Technology,Excellent,Moderate (25-50 Mbps),45,Very High,Few times per week,80.7,83.6,75.9,68.0,95.0,7,18,100.0,9,7,5684.799999999999
32,0,4,Female,Bachelor Degree,Married,No,Urban,Product,Mid-Level,Enterprise (5000+),Technology,Good,Moderate (25-50 Mbps),45,Very High,Bi-weekly,68.5,80.7,67.1,50.7,90.9,5,29,100.0,7,1,4091.4900000000002
45,10,1,Female,Master Degree,Married,No,Suburban,Engineering,Senior,Medium (201-1000),Finance,Good,Very Fast (100+ Mbps),45,Very High,Weekly,76.6,82.2,90.2,64.3,93.0,7,39,100.0,5,6,5285.46
31,4,5,Male,Master Degree,Married,No,Rural,Engineering,Mid-Level,Startup (1-50),Technology,Excellent,Slow (<25 Mbps),49,Very High,Daily,98.0,100.0,100.0,71.7,95.0,7,0,100.0,5,8,7170.0
22,0,4,Female,Bachelor Degree,Married,No,Suburban,Customer Success,Junior,Medium (201-1000),Finance,Excellent,Fast (50-100 Mbps),35,High,Bi-weekly,74.1,76.2,85.9,68.0,85.0,9,42,100.0,3,7,5181.6
25,1,4,Female,Bachelor Degree,Single,Yes,Urban,HR,Junior,Medium (201-1000),Non-profit,Average,Very Fast (100+ Mbps),39,Moderate,Monthly,64.2,63.7,67.0,52.1,88.7,11,27,94.3,10,6,3318.7700000000004
22,0,3,Male,Associate Degree,Married,Yes,Urban,Engineering,Junior,Startup (1-50),Education,Good,Fast (50-100 Mbps),40,Moderate,Few times per week,67.0,72.9,70.1,64.3,90.8,8,44,100.0,8,6,4687.47
31,1,4,Male,Master Degree,Married,No,Rural,Sales,Mid-Level,Small (51-200),Retail,Good,Fast (50-100 Mbps),25,Very High,Weekly,51.5,53.2,61.9,39.8,67.7,11,44,81.8,2,7,2117.36
35,1,0,Male,Bachelor Degree,Married,Yes,Urban,Sales,Junior,Medium (201-1000),Retail,Average,Fast (50-100 Mbps),43,Low,Weekly,86.9,81.6,90.3,70.3,95.0,7,23,100.0,8,3,5736.48
50,6,3,Female,Bachelor Degree,Single,Yes,Urban,Operations,Lead,Medium (201-1000),Consulting,Average,Fast (50-100 Mbps),41,Moderate,Weekly,71.9,81.6,74.7,76.8,93.3,11,26,98.3,3,8,6266.879999999999
37,5,4,Female,Master Degree,Single,Yes,Suburban,Engineering,Mid-Level,Small (51-200),Government,Average,Very Fast (100+ Mbps),35,Moderate,Daily,85.4,88.1,85.3,68.0,95.0,7,22,100.0,4,8,5990.799999999999
33,1,2,Male,Bachelor Degree,Married,Yes,Suburban,Marketing,Junior,Large (1001-5000),Education,Average,Slow (<25 Mbps),47,High,Few times per week,96.4,91.3,99.3,87.7,95.0,9,45,100.0,7,7,8007.01
42,16,1,Male,Bachelor Degree,Married,No,Urban,Engineering,Manager,Enterprise (5000+),Healthcare,Excellent,Moderate (25-50 Mbps),46,Very High,Monthly,96.8,96.0,100.0,83.2,95.0,10,45,100.0,7,10,7987.200000000001
22,1,3,Female,Master Degree,Single,No,Suburban,Customer Success,Mid-Level,Enterprise (5000+),Finance,Excellent,Fast (50-100 Mbps),44,Moderate,Daily,75.9,82.4,71.4,68.2,92.3,10,32,100.0,6,7,5619.68
41,6,1,Female,Master Degree,Single,Yes,Suburban,Marketing,Senior,Medium (201-1000),Finance,Average,Fast (50-100 Mbps),36,High,Few times per week,95.6,92.0,82.3,93.2,95.0,10,37,100.0,6,6,8574.4
45,5,1,Female,Bachelor Degree,Single,No,Suburban,Engineering,Mid-Level,Large (1001-5000),Retail,Good,Moderate (25-50 Mbps),38,Very High,Daily,91.2,83.7,93.6,85.1,95.0,2,26,100.0,1,4,7122.87
38,1,4,Female,Master Degree,Married,No,Rural,Finance,Junior,Large (1001-5000),Education,Average,Moderate (25-50 Mbps),40,Moderate,Weekly,94.6,100.0,94.2,70.3,95.0,10,17,87.0,8,7,7030.0
31,2,0,Male,Bachelor Degree,Married,No,Suburban,HR,Mid-Level,Small (51-200),Technology,Good,Moderate (25-50 Mbps),35,Very High,Daily,86.2,92.7,86.1,83.6,95.0,7,20,100.0,5,6,7749.719999999999
40,6,4,Male,Master Degree,Married,No,Rural,Finance,Mid-Level,Startup (1-50),Government,Good,Very Fast (100+ Mbps),43,Moderate,Few times per week,90.0,86.9,87.6,84.1,95.0,6,34,100.0,7,4,7308.29
55,23,2,Male,Master Degree,Married,Yes,Urban,HR,Manager,Enterprise (5000+),Finance,Good,Moderate (25-50 Mbps),51,Moderate,Few times per week,98.0,80.0,100.0,90.4,95.0,5,43,100.0,7,6,7232.0
36,3,4,Female,Master Degree,Married,Yes,Urban,Engineering,Mid-Level,Enterprise (5000+),Healthcare,Excellent,Very Fast (100+ Mbps),43,High,Few times per week,98.0,99.6,100.0,95.0,95.0,12,26,100.0,2,8,9462.0
37,1,5,Female,Bachelor Degree,Married,Yes,Urban,Finance,Mid-Level,Medium (201-1000),Retail,Good,Very Fast (100+ Mbps),47,Very High,Daily,98.0,95.1,100.0,94.2,95.0,3,0,100.0,8,6,8958.42
30,5,1,Female,Bachelor Degree,Single,No,Suburban,Engineering,Mid-Level,Enterprise (5000+),Education,Excellent,Very Fast (100+ Mbps),47,Low,Weekly,79.8,83.8,60.0,88.3,95.0,8,24,95.3,5,5,7399.54
27,2,2,Male,Bachelor Degree,Married,No,Suburban,Engineering,Junior,Large (1001-5000),Finance,Average,Moderate (25-50 Mbps),39,Moderate,Weekly,54.8,48.3,57.3,64.3,80.4,5,40,100.0,8,7,3105.6899999999996
42,13,4,Male,Master Degree,Single,No,Urban,HR,Lead,Medium (201-1000),Manufacturing,Average,Moderate (25-50 Mbps),40,Moderate,Daily,98.0,96.2,100.0,82.2,95.0,5,33,99.7,6,8,7907.64
27,1,2,Male,Bachelor Degree,Married,No,Urban,Product,Junior,Medium (201-1000),Technology,Good,Very Fast (100+ Mbps),50,Moderate,Few times per week,71.2,74.4,82.9,68.5,83.7,4,14,95.3,6,6,5096.400000000001
35,2,2,Male,Bachelor Degree,Married,No,Urban,Finance,Junior,Medium (201-1000),Healthcare,Average,Very Fast (100+ Mbps),46,Low,Few times per week,79.1,72.2,79.6,64.8,95.0,7,47,95.0,3,3,4678.56
30,6,4,Female,Associate Degree,Divorced,No,Suburban,Customer Success,Lead,Medium (201-1000),Technology,Good,Slow (<25 Mbps),47,Very High,Daily,84.5,94.3,85.3,80.4,95.0,5,6,100.0,5,9,7581.72
39,5,5,Female,Bachelor Degree,Married,No,Urban,Data Science,Senior,Enterprise (5000+),Education,Excellent,Fast (50-100 Mbps),42,Low,Bi-weekly,96.2,88.0,90.3,77.3,95.0,5,0,100.0,9,7,6802.4
38,14,3,Male,Associate Degree,Married,Yes,Urban,Engineering,Lead,Medium (201-1000),Technology,Excellent,Fast (50-100 Mbps),39,High,Few times per week,98.0,100.0,93.4,79.6,95.0,9,53,100.0,9,10,7959.999999999999
44,1,2,Male,Bachelor Degree,Married,Yes,Suburban,Data Science,Junior,Large (1001-5000),Manufacturing,Good,Fast (50-100 Mbps),40,Very High,Daily,84.2,83.6,87.2,71.2,95.0,9,32,100.0,10,7,5952.32
30,4,3,Female,Master Degree,Single,Yes,Urban,Operations,Senior,Large (1001-5000),Technology,Average,Fast (50-100 Mbps),50,Moderate,Daily,86.5,82.1,89.6,55.4,95.0,4,44,67.1,6,4,4548.339999999999
32,1,1,Male,High School,Single,Yes,Suburban,Customer Success,Junior,Startup (1-50),Media,Poor,Slow (<25 Mbps),41,Very Low,Few times per week,59.1,49.0,68.9,62.4,78.0,10,33,95.6,8,6,3057.6
26,2,4,Female,Associate Degree,Married,No,Suburban,Finance,Junior,Startup (1-50),Consulting,Good,Very Fast (100+ Mbps),49,Very High,Daily,70.4,88.3,75.5,62.1,78.2,8,44,91.1,6,2,5483.43
31,5,4,Male,Master Degree,Married,Yes,Suburban,Operations,Mid-Level,Large (1001-5000),Finance,Good,Very Fast (100+ Mbps),50,High,Daily,56.3,53.4,56.5,49.5,72.1,7,48,100.0,9,6,2643.2999999999997
38,1,5,Male,Master Degree,Single,No,Urban,Finance,Junior,Small (51-200),Finance,Good,Very Fast (100+ Mbps),47,Moderate,Daily,98.0,94.3,100.0,92.2,95.0,8,0,100.0,10,8,8694.46
41,7,0,Male,Bachelor Degree,Married,Yes,Rural,Sales,Senior,Large (1001-5000),Retail,Good,Very Fast (100+ Mbps),46,High,Few times per week,98.0,91.4,100.0,75.5,95.0,11,44,100.0,8,7,6900.700000000001
26,0,3,Male,Associate Degree,Married,Yes,Suburban,Design,Mid-Level,Startup (1-50),Technology,Good,Fast (50-100 Mbps),52,Very Low,Daily,77.3,74.7,83.9,59.4,90.2,8,11,82.5,6,6,4437.18
42,5,2,Female,Master Degree,Married,No,Urban,Engineering,Senior,Medium (201-1000),Technology,Average,Moderate (25-50 Mbps),36,Moderate,Bi-weekly,97.2,100.0,97.7,71.8,95.0,11,18,100.0,10,8,7180.0
47,6,2,Male,Bachelor Degree,Married,No,Urban,Sales,Mid-Level,Startup (1-50),Technology,Average,Fast (50-100 Mbps),39,Moderate,Few times per week,98.0,96.3,100.0,92.5,95.0,5,41,100.0,10,4,8907.75
38,13,4,Male,High School,Married,Yes,Urban,Engineering,Manager,Small (51-200),Healthcare,Good,Slow (<25 Mbps),34,High,Weekly,97.3,98.4,100.0,94.8,95.0,11,26,100.0,6,7,9328.32
51,23,1,Male,Bachelor Degree,Single,No,Suburban,Engineering,Manager,Startup (1-50),Technology,Good,Moderate (25-50 Mbps),33,High,Weekly,93.0,99.1,92.6,75.7,95.0,12,53,100.0,5,7,7501.87
28,4,4,Male,Associate Degree,Single,Yes,Suburban,Engineering,Mid-Level,Enterprise (5000+),Technology,Poor,Fast (50-100 Mbps),41,Moderate,Few times per week,80.1,85.8,90.7,66.2,92.2,8,23,83.5,4,9,5679.96
23,0,4,Male,Bachelor Degree,Married,No,Urban,Engineering,Junior,Medium (201-1000),Education,Average,Fast (50-100 Mbps),43,High,Weekly,90.7,84.0,79.0,90.4,95.0,6,31,100.0,7,4,7593.6
22,1,5,Female,Master Degree,Married,No,Urban,Marketing,Junior,Enterprise (5000+),Technology,Good,Fast (50-100 Mbps),45,Moderate,Few times per week,89.2,89.0,91.2,76.4,95.0,15,0,100.0,2,7,6799.6
48,2,4,Female,Master Degree,Married,Yes,Suburban,Marketing,Mid-Level,Enterprise (5000+),Technology,Good,Very Fast (100+ Mbps),37,High,Few times per week,65.9,74.4,63.5,48.7,85.9,8,25,100.0,7,2,3623.2800000000007
40,10,4,Female,Bachelor Degree,Single,No,Suburban,Engineering,Lead,Enterprise (5000+),Media,Average,Fast (50-100 Mbps),39,High,Few times per week,98.0,97.7,100.0,95.0,95.0,9,31,100.0,2,7,9281.5
34,0,3,Male,Bachelor Degree,Married,No,Suburban,Engineering,Mid-Level,Medium (201-1000),Education,Good,Fast (50-100 Mbps),47,Low,Weekly,80.9,83.3,76.9,81.0,95.0,13,30,100.0,4,7,6747.3
37,2,1,Male,Master Degree,Single,No,Suburban,Design,Junior,Large (1001-5000),Finance,Good,Fast (50-100 Mbps),33,Moderate,Few times per week,65.4,88.1,62.8,49.4,81.8,9,51,66.6,6,8,4352.139999999999
24,0,3,Male,Bachelor Degree,Married,No,Suburban,Engineering,Junior,Small (51-200),Technology,Good,Fast (50-100 Mbps),42,Very High,Few times per week,98.0,100.0,87.4,78.5,95.0,6,30,100.0,3,5,7850.0
57,5,3,Male,Bachelor Degree,Married,Yes,Suburban,Sales,Mid-Level,Startup (1-50),Education,Average,Very Fast (100+ Mbps),49,Low,Daily,96.2,75.3,92.4,71.1,95.0,10,46,100.0,2,7,5353.829999999999
36,6,4,Female,Master Degree,Married,No,Urban,Engineering,Lead,Large (1001-5000),Technology,Good,Fast (50-100 Mbps),40,Moderate,Few times per week,98.0,100.0,89.9,95.0,95.0,7,54,89.0,6,3,9500.0
35,1,4,Female,Master Degree,In Relationship,No,Urban,Engineering,Junior,Startup (1-50),Government,Good,Very Fast (100+ Mbps),39,Moderate,Daily,98.0,95.4,100.0,80.4,95.0,10,41,100.0,8,5,7670.160000000001
41,9,3,Female,Bachelor Degree,Married,No,Suburban,Finance,Mid-Level,Enterprise (5000+),Retail,Average,Very Fast (100+ Mbps),49,High,Monthly,89.4,81.6,92.3,76.3,95.0,4,24,100.0,5,8,6226.079999999999
39,9,2,Male,Master Degree,Married,Yes,Urban,Sales,Senior,Large (1001-5000),Non-profit,Average,Fast (50-100 Mbps),33,High,Few times per week,98.0,96.1,100.0,95.0,95.0,8,52,100.0,4,9,9129.5
37,4,1,Male,Bachelor Degree,Married,No,Urban,Marketing,Mid-Level,Medium (201-1000),Consulting,Average,Very Fast (100+ Mbps),37,Moderate,Daily,76.2,73.8,79.6,67.1,95.0,7,50,89.3,5,1,4951.98
27,3,4,Female,Bachelor Degree,Single,No,Suburban,Engineering,Senior,Startup (1-50),Healthcare,Excellent,Moderate (25-50 Mbps),37,High,Daily,98.0,89.8,97.0,76.4,95.0,8,15,100.0,7,4,6860.72
39,9,4,Male,High School,Divorced,No,Suburban,Finance,Lead,Large (1001-5000),Education,Good,Very Fast (100+ Mbps),46,Very High,Daily,98.0,89.9,100.0,80.9,95.0,8,54,100.0,2,5,7272.910000000001
51,5,4,Female,Master Degree,Married,Yes,Rural,HR,Senior,Medium (201-1000),Consulting,Good,Fast (50-100 Mbps),32,High,Daily,98.0,100.0,90.9,80.1,95.0,12,43,100.0,2,6,8009.999999999999
47,10,2,Female,Master Degree,Single,Yes,Suburban,Engineering,Lead,Large (1001-5000),Education,Excellent,Fast (50-100 Mbps),49,Very High,Bi-weekly,98.0,100.0,99.6,95.0,95.0,10,32,100.0,6,4,9500.0
49,6,2,Female,Master Degree,Married,Yes,Rural,Engineering,Senior,Medium (201-1000),Technology,Average,Very Fast (100+ Mbps),41,Moderate,Bi-weekly,89.9,85.1,95.1,74.7,95.0,7,36,99.6,7,10,6356.97
30,4,4,Female,Bachelor Degree,Single,No,Urban,Engineering,Mid-Level,Startup (1-50),Healthcare,Average,Very Fast (100+ Mbps),48,Very High,Monthly,66.0,75.7,69.9,40.3,70.5,7,7,100.0,6,6,3050.71
26,2,4,Male,Associate Degree,In Relationship,No,Suburban,Finance,Junior,Small (51-200),Technology,Good,Fast (50-100 Mbps),49,High,Weekly,86.2,87.9,82.1,69.6,95.0,12,25,100.0,6,4,6117.84
33,4,3,Male,Bachelor Degree,Divorced,No,Urban,Engineering,Senior,Small (51-200),Retail,Excellent,Very Fast (100+ Mbps),37,Low,Few times per week,98.0,100.0,98.8,94.3,95.0,13,32,100.0,4,8,9430.0
35,1,4,Male,Bachelor Degree,Married,No,Urban,Marketing,Junior,Startup (1-50),Retail,Excellent,Very Fast (100+ Mbps),42,Moderate,Bi-weekly,88.3,100.0,80.3,85.5,94.5,5,22,93.1,6,7,8550.0
44,4,2,Female,Bachelor Degree,Single,No,Urban,Engineering,Mid-Level,Startup (1-50),Non-profit,Good,Fast (50-100 Mbps),40,High,Bi-weekly,77.7,79.3,89.8,67.7,95.0,8,12,100.0,5,9,5368.61
22,0,4,Male,PhD,Single,Yes,Suburban,Engineering,Junior,Small (51-200),Education,Excellent,Very Fast (100+ Mbps),41,Moderate,Bi-weekly,81.9,98.1,91.7,68.6,95.0,4,34,100.0,3,9,6729.659999999999
48,4,4,Female,Master Degree,Single,Yes,Urban,Engineering,Mid-Level,Large (1001-5000),Manufacturing,Good,Fast (50-100 Mbps),38,High,Bi-weekly,98.0,100.0,100.0,89.2,95.0,8,21,100.0,3,8,8920.0
33,3,4,Female,Bachelor Degree,Single,No,Suburban,Sales,Mid-Level,Medium (201-1000),Technology,Good,Moderate (25-50 Mbps),48,Very High,Weekly,62.5,68.5,71.0,50.9,83.7,4,13,100.0,6,7,3486.65
31,4,3,Female,High School,Married,No,Urban,Engineering,Mid-Level,Small (51-200),Finance,Average,Very Fast (100+ Mbps),40,Moderate,Daily,95.0,100.0,100.0,72.0,95.0,5,30,100.0,9,5,7200.0
25,0,3,Male,High School,In Relationship,No,Urban,Sales,Mid-Level,Medium (201-1000),Media,Excellent,Very Fast (100+ Mbps),39,Moderate,Few times per week,79.8,76.6,75.0,69.0,95.0,3,8,100.0,3,6,5285.4
22,0,4,Male,Master Degree,Married,No,Suburban,Operations,Junior,Medium (201-1000),Manufacturing,Good,Very Fast (100+ Mbps),48,Low,Few times per week,65.5,46.4,75.2,49.1,95.0,6,26,75.1,6,6,2278.24
42,2,4,Female,Master Degree,Married,No,Rural,Sales,Junior,Medium (201-1000),Education,Average,Fast (50-100 Mbps),47,Moderate,Few times per week,56.1,61.7,65.9,51.1,72.6,15,43,63.1,4,10,3152.8700000000003
35,7,3,Female,Master Degree,Married,Yes,Urban,Finance,Lead,Medium (201-1000),Technology,Good,Very Fast (100+ Mbps),43,Low,Weekly,98.0,100.0,96.3,67.6,95.0,8,38,100.0,5,5,6759.999999999999
23,0,4,Female,Bachelor Degree,Divorced,No,Suburban,HR,Junior,Small (51-200),Retail,Excellent,Very Fast (100+ Mbps),39,Very Low,Weekly,68.1,81.5,73.7,54.7,77.0,9,32,73.3,4,6,4458.05
23,0,1,Male,High School,Single,No,Rural,Finance,Junior,Startup (1-50),Media,Excellent,Very Fast (100+ Mbps),50,Moderate,Few times per week,92.0,77.7,86.1,83.7,95.0,10,36,94.8,6,7,6503.490000000001
31,5,5,Female,PhD,Married,No,Suburban,Design,Mid-Level,Medium (201-1000),Technology,Average,Very Fast (100+ Mbps),35,Low,Daily,98.0,100.0,100.0,95.0,95.0,11,0,91.4,2,6,9500.0
50,9,4,Female,Professional Degree,Married,Yes,Suburban,Engineering,Senior,Small (51-200),Retail,Average,Fast (50-100 Mbps),48,Moderate,Few times per week,98.0,100.0,100.0,76.4,95.0,7,0,100.0,7,4,7640.000000000001
32,4,2,Male,Bachelor Degree,Divorced,No,Urban,Engineering,Mid-Level,Medium (201-1000),Finance,Average,Very Fast (100+ Mbps),45,Very High,Daily,98.0,100.0,90.7,81.0,95.0,11,28,100.0,6,9,8100.0
22,1,3,Female,Associate Degree,In Relationship,Yes,Suburban,Operations,Junior,Large (1001-5000),Technology,Excellent,Very Fast (100+ Mbps),34,High,Daily,98.0,100.0,100.0,92.0,95.0,9,25,100.0,5,8,9200.0
32,5,0,Female,Bachelor Degree,Married,Yes,Urban,Operations,Senior,Medium (201-1000),Manufacturing,Average,Very Fast (100+ Mbps),42,Very High,Few times per week,98.0,100.0,100.0,79.2,95.0,5,50,100.0,4,5,7920.0
32,2,0,Male,Master Degree,Single,No,Suburban,Marketing,Junior,Large (1001-5000),Technology,Average,Very Fast (100+ Mbps),34,Low,Daily,61.8,59.0,69.7,45.1,76.8,4,17,100.0,6,6,2660.9
22,0,2,Male,Master Degree,Married,Yes,Suburban,Engineering,Junior,Large (1001-5000),Technology,Excellent,Very Fast (100+ Mbps),39,Moderate,Daily,66.0,71.0,72.9,60.9,79.8,11,45,82.8,9,8,4323.9
34,2,4,Female,Master Degree,Single,No,Suburban,Operations,Junior,Small (51-200),Manufacturing,Poor,Very Fast (100+ Mbps),43,Moderate,Few times per week,63.2,59.5,65.6,63.8,87.7,3,34,99.9,7,10,3796.1
32,5,5,Male,Associate Degree,Married,Yes,Urban,Design,Senior,Enterprise (5000+),Retail,Good,Very Fast (100+ Mbps),35,High,Weekly,95.8,100.0,100.0,91.1,95.0,9,0,100.0,5,4,9110.0
41,6,3,Female,Associate Degree,Married,No,Rural,Sales,Lead,Startup (1-50),Technology,Average,Fast (50-100 Mbps),27,High,Daily,79.9,64.5,73.0,63.0,95.0,12,26,100.0,7,7,4063.5
51,24,3,Female,Associate Degree,Married,No,Suburban,Data Science,Manager,Enterprise (5000+),Government,Average,Very Fast (100+ Mbps),41,Very High,Weekly,98.0,86.2,95.6,71.1,95.0,15,38,100.0,6,8,6128.82
45,15,3,Female,Master Degree,In Relationship,Yes,Rural,Sales,Lead,Small (51-200),Technology,Good,Fast (50-100 Mbps),43,Low,Few times per week,60.2,67.8,67.2,59.6,80.8,8,6,95.6,2,2,4040.88
32,0,1,Female,Bachelor Degree,Married,No,Suburban,Engineering,Junior,Small (51-200),Non-profit,Good,Very Fast (100+ Mbps),39,Low,Daily,58.2,61.1,69.0,45.0,82.6,5,16,68.1,6,8,2749.5
25,1,1,Male,Master Degree,Married,No,Urban,Sales,Junior,Medium (201-1000),Retail,Good,Fast (50-100 Mbps),41,Moderate,Few times per week,62.9,48.2,69.8,56.9,71.0,9,37,91.6,4,8,2742.58
58,4,4,Male,Associate Degree,Single,No,Suburban,Marketing,Mid-Level,Enterprise (5000+),Finance,Average,Very Fast (100+ Mbps),40,Very High,Monthly,98.0,100.0,97.6,94.0,95.0,4,14,100.0,5,9,9400.0
35,4,5,Female,PhD,Divorced,No,Suburban,Operations,Mid-Level,Small (51-200),Technology,Good,Moderate (25-50 Mbps),35,Very High,Few times per week,97.0,98.5,100.0,61.2,95.0,4,0,100.0,6,3,6028.200000000001
35,2,3,Male,Master Degree,Single,No,Urban,Marketing,Junior,Large (1001-5000),Finance,Average,Fast (50-100 Mbps),53,High,Weekly,87.0,88.1,85.4,74.2,95.0,7,23,100.0,7,4,6537.0199999999995
34,4,4,Female,Bachelor Degree,Single,Yes,Suburban,Marketing,Mid-Level,Large (1001-5000),Technology,Excellent,Very Fast (100+ Mbps),43,High,Weekly,78.2,78.1,80.3,70.4,95.0,5,42,100.0,6,6,5498.24
36,11,5,Female,Master Degree,Single,Yes,Suburban,Engineering,Senior,Small (51-200),Education,Average,Very Fast (100+ Mbps),39,Moderate,Weekly,63.4,66.4,67.7,50.7,77.2,5,0,91.8,5,9,3366.4800000000005
33,5,1,Male,Bachelor Degree,Married,Yes,Suburban,Engineering,Junior,Medium (201-1000),Finance,Good,Fast (50-100 Mbps),37,High,Daily,66.7,55.8,71.1,61.3,95.0,8,0,100.0,7,9,3420.5399999999995
29,1,4,Male,Bachelor Degree,Single,No,Urban,Sales,Junior,Medium (201-1000),Technology,Excellent,Moderate (25-50 Mbps),39,Moderate,Weekly,41.2,40.3,50.0,47.5,70.6,13,60,66.0,4,7,1914.2499999999998
30,1,4,Female,Bachelor Degree,In Relationship,No,Suburban,Data Science,Junior,Small (51-200),Manufacturing,Average,Very Fast (100+ Mbps),39,Moderate,Bi-weekly,55.2,51.0,59.5,42.4,68.5,9,34,80.3,8,6,2162.4
34,7,3,Female,Master Degree,In Relationship,No,Urban,Sales,Mid-Level,Large (1001-5000),Technology,Excellent,Fast (50-100 Mbps),42,High,Weekly,98.0,92.5,98.2,95.0,95.0,10,26,100.0,4,5,8787.5
30,3,2,Male,Master Degree,In Relationship,No,Suburban,Product,Senior,Enterprise (5000+),Education,Excellent,Very Fast (100+ Mbps),48,High,Weekly,98.0,89.8,95.7,91.7,95.0,8,27,100.0,6,6,8234.66
28,4,4,Female,Bachelor Degree,Single,No,Urban,Sales,Mid-Level,Large (1001-5000),Technology,Excellent,Very Fast (100+ Mbps),37,Low,Few times per week,63.2,55.9,65.3,38.8,79.8,12,31,92.2,4,5,2168.9199999999996
35,6,4,Female,Master Degree,In Relationship,Yes,Urban,Engineering,Mid-Level,Enterprise (5000+),Retail,Good,Very Fast (100+ Mbps),43,High,Daily,87.2,71.1,100.0,83.1,95.0,4,18,100.0,5,8,5908.409999999999
48,13,3,Male,Master Degree,In Relationship,No,Urban,Engineering,Lead,Startup (1-50),Manufacturing,Average,Very Fast (100+ Mbps),37,High,Few times per week,98.0,100.0,100.0,81.2,95.0,7,25,100.0,5,7,8120.0
22,1,1,Male,Bachelor Degree,Married,Yes,Urban,Data Science,Junior,Large (1001-5000),Technology,Average,Very Fast (100+ Mbps),37,Moderate,Bi-weekly,83.0,81.3,82.2,66.3,95.0,9,26,89.5,9,7,5390.19
44,8,5,Female,Bachelor Degree,Married,No,Rural,Finance,Mid-Level,Large (1001-5000),Technology,Good,Fast (50-100 Mbps),32,High,Monthly,98.0,93.9,93.9,88.7,95.0,4,0,100.0,4,7,8328.93
46,11,3,Female,Master Degree,Single,Yes,Suburban,Design,Lead,Startup (1-50),Technology,Good,Fast (50-100 Mbps),52,Moderate,Weekly,98.0,96.5,92.0,90.8,95.0,8,28,100.0,4,8,8762.199999999999
22,1,4,Male,High School,Divorced,Yes,Suburban,Customer Success,Junior,Small (51-200),Technology,Excellent,Very Fast (100+ Mbps),45,Moderate,Monthly,57.8,57.1,62.6,53.3,73.7,6,16,100.0,6,8,3043.43
31,1,2,Female,Bachelor Degree,Single,No,Rural,Operations,Junior,Large (1001-5000),Technology,Average,Moderate (25-50 Mbps),38,Very High,Daily,87.4,100.0,86.6,72.9,95.0,6,42,100.0,9,5,7290.000000000001
31,3,1,Female,Master Degree,Married,Yes,Rural,Finance,Senior,Startup (1-50),Healthcare,Good,Very Fast (100+ Mbps),38,Very High,Bi-weekly,73.3,78.9,74.3,85.5,95.0,11,48,100.0,6,5,6745.950000000001
22,0,0,Male,Bachelor Degree,In Relationship,No,Rural,Operations,Mid-Level,Small (51-200),Education,Excellent,Very Fast (100+ Mbps),35,Low,Daily,57.7,63.3,67.9,47.3,90.3,11,74,68.0,9,3,2994.0899999999997
27,0,2,Female,PhD,Married,Yes,Urban,Finance,Junior,Large (1001-5000),Consulting,Excellent,Fast (50-100 Mbps),42,Very High,Daily,65.3,83.6,69.5,59.1,76.4,4,37,100.0,4,3,4940.76
25,1,2,Female,High School,Single,No,Suburban,Engineering,Junior,Enterprise (5000+),Finance,Good,Fast (50-100 Mbps),39,Moderate,Few times per week,98.0,96.4,83.1,77.9,95.0,8,80,100.0,1,8,7509.560000000001
50,10,3,Male,PhD,In Relationship,No,Suburban,Sales,Lead,Large (1001-5000),Healthcare,Average,Moderate (25-50 Mbps),36,Moderate,Few times per week,98.0,96.2,100.0,91.6,95.0,4,33,100.0,5,5,8811.92
43,7,0,Male,Bachelor Degree,In Relationship,No,Suburban,Operations,Senior,Large (1001-5000),Non-profit,Excellent,Very Fast (100+ Mbps),37,High,Bi-weekly,98.0,100.0,90.2,73.0,95.0,6,39,100.0,6,8,7300.0
46,3,3,Female,High School,Single,No,Suburban,Engineering,Senior,Small (51-200),Healthcare,Good,Very Fast (100+ Mbps),46,High,Few times per week,86.5,91.9,87.8,78.6,95.0,5,12,100.0,6,10,7223.34
41,10,3,Male,Bachelor Degree,Divorced,Yes,Urban,Marketing,Mid-Level,Large (1001-5000),Education,Excellent,Fast (50-100 Mbps),39,Very High,Bi-weekly,83.2,97.4,88.8,79.1,95.0,8,21,100.0,4,5,7704.34
24,1,3,Male,Master Degree,Married,Yes,Rural,Customer Success,Junior,Startup (1-50),Non-profit,Poor,Very Fast (100+ Mbps),34,Moderate,Daily,90.1,73.7,95.7,71.8,95.0,9,41,100.0,7,6,5291.66
30,1,4,Female,Master Degree,Married,Yes,Suburban,Marketing,Junior,Enterprise (5000+),Non-profit,Average,Very Fast (100+ Mbps),42,Moderate,Weekly,96.9,96.5,93.2,95.0,95.0,6,8,100.0,8,7,9167.5
39,5,4,Female,Bachelor Degree,Single,No,Urban,Operations,Mid-Level,Medium (201-1000),Finance,Excellent,Fast (50-100 Mbps),37,Low,Weekly,96.3,93.4,89.7,75.5,95.0,3,13,100.0,7,9,7051.700000000001
24,0,5,Female,Bachelor Degree,Single,No,Urban,Engineering,Junior,Medium (201-1000),Education,Excellent,Very Fast (100+ Mbps),45,Moderate,Weekly,73.7,60.7,82.9,60.6,85.9,8,0,95.7,7,4,3678.42
41,11,1,Female,Master Degree,Single,Yes,Suburban,Customer Success,Lead,Large (1001-5000),Healthcare,Average,Very Fast (100+ Mbps),51,Moderate,Few times per week,98.0,100.0,100.0,84.0,95.0,6,34,100.0,5,8,8400.0
32,0,3,Male,Bachelor Degree,Single,No,Urban,Sales,Junior,Startup (1-50),Retail,Excellent,Very Fast (100+ Mbps),30,Very High,Weekly,98.0,98.4,100.0,80.6,95.0,7,23,100.0,6,10,7931.04
31,2,3,Male,Master Degree,In Relationship,Yes,Urban,Design,Junior,Enterprise (5000+),Government,Poor,Very Fast (100+ Mbps),37,Moderate,Few times per week,75.2,67.1,75.1,77.9,90.6,7,41,100.0,2,7,5227.09
41,11,3,Male,High School,Married,Yes,Rural,Data Science,Senior,Small (51-200),Finance,Good,Very Fast (100+ Mbps),42,High,Weekly,98.0,100.0,100.0,60.4,95.0,6,43,100.0,5,4,6040.0
38,5,4,Male,Master Degree,Divorced,No,Urban,Product,Mid-Level,Small (51-200),Consulting,Excellent,Fast (50-100 Mbps),41,High,Few times per week,88.6,80.3,86.0,95.0,95.0,4,7,100.0,8,6,7628.5
31,4,3,Female,Master Degree,Married,Yes,Suburban,Engineering,Junior,Startup (1-50),Education,Average,Very Fast (100+ Mbps),49,Moderate,Daily,95.9,100.0,100.0,81.0,95.0,11,37,100.0,7,10,8100.0
45,6,3,Female,Professional Degree,Single,No,Suburban,Sales,Mid-Level,Large (1001-5000),Technology,Good,Moderate (25-50 Mbps),41,Moderate,Daily,65.8,77.7,73.5,48.5,84.3,16,17,88.8,9,4,3768.4500000000003
25,0,3,Female,Master Degree,In Relationship,No,Suburban,Design,Junior,Large (1001-5000),Manufacturing,Poor,Very Fast (100+ Mbps),43,High,Few times per week,77.6,68.8,88.2,73.8,92.8,2,29,100.0,9,6,5077.44
40,15,5,Male,Bachelor Degree,Divorced,No,Urban,Customer Success,Lead,Startup (1-50),Finance,Average,Moderate (25-50 Mbps),44,Moderate,Bi-weekly,78.3,65.8,91.6,73.2,90.4,4,0,91.5,9,4,4816.56
40,3,5,Male,Associate Degree,Married,No,Suburban,Product,Senior,Startup (1-50),Technology,Good,Very Fast (100+ Mbps),37,High,Few times per week,72.7,66.3,76.9,56.4,95.0,10,0,100.0,4,9,3739.3199999999997
32,0,2,Female,Master Degree,Single,No,Urban,Operations,Junior,Enterprise (5000+),Non-profit,Average,Very Fast (100+ Mbps),45,Low,Weekly,75.5,68.8,79.2,53.3,95.0,6,33,71.5,3,7,3667.0399999999995
37,1,1,Male,Bachelor Degree,Married,No,Urban,Marketing,Junior,Startup (1-50),Finance,Average,Very Fast (100+ Mbps),44,Very High,Few times per week,98.0,100.0,95.6,81.8,95.0,7,50,100.0,8,9,8180.0
23,0,4,Male,Master Degree,Married,Yes,Suburban,Engineering,Mid-Level,Medium (201-1000),Healthcare,Good,Very Fast (100+ Mbps),42,Very High,Monthly,98.0,92.2,97.5,81.8,95.0,5,0,100.0,5,9,7541.96
43,4,5,Female,Master Degree,Divorced,No,Rural,Customer Success,Mid-Level,Medium (201-1000),Manufacturing,Good,Fast (50-100 Mbps),30,Moderate,Few times per week,75.6,75.0,77.4,73.6,94.9,7,0,71.1,5,6,5520.0
33,1,2,Male,Bachelor Degree,Single,Yes,Suburban,HR,Junior,Large (1001-5000),Government,Excellent,Very Fast (100+ Mbps),37,Moderate,Daily,72.6,68.5,71.7,62.7,86.5,8,28,100.0,6,9,4294.95
30,0,2,Male,Bachelor Degree,Single,Yes,Urban,Engineering,Junior,Medium (201-1000),Consulting,Good,Fast (50-100 Mbps),43,Moderate,Weekly,78.2,62.8,70.3,63.4,95.0,6,65,100.0,6,1,3981.5199999999995
44,8,5,Female,Bachelor Degree,Married,No,Urban,Engineering,Senior,Medium (201-1000),Healthcare,Average,Very Fast (100+ Mbps),41,Moderate,Weekly,98.0,100.0,100.0,80.0,95.0,4,0,100.0,4,4,8000.0
28,2,4,Male,Bachelor Degree,Married,No,Urban,Operations,Mid-Level,Enterprise (5000+),Healthcare,Good,Fast (50-100 Mbps),46,Low,Few times per week,68.5,75.3,64.5,59.8,73.0,12,23,92.2,8,8,4502.94
22,0,2,Female,High School,Single,Yes,Suburban,Finance,Mid-Level,Small (51-200),Technology,Good,Fast (50-100 Mbps),46,Moderate,Daily,81.0,74.3,79.5,61.5,95.0,9,0,78.0,8,7,4569.45
22,0,3,Male,Bachelor Degree,Married,Yes,Urban,Engineering,Junior,Small (51-200),Healthcare,Average,Very Fast (100+ Mbps),44,Moderate,Daily,72.7,72.3,74.2,73.4,79.5,7,14,74.9,7,10,5306.820000000001
40,9,5,Male,Bachelor Degree,Married,Yes,Suburban,Engineering,Senior,Startup (1-50),Government,Excellent,Moderate (25-50 Mbps),46,Moderate,Few times per week,98.0,93.4,100.0,72.7,95.0,10,0,100.0,2,8,6790.18
23,0,4,Male,Bachelor Degree,Married,Yes,Urban,Engineering,Mid-Level,Enterprise (5000+),Retail,Good,Fast (50-100 Mbps),45,Low,Weekly,93.1,100.0,96.7,76.8,95.0,7,40,80.8,3,7,7680.0
50,0,4,Female,Associate Degree,Married,No,Urban,Engineering,Mid-Level,Large (1001-5000),Technology,Average,Slow (<25 Mbps),38,High,Few times per week,98.0,100.0,100.0,81.3,95.0,9,8,100.0,5,9,8130.0
22,0,4,Female,Bachelor Degree,Married,Yes,Suburban,Design,Junior,Startup (1-50),Technology,Good,Very Fast (100+ Mbps),41,Moderate,Few times per week,80.2,89.1,83.5,73.3,93.8,4,17,78.4,6,6,6531.03
36,4,4,Female,Master Degree,In Relationship,No,Suburban,HR,Mid-Level,Medium (201-1000),Consulting,Good,Moderate (25-50 Mbps),50,Very High,Daily,52.3,41.9,61.2,46.9,68.5,14,29,100.0,3,7,1965.11
34,2,2,Female,Bachelor Degree,Single,No,Rural,Customer Success,Junior,Enterprise (5000+),Healthcare,Average,Fast (50-100 Mbps),34,Moderate,Weekly,98.0,97.8,100.0,84.5,95.0,10,8,100.0,9,5,8264.1
30,0,5,Male,Bachelor Degree,Single,No,Urban,Sales,Junior,Small (51-200),Education,Good,Fast (50-100 Mbps),29,Very High,Weekly,98.0,100.0,100.0,78.3,95.0,7,0,100.0,6,5,7830.0
38,1,2,Male,Master Degree,In Relationship,Yes,Urban,HR,Mid-Level,Large (1001-5000),Technology,Excellent,Slow (<25 Mbps),54,High,Daily,98.0,98.8,100.0,76.5,95.0,8,0,100.0,5,5,7558.2
34,4,5,Male,PhD,Married,Yes,Rural,Data Science,Senior,Medium (201-1000),Manufacturing,Excellent,Slow (<25 Mbps),41,Low,Daily,98.0,97.8,100.0,76.0,95.0,10,0,100.0,4,7,7432.8
44,16,2,Male,Associate Degree,Married,No,Suburban,Finance,Manager,Startup (1-50),Education,Average,Fast (50-100 Mbps),47,Very High,Daily,91.4,91.9,90.3,77.5,95.0,13,21,100.0,9,2,7122.25
36,1,3,Male,Bachelor Degree,Married,Yes,Rural,Sales,Junior,Large (1001-5000),Retail,Good,Very Fast (100+ Mbps),46,Moderate,Monthly,66.6,59.1,66.2,58.7,86.5,3,28,100.0,5,8,3469.17
36,10,1,Male,Bachelor Degree,Married,No,Urban,Finance,Senior,Startup (1-50),Finance,Average,Moderate (25-50 Mbps),48,High,Few times per week,71.4,84.4,74.8,62.8,93.9,10,40,100.0,3,7,5300.32
31,5,4,Male,Bachelor Degree,Married,Yes,Urban,Product,Mid-Level,Large (1001-5000),Finance,Good,Very Fast (100+ Mbps),45,Moderate,Few times per week,76.2,84.7,69.6,65.1,95.0,8,43,97.8,6,5,5513.969999999999
34,0,4,Male,PhD,Married,Yes,Urban,Engineering,Junior,Large (1001-5000),Technology,Good,Very Fast (100+ Mbps),45,High,Few times per week,60.5,69.0,71.1,67.5,71.2,9,0,100.0,5,4,4657.5
37,9,4,Male,Master Degree,Married,Yes,Urban,Engineering,Senior,Medium (201-1000),Government,Average,Slow (<25 Mbps),27,High,Monthly,84.9,81.2,87.3,77.8,95.0,10,32,100.0,8,8,6317.36
22,0,3,Female,Master Degree,Single,Yes,Suburban,Product,Junior,Startup (1-50),Government,Excellent,Moderate (25-50 Mbps),36,Low,Weekly,64.9,56.2,64.7,62.8,76.3,4,17,66.1,6,6,3529.36
22,1,0,Female,Bachelor Degree,In Relationship,No,Urban,Design,Junior,Enterprise (5000+),Consulting,Excellent,Moderate (25-50 Mbps),26,High,Daily,88.7,85.2,91.2,79.3,95.0,13,31,100.0,3,6,6756.36
41,3,5,Male,Master Degree,Married,Yes,Suburban,Marketing,Junior,Small (51-200),Government,Good,Fast (50-100 Mbps),37,High,Few times per week,67.5,73.8,72.5,65.7,93.4,7,0,100.0,7,6,4848.66
36,5,4,Male,High School,Married,No,Urban,Sales,Senior,Medium (201-1000),Education,Excellent,Very Fast (100+ Mbps),38,High,Weekly,98.0,98.5,98.2,87.6,95.0,12,33,100.0,5,6,8628.599999999999
33,6,4,Male,Bachelor Degree,Divorced,No,Suburban,Sales,Mid-Level,Large (1001-5000),Technology,Good,Slow (<25 Mbps),41,Very High,Few times per week,86.8,88.4,92.1,73.0,95.0,8,46,100.0,5,6,6453.200000000001
35,4,4,Female,Bachelor Degree,Married,No,Urban,Marketing,Junior,Enterprise (5000+),Manufacturing,Poor,Very Fast (100+ Mbps),36,High,Daily,98.0,97.6,97.0,63.4,95.0,9,24,100.0,7,7,6187.839999999999
38,8,4,Male,Bachelor Degree,Married,No,Urban,Design,Senior,Medium (201-1000),Finance,Average,Fast (50-100 Mbps),39,Very High,Monthly,81.4,77.8,91.5,52.7,94.7,10,26,100.0,3,6,4100.06
30,2,3,Female,Bachelor Degree,In Relationship,No,Suburban,Engineering,Mid-Level,Small (51-200),Finance,Good,Fast (50-100 Mbps),38,Moderate,Bi-weekly,96.0,88.3,96.8,95.0,95.0,5,33,100.0,9,10,8388.5
27,0,4,Female,Master Degree,Married,Yes,Urban,Sales,Junior,Large (1001-5000),Technology,Average,Very Fast (100+ Mbps),44,Moderate,Bi-weekly,40.3,40.0,57.0,40.1,67.1,9,28,72.9,7,6,1604.0
36,7,4,Male,Associate Degree,Married,No,Suburban,Product,Mid-Level,Small (51-200),Finance,Excellent,Very Fast (100+ Mbps),46,Moderate,Daily,66.2,63.6,73.9,68.8,84.2,7,35,85.8,4,5,4375.68
26,1,5,Male,Associate Degree,Divorced,Yes,Suburban,Sales,Junior,Startup (1-50),Retail,Good,Very Fast (100+ Mbps),43,Moderate,Daily,98.0,98.2,92.1,89.9,95.0,8,0,85.6,2,10,8828.18
38,4,4,Male,Bachelor Degree,Single,Yes,Suburban,HR,Mid-Level,Enterprise (5000+),Technology,Good,Fast (50-100 Mbps),45,Very High,Few times per week,91.1,90.7,94.3,81.8,95.0,11,57,100.0,6,5,7419.26
22,0,0,Female,Bachelor Degree,Single,No,Suburban,Sales,Junior,Medium (201-1000),Technology,Good,Very Fast (100+ Mbps),43,Low,Weekly,62.8,52.0,62.6,47.2,66.2,6,94,80.2,5,7,2454.4
44,2,2,Female,Master Degree,Divorced,No,Suburban,Customer Success,Junior,Startup (1-50),Retail,Excellent,Very Fast (100+ Mbps),49,High,Weekly,81.5,78.9,82.0,60.8,95.0,9,34,100.0,2,8,4797.12
39,2,0,Female,Master Degree,Divorced,Yes,Rural,Data Science,Junior,Medium (201-1000),Manufacturing,Average,Fast (50-100 Mbps),53,Very Low,Weekly,50.4,62.0,57.6,38.9,63.1,16,72,76.8,6,1,2411.7999999999997
37,8,1,Female,Master Degree,In Relationship,Yes,Rural,Sales,Lead,Startup (1-50),Healthcare,Average,Fast (50-100 Mbps),27,Very High,Bi-weekly,88.3,100.0,92.3,77.3,95.0,8,27,100.0,5,5,7730.0
43,4,4,Female,Bachelor Degree,Single,No,Suburban,Customer Success,Mid-Level,Startup (1-50),Technology,Average,Very Fast (100+ Mbps),48,Low,Weekly,67.6,60.2,66.3,63.8,90.4,6,13,73.7,5,7,3840.76
49,9,5,Female,Master Degree,Single,No,Suburban,Data Science,Senior,Startup (1-50),Finance,Excellent,Fast (50-100 Mbps),34,Moderate,Daily,98.0,89.1,100.0,95.0,95.0,9,0,81.0,4,6,8464.5
44,4,1,Male,Master Degree,Single,Yes,Suburban,Data Science,Mid-Level,Large (1001-5000),Manufacturing,Good,Very Fast (100+ Mbps),43,Very High,Daily,91.9,88.9,98.8,79.0,95.0,5,0,100.0,3,3,7023.1
22,0,3,Male,Bachelor Degree,Married,No,Urban,Marketing,Mid-Level,Large (1001-5000),Retail,Average,Very Fast (100+ Mbps),43,Very Low,Few times per week,38.7,42.2,50.0,52.7,62.1,1,27,65.6,3,6,2223.94
23,0,5,Male,Bachelor Degree,Married,No,Rural,Marketing,Junior,Medium (201-1000),Technology,Good,Very Fast (100+ Mbps),45,Very High,Daily,35.0,40.0,50.0,37.5,54.7,7,0,100.0,8,3,1500.0
29,1,4,Female,Master Degree,Married,No,Suburban,Sales,Junior,Small (51-200),Government,Good,Fast (50-100 Mbps),41,Moderate,Daily,79.6,79.8,86.8,57.0,94.4,6,21,87.4,6,5,4548.599999999999
35,3,3,Male,High School,Single,No,Urban,Sales,Mid-Level,Large (1001-5000),Technology,Average,Very Fast (100+ Mbps),41,Low,Weekly,74.7,67.0,81.9,60.7,95.0,8,26,100.0,6,8,4066.9
39,8,4,Female,Bachelor Degree,Married,Yes,Urban,Marketing,Senior,Medium (201-1000),Technology,Good,Very Fast (100+ Mbps),44,Very High,Daily,93.8,94.0,100.0,84.7,95.0,8,26,100.0,7,4,7961.8
28,3,3,Male,Associate Degree,Married,No,Urban,Engineering,Senior,Medium (201-1000),Healthcare,Good,Very Fast (100+ Mbps),39,High,Weekly,76.6,79.8,73.6,69.7,83.5,13,26,100.0,5,7,5562.06
36,6,1,Female,High School,Single,Yes,Urban,Finance,Lead,Large (1001-5000),Finance,Good,Moderate (25-50 Mbps),30,Moderate,Weekly,98.0,90.9,94.8,90.7,95.0,6,39,100.0,8,10,8244.630000000001
28,1,1,Male,Associate Degree,Divorced,Yes,Urban,Marketing,Junior,Medium (201-1000),Non-profit,Good,Moderate (25-50 Mbps),41,Moderate,Daily,42.0,40.0,52.9,30.0,60.6,10,0,80.4,4,5,1200.0
29,3,1,Male,Bachelor Degree,Single,No,Urban,Product,Mid-Level,Medium (201-1000),Technology,Average,Very Fast (100+ Mbps),37,Low,Daily,44.6,40.0,50.0,41.1,63.4,9,12,72.2,8,5,1644.0
22,1,2,Female,Master Degree,Married,Yes,Urban,Customer Success,Junior,Enterprise (5000+),Finance,Good,Very Fast (100+ Mbps),36,Moderate,Daily,88.6,90.7,83.7,80.5,95.0,6,38,100.0,2,10,7301.35
26,0,5,Male,Bachelor Degree,Divorced,No,Suburban,Sales,Junior,Medium (201-1000),Finance,Good,Moderate (25-50 Mbps),36,High,Daily,57.0,75.8,57.7,45.8,74.0,6,0,100.0,4,7,3471.64
26,3,3,Male,Bachelor Degree,Single,No,Urban,HR,Mid-Level,Medium (201-1000),Technology,Excellent,Very Fast (100+ Mbps),39,Low,Weekly,84.8,88.9,90.8,62.1,95.0,9,33,100.0,3,8,5520.6900000000005
44,10,3,Male,PhD,Married,No,Suburban,Engineering,Mid-Level,Small (51-200),Technology,Good,Very Fast (100+ Mbps),42,High,Few times per week,89.5,86.5,88.6,79.2,95.0,6,17,100.0,4,8,6850.8
26,1,2,Female,PhD,Divorced,Yes,Rural,Engineering,Junior,Large (1001-5000),Technology,Excellent,Slow (<25 Mbps),46,Very High,Few times per week,54.6,55.4,69.4,59.0,70.9,9,28,97.3,2,10,3268.6
58,21,4,Female,Master Degree,Married,Yes,Suburban,Customer Success,Manager,Large (1001-5000),Healthcare,Average,Fast (50-100 Mbps),38,High,Few times per week,96.5,91.1,98.1,95.0,95.0,10,29,100.0,6,5,8654.5
39,4,4,Male,PhD,Married,No,Urban,Engineering,Mid-Level,Small (51-200),Manufacturing,Good,Very Fast (100+ Mbps),51,Low,Few times per week,87.6,94.8,95.3,75.4,94.0,11,37,100.0,5,6,7147.92
36,5,2,Female,Master Degree,In Relationship,No,Suburban,Product,Senior,Startup (1-50),Retail,Good,Very Fast (100+ Mbps),45,Very High,Daily,79.5,80.5,75.7,49.6,95.0,7,46,100.0,6,7,3992.8
27,2,0,Female,Master Degree,In Relationship,Yes,Urban,Product,Junior,Enterprise (5000+),Healthcare,Good,Slow (<25 Mbps),35,Low,Daily,35.0,40.0,50.0,35.4,56.3,6,30,68.3,3,7,1416.0
41,8,4,Female,Bachelor Degree,Married,No,Urban,Marketing,Senior,Medium (201-1000),Finance,Good,Very Fast (100+ Mbps),39,Very Low,Bi-weekly,85.0,89.5,81.3,61.4,95.0,4,31,100.0,5,4,5495.3
29,1,3,Male,Bachelor Degree,Divorced,Yes,Urban,Customer Success,Junior,Small (51-200),Consulting,Good,Fast (50-100 Mbps),54,Very High,Daily,58.6,62.2,58.2,60.7,59.4,18,15,100.0,5,9,3775.5400000000004
36,0,3,Male,Master Degree,In Relationship,No,Suburban,Sales,Mid-Level,Small (51-200),Healthcare,Average,Very Fast (100+ Mbps),46,High,Weekly,66.4,72.1,64.7,56.2,80.8,10,2,100.0,6,8,4052.02
58,2,4,Female,Bachelor Degree,Married,Yes,Suburban,Customer Success,Junior,Medium (201-1000),Technology,Good,Fast (50-100 Mbps),38,High,Daily,94.4,78.7,100.0,74.8,95.0,9,1,100.0,5,5,5886.76
34,3,3,Female,Master Degree,Single,Yes,Suburban,Customer Success,Mid-Level,Startup (1-50),Education,Average,Very Fast (100+ Mbps),47,High,Daily,65.0,63.6,65.7,72.4,78.4,10,21,100.0,10,7,4604.64
45,3,2,Female,Master Degree,Single,Yes,Urban,Engineering,Mid-Level,Startup (1-50),Retail,Excellent,Fast (50-100 Mbps),34,High,Few times per week,84.9,73.9,84.5,95.0,95.0,13,39,100.0,5,5,7020.500000000001
28,0,3,Male,Bachelor Degree,Single,Yes,Suburban,Operations,Junior,Large (1001-5000),Finance,Excellent,Very Fast (100+ Mbps),38,Moderate,Bi-weekly,96.5,100.0,100.0,76.5,95.0,8,15,100.0,7,6,7650.0
34,2,3,Male,Master Degree,Divorced,Yes,Urban,Operations,Mid-Level,Large (1001-5000),Technology,Average,Very Fast (100+ Mbps),28,Moderate,Weekly,92.8,99.0,89.8,65.1,95.0,10,11,81.0,5,7,6444.9
50,16,5,Female,Bachelor Degree,Married,Yes,Urban,Engineering,Manager,Small (51-200),Technology,Good,Fast (50-100 Mbps),45,Low,Daily,62.0,67.7,68.0,66.7,79.8,7,0,78.4,6,7,4515.59
29,3,5,Male,Bachelor Degree,Divorced,Yes,Urban,Data Science,Mid-Level,Startup (1-50),Consulting,Good,Moderate (25-50 Mbps),35,High,Bi-weekly,98.0,97.3,93.2,64.9,95.0,8,0,100.0,4,7,6314.77
51,3,5,Male,Bachelor Degree,Married,Yes,Suburban,Sales,Mid-Level,Medium (201-1000),Technology,Good,Very Fast (100+ Mbps),41,Moderate,Few times per week,95.2,98.3,100.0,68.9,95.0,10,0,97.0,4,7,6772.870000000001
41,9,4,Male,Bachelor Degree,Married,No,Urban,Marketing,Senior,Small (51-200),Education,Excellent,Very Fast (100+ Mbps),32,Moderate,Daily,98.0,81.8,88.0,74.0,95.0,12,15,84.5,9,7,6053.2
29,0,3,Female,Bachelor Degree,Married,No,Suburban,Engineering,Junior,Medium (201-1000),Technology,Good,Fast (50-100 Mbps),43,High,Daily,85.7,81.7,100.0,80.8,95.0,12,15,100.0,6,1,6601.36
40,10,4,Male,Bachelor Degree,Single,Yes,Suburban,Operations,Lead,Small (51-200),Technology,Average,Fast (50-100 Mbps),41,High,Few times per week,90.5,81.4,94.7,81.2,95.0,7,11,100.0,6,4,6609.68
43,9,5,Female,Bachelor Degree,Divorced,No,Urban,Customer Success,Senior,Small (51-200),Technology,Excellent,Fast (50-100 Mbps),33,Moderate,Few times per week,98.0,91.5,98.3,88.6,95.0,9,0,100.0,6,6,8106.9
40,1,2,Female,Master Degree,Married,No,Suburban,Operations,Junior,Medium (201-1000),Technology,Average,Very Fast (100+ Mbps),39,Low,Daily,73.1,74.2,78.7,63.4,93.1,10,40,93.0,4,7,4704.28
22,1,3,Female,Master Degree,Married,No,Urban,HR,Junior,Enterprise (5000+),Technology,Good,Very Fast (100+ Mbps),42,High,Bi-weekly,74.8,63.1,74.2,61.8,90.0,6,25,100.0,8,6,3899.58
28,2,4,Male,Bachelor Degree,Single,No,Urban,HR,Mid-Level,Small (51-200),Education,Good,Fast (50-100 Mbps),44,Moderate,Weekly,80.9,85.1,93.6,65.9,91.6,7,62,85.8,4,7,5608.09
32,0,4,Male,Bachelor Degree,In Relationship,No,Urban,Engineering,Junior,Small (51-200),Healthcare,Excellent,Very Fast (100+ Mbps),51,Very Low,Weekly,56.8,59.6,60.9,51.7,66.6,5,19,77.6,6,10,3081.32
34,4,2,Female,Master Degree,Divorced,Yes,Rural,Marketing,Mid-Level,Small (51-200),Manufacturing,Good,Moderate (25-50 Mbps),49,Very High,Few times per week,98.0,100.0,86.8,94.9,95.0,6,25,100.0,3,8,9490.0
40,8,3,Female,Master Degree,Married,No,Urban,Engineering,Senior,Medium (201-1000),Technology,Excellent,Fast (50-100 Mbps),37,High,Weekly,98.0,98.1,100.0,92.0,95.0,7,39,100.0,6,9,9025.199999999999
36,10,4,Female,Bachelor Degree,Married,No,Suburban,Engineering,Senior,Large (1001-5000),Media,Excellent,Fast (50-100 Mbps),37,Moderate,Few times per week,98.0,91.0,89.8,62.6,95.0,5,21,100.0,6,1,5696.6
22,1,3,Female,High School,Married,Yes,Urban,Engineering,Junior,Medium (201-1000),Non-profit,Poor,Very Fast (100+ Mbps),33,Very High,Weekly,48.9,45.7,55.3,44.1,67.2,5,5,100.0,5,6,2015.3700000000001
38,8,4,Female,Master Degree,Single,Yes,Suburban,Design,Lead,Large (1001-5000),Technology,Average,Very Fast (100+ Mbps),35,Moderate,Monthly,83.5,88.0,80.0,62.8,95.0,13,37,100.0,5,6,5526.4
40,6,2,Female,Master Degree,Single,No,Suburban,Data Science,Lead,Startup (1-50),Government,Average,Fast (50-100 Mbps),47,Very High,Few times per week,98.0,100.0,99.0,89.2,95.0,10,27,100.0,1,7,8920.0
40,6,5,Male,Associate Degree,Married,No,Suburban,Engineering,Senior,Large (1001-5000),Technology,Excellent,Very Fast (100+ Mbps),32,Low,Daily,98.0,100.0,100.0,88.9,95.0,8,0,100.0,2,9,8890.0
44,17,3,Male,Bachelor Degree,Single,Yes,Rural,Sales,Manager,Small (51-200),Retail,Average,Moderate (25-50 Mbps),41,Moderate,Daily,91.6,81.1,98.5,95.0,95.0,11,44,100.0,6,2,7704.499999999999
42,11,3,Female,Bachelor Degree,Married,Yes,Urban,Engineering,Senior,Startup (1-50),Technology,Good,Very Fast (100+ Mbps),40,Very High,Monthly,98.0,90.2,100.0,84.3,95.0,10,38,100.0,7,3,7603.86
39,4,0,Male,Master Degree,Married,No,Suburban,Customer Success,Senior,Small (51-200),Healthcare,Average,Very Fast (100+ Mbps),37,Very High,Daily,79.8,84.9,84.6,75.1,95.0,5,79,100.0,6,7,6375.99
34,6,1,Female,Bachelor Degree,Married,Yes,Suburban,Marketing,Senior,Small (51-200),Healthcare,Excellent,Very Fast (100+ Mbps),34,Moderate,Weekly,85.7,94.5,81.8,87.6,95.0,9,23,79.0,3,6,8278.199999999999
22,1,4,Male,Bachelor Degree,Single,No,Suburban,Operations,Junior,Medium (201-1000),Finance,Good,Fast (50-100 Mbps),30,High,Few times per week,93.2,100.0,89.6,74.2,95.0,8,24,100.0,9,5,7420.0
38,6,3,Female,Bachelor Degree,Married,Yes,Suburban,Marketing,Lead,Medium (201-1000),Retail,Poor,Very Fast (100+ Mbps),34,Moderate,Few times per week,98.0,100.0,100.0,87.0,95.0,10,13,100.0,7,10,8700.0
36,2,3,Female,PhD,Married,Yes,Urban,Finance,Junior,Large (1001-5000),Education,Good,Very Fast (100+ Mbps),41,High,Weekly,98.0,91.2,91.0,88.5,95.0,6,18,100.0,4,1,8071.2
37,2,0,Male,Master Degree,Married,Yes,Urban,Sales,Mid-Level,Startup (1-50),Healthcare,Average,Fast (50-100 Mbps),45,Very High,Daily,59.4,64.6,62.9,50.0,80.3,8,31,100.0,7,5,3229.9999999999995
25,0,4,Male,Master Degree,In Relationship,Yes,Rural,Engineering,Junior,Small (51-200),Government,Good,Fast (50-100 Mbps),44,High,Daily,77.3,84.3,88.8,84.3,95.0,12,35,100.0,7,8,7106.49
44,0,1,Male,Bachelor Degree,Single,No,Rural,Marketing,Junior,Medium (201-1000),Government,Average,Fast (50-100 Mbps),45,High,Weekly,97.1,92.9,87.7,88.0,95.0,8,42,100.0,6,7,8175.200000000001
34,3,4,Male,PhD,Divorced,No,Suburban,Product,Mid-Level,Startup (1-50),Media,Good,Slow (<25 Mbps),51,Moderate,Daily,92.5,96.8,99.9,70.0,95.0,13,63,100.0,5,5,6776.0
41,4,4,Female,Associate Degree,Married,Yes,Suburban,Sales,Senior,Startup (1-50),Technology,Average,Fast (50-100 Mbps),44,Moderate,Daily,78.5,83.2,79.9,80.6,84.6,9,29,100.0,1,4,6705.92
35,4,4,Female,Master Degree,Married,No,Suburban,Engineering,Mid-Level,Medium (201-1000),Finance,Excellent,Fast (50-100 Mbps),47,Moderate,Weekly,98.0,96.5,97.1,95.0,95.0,10,0,100.0,7,5,9167.5
35,2,2,Female,Bachelor Degree,Married,No,Suburban,Design,Junior,Large (1001-5000),Technology,Excellent,Very Fast (100+ Mbps),39,High,Few times per week,98.0,100.0,93.9,84.0,95.0,15,48,100.0,8,2,8400.0
43,12,4,Male,Bachelor Degree,Married,Yes,Urban,Engineering,Senior,Large (1001-5000),Non-profit,Excellent,Very Fast (100+ Mbps),46,High,Daily,87.7,81.3,80.4,83.6,95.0,6,21,100.0,5,8,6796.679999999999
30,2,2,Female,Bachelor Degree,Married,Yes,Suburban,Engineering,Junior,Startup (1-50),Technology,Good,Very Fast (100+ Mbps),43,Very High,Few times per week,98.0,100.0,100.0,88.6,95.0,11,26,100.0,1,4,8860.0
35,2,2,Male,Master Degree,Married,Yes,Suburban,Product,Junior,Small (51-200),Finance,Average,Fast (50-100 Mbps),40,High,Few times per week,98.0,91.4,88.3,79.2,95.0,4,32,100.0,7,8,7238.880000000001
30,1,2,Female,Master Degree,Married,No,Suburban,Finance,Junior,Small (51-200),Technology,Good,Very Fast (100+ Mbps),51,Moderate,Few times per week,52.0,58.7,50.0,41.6,65.6,12,56,55.8,6,4,2441.92
31,5,3,Female,Bachelor Degree,Divorced,No,Urban,Sales,Senior,Medium (201-1000),Technology,Good,Fast (50-100 Mbps),34,Moderate,Bi-weekly,77.8,60.9,76.6,67.6,95.0,9,30,100.0,7,9,4116.839999999999
32,4,1,Female,Bachelor Degree,Single,Yes,Suburban,HR,Mid-Level,Medium (201-1000),Technology,Average,Very Fast (100+ Mbps),36,High,Weekly,98.0,93.0,88.2,59.5,95.0,7,80,100.0,6,7,5533.5
36,3,5,Female,PhD,Single,No,Suburban,HR,Mid-Level,Small (51-200),Education,Excellent,Fast (50-100 Mbps),49,Moderate,Daily,98.0,97.2,93.8,89.8,95.0,8,0,100.0,6,6,8728.56
30,1,2,Female,Bachelor Degree,Single,Yes,Suburban,Engineering,Junior,Medium (201-1000),Technology,Average,Very Fast (100+ Mbps),47,High,Few times per week,74.4,74.9,67.4,54.0,92.1,5,24,100.0,4,6,4044.6000000000004
46,8,2,Female,Master Degree,Single,Yes,Suburban,Finance,Senior,Medium (201-1000),Education,Poor,Fast (50-100 Mbps),42,Low,Daily,98.0,82.8,100.0,78.1,95.0,8,43,97.7,3,5,6466.679999999999
26,3,3,Male,Master Degree,Married,No,Suburban,Operations,Senior,Medium (201-1000),Consulting,Excellent,Moderate (25-50 Mbps),44,Low,Daily,56.3,59.3,57.4,33.0,71.6,6,27,58.9,6,5,1956.8999999999999
33,3,2,Female,Bachelor Degree,Married,No,Suburban,Data Science,Mid-Level,Startup (1-50),Manufacturing,Excellent,Fast (50-100 Mbps),45,High,Bi-weekly,98.0,100.0,98.9,86.6,95.0,15,12,100.0,8,9,8660.0
31,5,3,Male,High School,Single,Yes,Urban,Data Science,Mid-Level,Medium (201-1000),Technology,Excellent,Very Fast (100+ Mbps),44,Moderate,Few times per week,75.2,74.7,76.1,56.5,95.0,12,13,100.0,2,4,4220.55
48,12,2,Male,Bachelor Degree,Single,No,Suburban,Sales,Lead,Small (51-200),Media,Average,Fast (50-100 Mbps),43,Moderate,Bi-weekly,94.4,87.5,94.7,85.8,95.0,4,52,89.7,10,4,7507.5
36,4,1,Male,Bachelor Degree,Married,Yes,Suburban,Operations,Junior,Large (1001-5000),Manufacturing,Excellent,Fast (50-100 Mbps),36,High,Daily,94.2,80.0,91.6,71.1,95.0,13,29,100.0,9,6,5688.0
44,16,2,Male,Associate Degree,Married,Yes,Suburban,Engineering,Manager,Large (1001-5000),Technology,Average,Fast (50-100 Mbps),49,Low,Daily,89.0,85.2,89.5,94.6,95.0,8,47,98.8,6,10,8059.92
22,0,3,Male,Associate Degree,In Relationship,No,Suburban,Engineering,Junior,Small (51-200),Retail,Good,Moderate (25-50 Mbps),40,Moderate,Few times per week,63.9,67.4,66.9,66.0,88.1,6,24,96.1,8,6,4448.400000000001
37,8,0,Female,Bachelor Degree,Divorced,No,Suburban,Marketing,Senior,Small (51-200),Retail,Average,Very Fast (100+ Mbps),36,Moderate,Few times per week,86.6,98.3,91.9,90.0,94.8,10,19,100.0,6,6,8847.0
43,16,4,Male,Master Degree,In Relationship,No,Suburban,Finance,Lead,Small (51-200),Healthcare,Average,Moderate (25-50 Mbps),42,Moderate,Weekly,81.4,81.8,79.7,67.7,95.0,11,14,100.0,5,10,5537.86
35,5,4,Male,Master Degree,Married,No,Suburban,Operations,Mid-Level,Medium (201-1000),Technology,Poor,Very Fast (100+ Mbps),44,Very High,Few times per week,76.4,83.7,78.0,56.8,81.6,9,7,100.0,6,8,4754.16
44,0,4,Female,Bachelor Degree,Married,No,Suburban,Sales,Junior,Enterprise (5000+),Education,Good,Fast (50-100 Mbps),44,Very High,Few times per week,78.3,78.8,68.2,54.9,84.5,7,40,100.0,8,9,4326.12
30,2,3,Male,Bachelor Degree,Single,Yes,Suburban,Customer Success,Junior,Small (51-200),Manufacturing,Excellent,Very Fast (100+ Mbps),47,High,Few times per week,80.0,71.8,87.9,95.0,95.0,15,20,100.0,9,5,6821.0
47,10,3,Female,Bachelor Degree,Married,Yes,Rural,Customer Success,Mid-Level,Large (1001-5000),Technology,Excellent,Very Fast (100+ Mbps),39,High,Weekly,64.6,55.0,67.0,49.8,77.4,4,10,100.0,8,8,2739.0
55,7,5,Female,Bachelor Degree,Single,No,Suburban,HR,Senior,Medium (201-1000),Education,Good,Moderate (25-50 Mbps),41,Low,Bi-weekly,77.4,88.1,76.2,53.1,95.0,2,0,100.0,4,9,4678.11
31,4,0,Female,Master Degree,Divorced,No,Urban,Engineering,Mid-Level,Large (1001-5000),Finance,Good,Very Fast (100+ Mbps),36,High,Few times per week,98.0,100.0,84.1,73.4,95.0,8,23,100.0,6,7,7340.000000000001
30,0,0,Female,Bachelor Degree,Married,No,Suburban,Customer Success,Junior,Large (1001-5000),Education,Poor,Slow (<25 Mbps),43,Low,Weekly,64.8,64.6,82.9,63.0,79.9,3,3,100.0,5,6,4069.7999999999997
48,21,1,Male,Master Degree,Married,Yes,Suburban,Product,Lead,Large (1001-5000),Finance,Average,Very Fast (100+ Mbps),36,Moderate,Few times per week,93.2,97.5,92.2,87.3,95.0,6,44,100.0,6,5,8511.75
49,6,1,Male,Bachelor Degree,Single,Yes,Rural,Engineering,Lead,Medium (201-1000),Finance,Excellent,Fast (50-100 Mbps),38,Moderate,Weekly,82.3,71.5,89.1,74.3,94.3,12,43,100.0,5,7,5312.45
30,0,1,Male,Master Degree,Married,No,Suburban,Sales,Junior,Large (1001-5000),Consulting,Average,Fast (50-100 Mbps),47,High,Bi-weekly,90.9,88.8,85.4,77.0,95.0,7,50,100.0,2,4,6837.599999999999
31,1,4,Female,Bachelor Degree,Married,Yes,Urban,Data Science,Junior,Small (51-200),Manufacturing,Excellent,Very Fast (100+ Mbps),42,High,Daily,98.0,100.0,91.1,91.2,95.0,6,18,100.0,8,6,9120.0
32,7,3,Male,Master Degree,Married,Yes,Urban,Operations,Lead,Enterprise (5000+),Finance,Excellent,Very Fast (100+ Mbps),50,High,Few times per week,60.2,52.6,79.7,69.4,77.3,10,15,100.0,9,7,3650.4400000000005
22,1,5,Male,PhD,Married,Yes,Suburban,Marketing,Junior,Medium (201-1000),Finance,Average,Very Fast (100+ Mbps),49,Very Low,Monthly,74.2,72.3,85.4,65.8,83.5,13,0,100.0,4,7,4757.339999999999
26,1,2,Male,Master Degree,Single,Yes,Suburban,Engineering,Junior,Medium (201-1000),Retail,Poor,Slow (<25 Mbps),43,Low,Few times per week,73.4,65.9,73.7,59.0,86.0,12,37,100.0,6,7,3888.1000000000004
25,0,2,Female,Master Degree,Married,No,Suburban,Operations,Mid-Level,Enterprise (5000+),Consulting,Excellent,Fast (50-100 Mbps),44,High,Bi-weekly,98.0,81.7,100.0,83.1,95.0,6,31,100.0,6,7,6789.2699999999995
28,0,5,Male,Associate Degree,Married,No,Urban,Marketing,Junior,Large (1001-5000),Retail,Average,Very Fast (100+ Mbps),40,High,Daily,78.5,80.9,82.1,53.3,95.0,13,0,100.0,8,1,4311.97
37,5,3,Male,Bachelor Degree,Married,Yes,Suburban,Marketing,Senior,Small (51-200),Government,Excellent,Very Fast (100+ Mbps),44,High,Bi-weekly,91.9,88.2,100.0,75.9,95.0,11,44,100.0,7,7,6694.380000000001
48,18,3,Male,Bachelor Degree,Married,No,Urban,Engineering,Lead,Enterprise (5000+),Manufacturing,Good,Fast (50-100 Mbps),47,Moderate,Few times per week,82.0,86.2,76.2,47.9,95.0,7,18,85.4,9,10,4128.98
26,2,4,Male,Associate Degree,In Relationship,Yes,Urban,HR,Mid-Level,Large (1001-5000),Technology,Average,Slow (<25 Mbps),38,Moderate,Few times per week,50.4,53.7,63.7,48.1,73.5,9,47,84.6,7,4,2582.9700000000003
43,6,3,Female,PhD,Married,No,Urban,Data Science,Lead,Medium (201-1000),Healthcare,Average,Fast (50-100 Mbps),33,Moderate,Daily,92.7,97.4,91.4,82.3,95.0,9,4,100.0,6,7,8016.02
33,4,2,Female,Master Degree,Married,No,Urban,Marketing,Mid-Level,Enterprise (5000+),Finance,Good,Very Fast (100+ Mbps),45,Moderate,Daily,95.0,97.9,100.0,90.9,95.0,9,55,100.0,2,6,8899.11
34,1,4,Male,Master Degree,Married,No,Urban,Operations,Mid-Level,Small (51-200),Manufacturing,Excellent,Fast (50-100 Mbps),46,Moderate,Few times per week,91.1,84.6,88.6,80.1,95.0,5,24,100.0,8,4,6776.459999999999
41,11,3,Male,Master Degree,Divorced,No,Urban,Marketing,Senior,Startup (1-50),Technology,Good,Slow (<25 Mbps),42,High,Weekly,98.0,100.0,100.0,93.9,95.0,6,27,100.0,6,2,9390.0
24,0,1,Female,Bachelor Degree,Married,Yes,Suburban,Engineering,Junior,Medium (201-1000),Finance,Average,Fast (50-100 Mbps),45,Moderate,Bi-weekly,71.0,66.9,71.4,62.9,86.1,5,90,100.0,7,7,4208.01
38,9,3,Male,PhD,Married,No,Urban,Data Science,Senior,Startup (1-50),Finance,Good,Slow (<25 Mbps),36,Low,Weekly,98.0,100.0,99.3,95.0,95.0,9,14,100.0,6,4,9500.0
36,4,3,Male,PhD,Married,Yes,Urban,Engineering,Mid-Level,Large (1001-5000),Technology,Excellent,Very Fast (100+ Mbps),47,Very High,Weekly,98.0,97.9,85.6,51.4,95.0,4,34,100.0,5,5,5032.06
39,5,5,Male,Bachelor Degree,Single,Yes,Urban,Engineering,Mid-Level,Small (51-200),Finance,Average,Fast (50-100 Mbps),49,High,Weekly,71.0,86.7,73.4,90.2,80.7,6,0,100.0,6,6,7820.34
37,6,1,Male,Bachelor Degree,Divorced,Yes,Suburban,Marketing,Senior,Startup (1-50),Retail,Good,Fast (50-100 Mbps),48,Very High,Weekly,98.0,79.4,100.0,66.6,95.0,10,56,100.0,2,7,5288.04
57,15,5,Male,Master Degree,Married,Yes,Suburban,Finance,Lead,Medium (201-1000),Finance,Average,Fast (50-100 Mbps),42,Moderate,Weekly,96.5,93.3,100.0,89.5,95.0,9,0,100.0,7,6,8350.35
29,3,3,Male,PhD,Married,Yes,Urban,Sales,Mid-Level,Medium (201-1000),Education,Poor,Fast (50-100 Mbps),49,Very High,Few times per week,98.0,100.0,90.9,93.5,95.0,5,38,100.0,4,6,9350.0
30,0,3,Male,Master Degree,Married,Yes,Suburban,Engineering,Junior,Small (51-200),Education,Average,Very Fast (100+ Mbps),35,Moderate,Few times per week,95.3,98.6,90.0,74.9,95.0,11,24,100.0,5,8,7385.14
29,1,1,Female,Master Degree,Single,No,Suburban,Customer Success,Junior,Startup (1-50),Education,Poor,Very Fast (100+ Mbps),45,High,Daily,61.2,47.6,59.2,33.3,78.5,6,26,100.0,3,1,1585.08
30,6,4,Male,PhD,Divorced,No,Urban,Sales,Senior,Medium (201-1000),Healthcare,Poor,Moderate (25-50 Mbps),46,Moderate,Weekly,72.9,67.0,76.3,72.8,95.0,5,28,86.6,8,8,4877.599999999999
29,0,5,Female,Master Degree,In Relationship,Yes,Suburban,Engineering,Mid-Level,Large (1001-5000),Technology,Good,Very Fast (100+ Mbps),45,Moderate,Daily,98.0,97.8,90.9,95.0,95.0,12,0,100.0,4,7,9291.0
45,7,2,Male,Master Degree,Married,No,Suburban,Sales,Senior,Large (1001-5000),Technology,Average,Slow (<25 Mbps),36,High,Daily,71.5,59.4,72.3,56.6,95.0,9,54,100.0,5,7,3362.04
47,5,2,Female,Master Degree,In Relationship,Yes,Urban,Engineering,Mid-Level,Startup (1-50),Manufacturing,Average,Fast (50-100 Mbps),43,High,Few times per week,97.1,100.0,96.4,75.7,95.0,10,51,100.0,5,6,7570.0
29,2,3,Male,Bachelor Degree,Single,No,Suburban,Marketing,Junior,Medium (201-1000),Healthcare,Good,Very Fast (100+ Mbps),40,High,Monthly,88.3,99.8,95.4,81.3,95.0,11,17,100.0,5,3,8113.74
27,1,4,Female,Master Degree,Divorced,Yes,Suburban,Finance,Junior,Small (51-200),Retail,Excellent,Moderate (25-50 Mbps),30,Moderate,Weekly,98.0,100.0,96.7,95.0,95.0,4,21,100.0,8,3,9500.0
39,4,0,Male,Bachelor Degree,Married,No,Suburban,Customer Success,Mid-Level,Medium (201-1000),Healthcare,Good,Fast (50-100 Mbps),34,Moderate,Few times per week,87.0,77.1,92.1,76.7,95.0,10,34,100.0,7,6,5913.57
30,4,4,Female,Master Degree,Married,Yes,Urban,Engineering,Senior,Enterprise (5000+),Technology,Excellent,Very Fast (100+ Mbps),48,High,Weekly,98.0,100.0,89.0,85.7,95.0,8,32,100.0,7,8,8570.0
40,4,3,Male,Bachelor Degree,Single,No,Rural,Engineering,Senior,Small (51-200),Manufacturing,Good,Very Fast (100+ Mbps),39,High,Bi-weekly,98.0,85.9,90.3,92.5,95.0,7,32,100.0,4,9,7945.750000000001
36,2,2,Male,Associate Degree,Married,Yes,Suburban,Engineering,Junior,Small (51-200),Technology,Excellent,Moderate (25-50 Mbps),48,Very High,Few times per week,97.1,100.0,96.6,68.2,95.0,6,30,100.0,4,8,6820.0
22,0,3,Female,High School,Single,Yes,Urban,Engineering,Junior,Small (51-200),Government,Average,Fast (50-100 Mbps),48,Moderate,Few times per week,49.9,51.4,52.7,51.6,65.8,7,43,78.2,4,8,2652.24
48,8,2,Female,Master Degree,Divorced,Yes,Urban,Engineering,Senior,Enterprise (5000+),Technology,Good,Fast (50-100 Mbps),45,High,Few times per week,92.8,88.7,89.3,78.5,95.0,5,23,100.0,5,1,6962.95
51,2,4,Male,Bachelor Degree,Divorced,Yes,Suburban,Sales,Junior,Medium (201-1000),Healthcare,Excellent,Fast (50-100 Mbps),38,Low,Daily,79.1,84.1,74.8,64.9,85.7,10,43,94.4,6,4,5458.09
29,3,4,Female,Bachelor Degree,Single,No,Suburban,Engineering,Mid-Level,Medium (201-1000),Technology,Good,Very Fast (100+ Mbps),47,Moderate,Bi-weekly,84.2,75.9,81.6,73.9,92.5,5,30,100.0,4,9,5609.010000000001
31,3,3,Male,Bachelor Degree,Single,No,Urban,Operations,Mid-Level,Medium (201-1000),Media,Excellent,Moderate (25-50 Mbps),43,Moderate,Weekly,73.4,75.7,78.6,48.6,95.0,6,40,100.0,6,9,3679.0200000000004
37,3,3,Male,Bachelor Degree,Divorced,Yes,Urban,Sales,Mid-Level,Small (51-200),Non-profit,Average,Very Fast (100+ Mbps),42,Very High,Weekly,98.0,100.0,98.5,86.4,95.0,8,44,100.0,4,4,8640.0
40,0,4,Male,Bachelor Degree,Single,No,Rural,Sales,Mid-Level,Startup (1-50),Technology,Good,Very Fast (100+ Mbps),38,Moderate,Monthly,94.3,99.2,86.7,88.0,95.0,7,9,100.0,4,6,8729.6
53,24,3,Female,Bachelor Degree,Married,No,Urban,Engineering,Manager,Large (1001-5000),Technology,Average,Very Fast (100+ Mbps),36,High,Daily,98.0,96.8,100.0,95.0,95.0,10,50,100.0,7,1,9196.0
33,4,3,Male,Bachelor Degree,Married,Yes,Suburban,Finance,Senior,Medium (201-1000),Manufacturing,Good,Fast (50-100 Mbps),47,Very High,Daily,79.5,74.0,84.6,81.4,85.7,9,49,100.0,6,8,6023.6
27,1,3,Female,Bachelor Degree,Single,No,Suburban,Sales,Junior,Startup (1-50),Finance,Average,Very Fast (100+ Mbps),51,Moderate,Daily,88.3,93.1,96.5,70.5,95.0,7,30,94.0,6,9,6563.549999999999
22,0,3,Female,Bachelor Degree,Married,Yes,Suburban,Engineering,Junior,Small (51-200),Education,Good,Very Fast (100+ Mbps),47,High,Weekly,71.1,79.7,79.0,64.8,89.5,8,25,100.0,7,9,5164.56
34,1,1,Female,Bachelor Degree,Single,Yes,Urban,Engineering,Junior,Small (51-200),Retail,Good,Fast (50-100 Mbps),40,Moderate,Few times per week,86.5,93.3,76.4,68.2,95.0,1,29,95.5,7,8,6363.06
51,18,1,Male,Bachelor Degree,In Relationship,No,Suburban,Customer Success,Manager,Small (51-200),Healthcare,Excellent,Fast (50-100 Mbps),44,Low,Weekly,87.9,95.6,89.3,80.8,95.0,7,25,100.0,5,6,7724.48
30,1,4,Female,Bachelor Degree,Married,No,Rural,Data Science,Junior,Startup (1-50),Retail,Excellent,Fast (50-100 Mbps),39,High,Daily,96.8,89.5,99.2,83.0,95.0,5,36,100.0,6,10,7428.5
37,7,2,Male,Bachelor Degree,Single,Yes,Urban,Engineering,Senior,Large (1001-5000),Manufacturing,Excellent,Fast (50-100 Mbps),41,Moderate,Daily,86.3,85.9,75.5,68.0,95.0,5,43,100.0,5,10,5841.200000000001
34,1,0,Female,Associate Degree,Single,No,Suburban,Finance,Junior,Large (1001-5000),Technology,Average,Fast (50-100 Mbps),37,Moderate,Daily,91.8,83.3,96.7,83.6,95.0,5,69,100.0,7,8,6963.879999999999
45,12,4,Female,High School,Single,No,Urban,Engineering,Senior,Large (1001-5000),Education,Average,Very Fast (100+ Mbps),45,Very Low,Few times per week,96.9,100.0,90.5,89.4,95.0,6,0,89.8,4,6,8940.0
57,28,1,Female,Master Degree,Married,No,Urban,Engineering,Manager,Medium (201-1000),Education,Excellent,Slow (<25 Mbps),46,High,Weekly,98.0,69.6,94.1,87.8,95.0,9,47,100.0,9,9,6110.879999999999
30,4,4,Female,Master Degree,Single,No,Suburban,Engineering,Mid-Level,Medium (201-1000),Healthcare,Good,Very Fast (100+ Mbps),47,Low,Weekly,98.0,100.0,99.2,88.7,95.0,6,15,100.0,5,5,8870.0
30,3,2,Male,Bachelor Degree,Married,No,Urban,Product,Mid-Level,Small (51-200),Technology,Poor,Very Fast (100+ Mbps),45,High,Daily,98.0,100.0,100.0,90.9,95.0,3,34,100.0,7,5,9090.0
44,2,1,Female,Master Degree,Single,No,Suburban,Sales,Junior,Small (51-200),Manufacturing,Excellent,Fast (50-100 Mbps),44,High,Daily,98.0,100.0,93.6,63.6,95.0,9,55,100.0,6,7,6360.0
41,13,3,Male,High School,Married,No,Suburban,Data Science,Senior,Large (1001-5000),Non-profit,Good,Fast (50-100 Mbps),35,High,Bi-weekly,82.1,73.9,99.3,60.9,95.0,8,21,100.0,7,8,4500.51
51,7,0,Female,PhD,Married,Yes,Rural,Marketing,Senior,Large (1001-5000),Government,Good,Moderate (25-50 Mbps),35,High,Daily,98.0,94.8,98.7,59.5,95.0,5,99,100.0,6,3,5640.599999999999
40,10,4,Male,Associate Degree,Married,No,Urban,Engineering,Mid-Level,Large (1001-5000),Manufacturing,Average,Very Fast (100+ Mbps),43,Moderate,Few times per week,98.0,89.9,100.0,87.4,95.0,10,19,87.9,5,8,7857.260000000001
31,3,3,Female,Master Degree,Married,No,Urban,HR,Mid-Level,Medium (201-1000),Finance,Good,Fast (50-100 Mbps),48,Moderate,Daily,70.7,72.9,71.2,52.8,78.2,13,18,93.8,4,9,3849.12
40,2,1,Male,Associate Degree,In Relationship,No,Urban,Design,Mid-Level,Large (1001-5000),Finance,Poor,Fast (50-100 Mbps),40,High,Few times per week,61.6,61.1,76.8,57.0,73.7,14,0,100.0,6,7,3482.7000000000003
44,4,2,Female,Master Degree,Married,Yes,Suburban,Customer Success,Mid-Level,Enterprise (5000+),Technology,Good,Very Fast (100+ Mbps),42,Very High,Few times per week,72.3,67.9,72.4,75.2,94.0,7,42,100.0,2,5,5106.080000000001
42,1,3,Male,Bachelor Degree,Married,Yes,Suburban,HR,Junior,Small (51-200),Finance,Good,Very Fast (100+ Mbps),42,High,Daily,83.2,92.1,91.2,63.6,93.7,9,26,100.0,2,7,5857.5599999999995
39,4,1,Female,Associate Degree,Married,No,Urban,Sales,Junior,Small (51-200),Technology,Good,Fast (50-100 Mbps),30,High,Few times per week,64.3,79.3,59.7,50.2,81.9,7,5,100.0,6,4,3980.86
44,19,2,Male,Master Degree,Divorced,No,Suburban,Engineering,Director,Medium (201-1000),Technology,Good,Very Fast (100+ Mbps),43,High,Few times per week,98.0,100.0,91.6,95.0,95.0,10,26,100.0,6,6,9500.0
45,3,3,Female,High School,Single,Yes,Suburban,Engineering,Junior,Small (51-200),Media,Excellent,Very Fast (100+ Mbps),38,High,Daily,98.0,100.0,93.8,95.0,95.0,12,35,100.0,6,7,9500.0
47,2,4,Male,Master Degree,Married,Yes,Suburban,Marketing,Mid-Level,Large (1001-5000),Government,Average,Very Fast (100+ Mbps),45,Very High,Weekly,98.0,100.0,92.0,92.5,95.0,4,7,100.0,5,6,9250.0
40,3,3,Female,Master Degree,Married,Yes,Urban,Design,Mid-Level,Small (51-200),Government,Excellent,Very Fast (100+ Mbps),41,High,Weekly,69.2,68.9,78.8,53.7,95.0,9,13,100.0,7,6,3699.9300000000003
33,7,4,Male,Bachelor Degree,Married,No,Urban,Finance,Senior,Medium (201-1000),Technology,Average,Very Fast (100+ Mbps),40,Moderate,Daily,67.8,59.5,67.6,45.5,87.7,12,28,100.0,4,7,2707.25
36,4,5,Female,Bachelor Degree,Married,Yes,Suburban,Customer Success,Junior,Medium (201-1000),Media,Good,Very Fast (100+ Mbps),41,High,Daily,71.7,75.5,68.6,66.3,85.4,8,0,100.0,6,6,5005.65
45,10,2,Male,High School,Married,No,Suburban,Engineering,Senior,Medium (201-1000),Technology,Good,Very Fast (100+ Mbps),40,Very High,Daily,98.0,99.1,100.0,95.0,95.0,10,46,100.0,8,3,9414.5
27,1,4,Female,Master Degree,Single,No,Urban,Finance,Junior,Small (51-200),Healthcare,Excellent,Moderate (25-50 Mbps),33,High,Few times per week,86.9,78.6,84.3,77.5,95.0,9,44,100.0,8,6,6091.5
38,4,4,Male,Bachelor Degree,In Relationship,No,Urban,Product,Mid-Level,Enterprise (5000+),Education,Good,Very Fast (100+ Mbps),47,High,Weekly,88.4,86.1,76.7,73.7,95.0,13,73,100.0,2,6,6345.57
31,5,2,Male,Bachelor Degree,Single,Yes,Rural,Marketing,Mid-Level,Small (51-200),Healthcare,Average,Fast (50-100 Mbps),38,Moderate,Daily,98.0,98.9,100.0,87.5,95.0,3,30,98.9,5,6,8653.75
35,5,5,Female,PhD,Single,No,Urban,Sales,Mid-Level,Large (1001-5000),Government,Average,Slow (<25 Mbps),39,Low,Few times per week,66.9,68.6,64.2,72.7,85.9,8,0,90.1,7,4,4987.219999999999
46,9,2,Male,Bachelor Degree,Married,No,Suburban,Finance,Senior,Large (1001-5000),Finance,Average,Moderate (25-50 Mbps),42,Moderate,Daily,73.7,70.2,83.5,87.4,90.7,9,0,100.0,7,3,6135.4800000000005
36,6,2,Male,Professional Degree,Divorced,Yes,Suburban,Operations,Senior,Startup (1-50),Healthcare,Good,Very Fast (100+ Mbps),35,Moderate,Few times per week,98.0,100.0,89.8,71.2,95.0,8,1,100.0,6,8,7120.0
35,9,4,Female,Master Degree,Married,No,Suburban,Data Science,Senior,Enterprise (5000+),Technology,Excellent,Very Fast (100+ Mbps),39,High,Daily,98.0,91.9,91.6,95.0,95.0,5,71,100.0,4,7,8730.5
41,8,2,Female,Bachelor Degree,Single,No,Suburban,Engineering,Senior,Medium (201-1000),Finance,Average,Moderate (25-50 Mbps),44,Moderate,Weekly,77.3,58.6,97.5,59.9,95.0,5,68,82.5,8,10,3510.14
40,15,1,Male,Master Degree,Married,No,Urban,Marketing,Lead,Medium (201-1000),Retail,Good,Very Fast (100+ Mbps),36,Low,Daily,62.0,56.8,66.0,61.2,90.6,8,50,78.9,4,7,3476.16
54,5,4,Male,Bachelor Degree,Married,Yes,Suburban,Engineering,Mid-Level,Medium (201-1000),Retail,Excellent,Very Fast (100+ Mbps),29,Low,Bi-weekly,81.8,76.1,81.4,77.6,95.0,3,4,86.3,9,6,5905.359999999999
32,1,4,Female,Associate Degree,Divorced,Yes,Urban,Operations,Junior,Startup (1-50),Retail,Average,Moderate (25-50 Mbps),48,High,Daily,88.8,92.6,88.2,71.2,95.0,8,13,100.0,6,4,6593.12
36,2,3,Male,Bachelor Degree,Married,Yes,Suburban,Engineering,Junior,Large (1001-5000),Healthcare,Average,Very Fast (100+ Mbps),35,High,Daily,98.0,100.0,94.7,89.9,95.0,11,59,100.0,5,6,8990.0
37,3,5,Female,Master Degree,Single,No,Suburban,Design,Mid-Level,Medium (201-1000),Technology,Good,Fast (50-100 Mbps),38,High,Bi-weekly,97.8,97.3,100.0,77.0,95.0,6,0,100.0,5,8,7492.099999999999
49,5,2,Male,Master Degree,Married,No,Suburban,Customer Success,Junior,Startup (1-50),Education,Good,Fast (50-100 Mbps),39,Very High,Daily,90.4,86.2,92.7,69.4,95.0,12,21,100.0,4,10,5982.280000000001
37,4,4,Female,Bachelor Degree,Married,Yes,Urban,Engineering,Mid-Level,Large (1001-5000),Consulting,Excellent,Very Fast (100+ Mbps),41,High,Few times per week,89.4,100.0,94.0,95.0,95.0,4,25,100.0,3,7,9500.0
40,8,4,Female,Master Degree,Divorced,No,Suburban,Marketing,Senior,Medium (201-1000),Technology,Good,Fast (50-100 Mbps),38,High,Monthly,98.0,99.7,95.3,79.5,95.0,5,0,100.0,8,9,7926.150000000001
36,8,2,Male,PhD,Single,No,Urban,HR,Lead,Startup (1-50),Technology,Excellent,Fast (50-100 Mbps),45,Moderate,Weekly,98.0,99.9,100.0,95.0,95.0,5,77,100.0,9,4,9490.5
30,3,0,Female,High School,Single,Yes,Rural,Engineering,Mid-Level,Small (51-200),Healthcare,Excellent,Moderate (25-50 Mbps),42,Very High,Daily,98.0,100.0,95.5,95.0,95.0,6,7,100.0,7,7,9500.0
36,4,4,Male,Associate Degree,Single,No,Rural,Engineering,Senior,Startup (1-50),Manufacturing,Poor,Fast (50-100 Mbps),50,High,Bi-weekly,73.8,81.7,90.7,70.2,85.0,9,25,100.0,8,7,5735.34
44,0,5,Female,Master Degree,Married,No,Urban,Marketing,Junior,Medium (201-1000),Finance,Good,Very Fast (100+ Mbps),50,Very High,Daily,70.9,65.0,76.1,57.9,92.9,6,0,100.0,4,5,3763.5
25,2,4,Female,Master Degree,Single,Yes,Urban,Finance,Junior,Enterprise (5000+),Retail,Average,Fast (50-100 Mbps),36,High,Weekly,88.4,89.4,92.0,87.4,95.0,9,10,100.0,2,8,7813.560000000001
36,5,2,Male,Master Degree,Married,Yes,Urban,Engineering,Mid-Level,Startup (1-50),Government,Good,Fast (50-100 Mbps),40,Very High,Few times per week,77.9,78.3,91.7,74.2,95.0,7,55,100.0,6,4,5809.86
28,2,5,Male,PhD,Single,Yes,Rural,HR,Mid-Level,Small (51-200),Healthcare,Average,Fast (50-100 Mbps),54,Moderate,Weekly,64.9,70.6,74.0,68.6,70.3,9,0,92.4,8,3,4843.159999999999
45,15,5,Female,Master Degree,In Relationship,Yes,Urban,Design,Lead,Large (1001-5000),Technology,Good,Very Fast (100+ Mbps),35,Moderate,Weekly,91.4,96.6,95.4,95.0,95.0,12,0,82.9,8,6,9177.0
22,0,3,Male,Bachelor Degree,Single,No,Urban,Engineering,Junior,Startup (1-50),Media,Excellent,Fast (50-100 Mbps),46,Moderate,Weekly,75.4,75.6,86.8,61.0,95.0,7,27,67.4,6,5,4611.599999999999
29,1,4,Female,Master Degree,Single,Yes,Suburban,Marketing,Junior,Startup (1-50),Healthcare,Average,Fast (50-100 Mbps),45,Moderate,Weekly,88.6,91.0,81.6,86.4,95.0,5,47,100.0,6,6,7862.400000000001
38,4,4,Male,Master Degree,Married,Yes,Urban,Engineering,Mid-Level,Medium (201-1000),Finance,Excellent,Fast (50-100 Mbps),36,Moderate,Weekly,87.4,88.7,88.3,76.7,95.0,3,58,78.6,5,4,6803.290000000001
49,4,5,Male,Professional Degree,Married,No,Urban,Engineering,Mid-Level,Large (1001-5000),Finance,Good,Moderate (25-50 Mbps),37,High,Few times per week,74.5,71.8,83.2,54.4,93.6,8,0,100.0,8,6,3905.9199999999996
34,6,4,Female,Bachelor Degree,Married,Yes,Urban,Engineering,Mid-Level,Large (1001-5000),Finance,Good,Very Fast (100+ Mbps),53,Moderate,Bi-weekly,98.0,100.0,100.0,93.3,95.0,9,41,100.0,7,6,9330.0
30,0,4,Female,Bachelor Degree,Divorced,No,Suburban,Sales,Junior,Large (1001-5000),Retail,Excellent,Very Fast (100+ Mbps),52,High,Weekly,86.6,91.1,92.7,85.5,95.0,10,32,100.0,4,10,7789.049999999999
51,16,4,Male,Master Degree,Married,Yes,Urban,Customer Success,Manager,Small (51-200),Finance,Excellent,Fast (50-100 Mbps),44,High,Weekly,71.9,80.8,76.5,62.0,89.6,10,15,100.0,5,8,5009.599999999999
22,0,3,Female,Bachelor Degree,In Relationship,No,Suburban,Operations,Mid-Level,Large (1001-5000),Finance,Average,Slow (<25 Mbps),33,Very High,Monthly,98.0,100.0,100.0,84.9,95.0,11,18,100.0,4,9,8490.0
22,0,4,Female,Bachelor Degree,Married,No,Suburban,Engineering,Junior,Startup (1-50),Retail,Good,Very Fast (100+ Mbps),49,Very High,Daily,98.0,88.2,97.5,79.4,95.0,7,38,100.0,6,8,7003.080000000001
38,3,4,Female,Master Degree,Single,Yes,Suburban,Engineering,Senior,Small (51-200),Technology,Good,Very Fast (100+ Mbps),33,Low,Few times per week,98.0,100.0,93.9,81.3,95.0,8,25,100.0,4,8,8130.0
30,4,5,Male,Bachelor Degree,Divorced,No,Suburban,Operations,Mid-Level,Small (51-200),Technology,Good,Moderate (25-50 Mbps),46,High,Weekly,98.0,100.0,99.9,95.0,95.0,12,0,100.0,4,8,9500.0
25,1,3,Male,Master Degree,In Relationship,Yes,Urban,Engineering,Junior,Small (51-200),Retail,Good,Moderate (25-50 Mbps),32,High,Daily,69.2,66.2,63.4,75.0,84.7,6,48,100.0,4,5,4965.0
41,7,3,Female,Master Degree,In Relationship,No,Suburban,Sales,Senior,Small (51-200),Consulting,Average,Moderate (25-50 Mbps),42,Moderate,Few times per week,98.0,99.3,100.0,89.5,95.0,1,48,100.0,4,6,8887.35
37,6,3,Female,Bachelor Degree,Single,No,Urban,Marketing,Senior,Medium (201-1000),Technology,Average,Very Fast (100+ Mbps),47,High,Bi-weekly,95.7,100.0,87.2,87.4,95.0,12,30,100.0,8,9,8740.0
29,4,4,Male,Professional Degree,Married,Yes,Suburban,Product,Mid-Level,Medium (201-1000),Technology,Excellent,Moderate (25-50 Mbps),25,Low,Daily,72.3,76.8,80.1,69.7,95.0,8,12,100.0,9,3,5352.96
23,0,4,Female,Master Degree,Single,No,Urban,Engineering,Junior,Small (51-200),Retail,Good,Fast (50-100 Mbps),38,Low,Bi-weekly,91.0,96.1,81.1,63.8,95.0,11,22,79.3,10,3,6131.179999999999
42,3,0,Male,Bachelor Degree,Single,Yes,Urban,Finance,Mid-Level,Large (1001-5000),Education,Good,Fast (50-100 Mbps),42,High,Monthly,70.8,58.9,80.4,61.1,95.0,11,54,100.0,2,7,3598.79
40,11,3,Male,Bachelor Degree,Married,No,Urban,Engineering,Lead,Large (1001-5000),Finance,Good,Very Fast (100+ Mbps),39,Very High,Daily,98.0,93.4,85.1,95.0,95.0,10,7,100.0,6,9,8873.0
34,5,1,Female,PhD,In Relationship,Yes,Urban,Operations,Mid-Level,Small (51-200),Technology,Good,Fast (50-100 Mbps),37,High,Weekly,83.2,95.8,93.9,61.7,95.0,5,55,100.0,4,8,5910.86
51,1,0,Female,Bachelor Degree,Married,No,Suburban,Operations,Junior,Small (51-200),Technology,Good,Very Fast (100+ Mbps),41,High,Daily,86.9,71.9,89.4,58.4,95.0,8,18,100.0,10,8,4198.96
25,1,4,Male,Bachelor Degree,Divorced,Yes,Suburban,Customer Success,Junior,Small (51-200),Manufacturing,Excellent,Very Fast (100+ Mbps),48,High,Weekly,98.0,100.0,100.0,77.3,95.0,6,16,100.0,10,6,7730.0
22,0,2,Female,Bachelor Degree,Single,No,Urban,Marketing,Junior,Startup (1-50),Healthcare,Good,Fast (50-100 Mbps),50,High,Few times per week,94.7,88.3,92.1,88.8,95.0,9,20,100.0,9,7,7841.039999999999
28,0,2,Female,Bachelor Degree,Single,No,Suburban,Sales,Junior,Large (1001-5000),Consulting,Excellent,Very Fast (100+ Mbps),46,Moderate,Bi-weekly,98.0,100.0,100.0,83.6,95.0,4,10,93.5,1,8,8360.0
34,6,0,Female,Bachelor Degree,Married,No,Suburban,Engineering,Senior,Startup (1-50),Education,Excellent,Very Fast (100+ Mbps),51,High,Daily,79.0,63.8,73.2,68.0,95.0,7,63,100.0,4,8,4338.4
37,8,1,Female,Professional Degree,Married,Yes,Suburban,Engineering,Senior,Small (51-200),Education,Poor,Very Fast (100+ Mbps),38,High,Weekly,98.0,100.0,99.8,95.0,95.0,9,41,100.0,6,7,9500.0
32,2,4,Male,Master Degree,Divorced,No,Suburban,Marketing,Junior,Startup (1-50),Government,Good,Fast (50-100 Mbps),45,High,Weekly,97.2,100.0,100.0,83.8,95.0,6,12,100.0,4,8,8380.0
38,3,3,Male,Bachelor Degree,Married,Yes,Urban,Product,Senior,Large (1001-5000),Technology,Good,Very Fast (100+ Mbps),35,Moderate,Daily,79.2,81.0,74.8,48.8,95.0,7,17,100.0,8,2,3952.7999999999997
23,0,5,Male,Bachelor Degree,Married,Yes,Urban,Marketing,Junior,Startup (1-50),Healthcare,Good,Fast (50-100 Mbps),59,High,Weekly,79.7,81.9,76.3,75.2,90.1,9,0,100.0,7,9,6158.880000000001
47,10,3,Female,Master Degree,Married,Yes,Suburban,HR,Mid-Level,Large (1001-5000),Technology,Average,Fast (50-100 Mbps),42,High,Monthly,79.9,84.0,67.6,58.3,95.0,10,46,100.0,4,9,4897.2
34,4,2,Female,High School,Single,Yes,Rural,Sales,Senior,Startup (1-50),Finance,Good,Fast (50-100 Mbps),46,High,Few times per week,83.4,87.7,89.3,77.9,95.0,4,30,100.0,8,3,6831.830000000001
45,12,2,Male,Master Degree,Divorced,No,Suburban,Marketing,Senior,Large (1001-5000),Technology,Good,Fast (50-100 Mbps),31,High,Weekly,95.1,100.0,98.0,80.1,95.0,14,50,100.0,6,6,8009.999999999999
38,6,4,Male,Master Degree,Married,Yes,Suburban,Sales,Senior,Enterprise (5000+),Technology,Good,Fast (50-100 Mbps),46,High,Few times per week,96.8,95.8,100.0,92.4,95.0,9,21,100.0,7,9,8851.92
39,10,3,Male,Master Degree,Married,No,Suburban,Engineering,Senior,Medium (201-1000),Government,Average,Very Fast (100+ Mbps),42,Very Low,Few times per week,77.3,99.4,66.2,65.4,95.0,8,37,90.5,3,6,6500.760000000001
40,4,5,Male,Bachelor Degree,Divorced,Yes,Suburban,Sales,Mid-Level,Large (1001-5000),Education,Average,Very Fast (100+ Mbps),44,Moderate,Daily,92.9,89.0,95.5,77.4,95.0,5,0,81.2,6,3,6888.6
39,6,4,Female,Bachelor Degree,Married,Yes,Suburban,HR,Senior,Large (1001-5000),Media,Good,Fast (50-100 Mbps),42,Moderate,Few times per week,93.2,100.0,96.0,89.3,95.0,10,13,100.0,7,10,8930.0
40,6,3,Female,High School,Divorced,No,Urban,Sales,Mid-Level,Large (1001-5000),Finance,Average,Slow (<25 Mbps),41,Low,Few times per week,98.0,91.8,96.8,94.5,95.0,4,10,100.0,5,6,8675.1
46,12,4,Male,Bachelor Degree,Single,Yes,Suburban,Finance,Manager,Large (1001-5000),Education,Average,Very Fast (100+ Mbps),40,Moderate,Weekly,95.7,89.3,100.0,83.7,95.0,8,23,100.0,4,6,7474.41
36,1,5,Female,Bachelor Degree,Single,Yes,Suburban,HR,Junior,Small (51-200),Technology,Poor,Fast (50-100 Mbps),41,Moderate,Daily,53.4,58.8,55.5,42.0,80.2,6,0,74.2,6,7,2469.6
41,13,2,Female,Master Degree,In Relationship,Yes,Suburban,Sales,Lead,Medium (201-1000),Healthcare,Poor,Moderate (25-50 Mbps),50,High,Daily,59.7,61.3,64.0,59.0,77.4,8,49,100.0,6,8,3616.7
34,3,2,Female,Master Degree,Divorced,No,Urban,Customer Success,Mid-Level,Enterprise (5000+),Healthcare,Good,Moderate (25-50 Mbps),39,Moderate,Weekly,85.5,93.4,77.8,68.2,95.0,9,26,87.5,4,9,6369.880000000001
47,8,4,Male,PhD,Married,No,Urban,Sales,Mid-Level,Small (51-200),Technology,Average,Very Fast (100+ Mbps),55,Very High,Daily,82.7,73.6,93.8,86.3,94.3,7,21,100.0,2,7,6351.679999999999
28,0,3,Male,Master Degree,Married,Yes,Suburban,Engineering,Junior,Enterprise (5000+),Manufacturing,Good,Fast (50-100 Mbps),42,High,Few times per week,83.6,85.0,80.6,58.0,94.6,9,27,100.0,4,9,4930.0
51,11,5,Male,High School,In Relationship,Yes,Suburban,Engineering,Manager,Medium (201-1000),Technology,Good,Very Fast (100+ Mbps),50,High,Daily,82.9,81.4,90.7,64.3,95.0,9,0,100.0,5,5,5234.02
34,0,3,Female,Master Degree,Single,No,Rural,Engineering,Junior,Medium (201-1000),Healthcare,Excellent,Fast (50-100 Mbps),48,Moderate,Few times per week,77.8,84.1,74.9,77.5,88.8,9,16,97.7,2,9,6517.75
22,0,0,Female,Associate Degree,Single,No,Suburban,HR,Junior,Large (1001-5000),Healthcare,Excellent,Very Fast (100+ Mbps),32,High,Monthly,98.0,90.8,100.0,95.0,95.0,4,21,100.0,9,4,8626.0
36,3,5,Female,Bachelor Degree,Married,Yes,Urban,Product,Mid-Level,Large (1001-5000),Non-profit,Excellent,Fast (50-100 Mbps),33,Moderate,Bi-weekly,74.4,74.1,87.3,66.2,95.0,9,0,100.0,4,9,4905.42
28,4,4,Male,Bachelor Degree,Single,No,Urban,Engineering,Senior,Medium (201-1000),Technology,Poor,Moderate (25-50 Mbps),37,Moderate,Daily,47.4,53.1,50.0,43.8,63.2,10,27,70.7,7,5,2325.7799999999997
42,11,1,Male,Master Degree,Single,Yes,Suburban,Engineering,Senior,Startup (1-50),Healthcare,Excellent,Slow (<25 Mbps),32,Very High,Few times per week,98.0,90.1,91.0,73.8,95.0,7,61,100.0,5,7,6649.379999999999
29,1,5,Male,Master Degree,Divorced,Yes,Urban,Sales,Junior,Large (1001-5000),Healthcare,Excellent,Moderate (25-50 Mbps),39,High,Bi-weekly,81.3,93.1,84.6,67.9,95.0,8,0,100.0,6,8,6321.49
22,1,2,Male,Associate Degree,Divorced,No,Urban,Sales,Mid-Level,Medium (201-1000),Education,Good,Very Fast (100+ Mbps),45,High,Daily,73.8,71.6,79.9,64.9,88.7,5,29,100.0,7,4,4646.84
30,3,5,Male,Associate Degree,Married,Yes,Rural,Marketing,Senior,Small (51-200),Technology,Poor,Fast (50-100 Mbps),43,Moderate,Weekly,86.9,97.1,90.8,75.8,95.0,10,0,95.7,7,6,7360.179999999999
22,1,1,Female,Bachelor Degree,Married,No,Suburban,Sales,Mid-Level,Enterprise (5000+),Technology,Good,Very Fast (100+ Mbps),48,High,Few times per week,88.1,96.4,98.1,84.0,95.0,7,39,100.0,5,7,8097.6
41,9,2,Female,Master Degree,Married,Yes,Urban,Data Science,Senior,Startup (1-50),Consulting,Poor,Very Fast (100+ Mbps),47,Moderate,Daily,84.0,94.5,83.1,76.0,95.0,8,63,100.0,6,7,7182.0
42,11,4,Male,Master Degree,Single,No,Suburban,Sales,Senior,Medium (201-1000),Technology,Excellent,Moderate (25-50 Mbps),53,Low,Monthly,88.0,97.6,91.8,79.8,92.3,13,24,100.0,5,5,7788.48
38,4,1,Female,Bachelor Degree,Single,Yes,Urban,Data Science,Mid-Level,Small (51-200),Healthcare,Poor,Moderate (25-50 Mbps),43,High,Weekly,98.0,91.9,88.8,70.7,95.0,9,7,100.0,3,7,6497.330000000001
26,1,3,Male,Master Degree,Married,Yes,Urban,Engineering,Junior,Small (51-200),Technology,Excellent,Very Fast (100+ Mbps),27,Moderate,Daily,75.4,92.4,77.7,79.2,85.8,7,7,100.0,5,3,7318.080000000001
34,9,4,Female,Bachelor Degree,Single,Yes,Urban,Engineering,Senior,Small (51-200),Technology,Average,Very Fast (100+ Mbps),44,Very High,Weekly,98.0,96.9,100.0,90.9,95.0,10,44,100.0,4,2,8808.210000000001
34,3,2,Male,PhD,Single,Yes,Suburban,HR,Senior,Small (51-200),Technology,Excellent,Fast (50-100 Mbps),55,Moderate,Daily,87.0,74.7,87.0,69.9,95.0,5,10,75.6,3,6,5221.530000000001
24,0,4,Male,Bachelor Degree,In Relationship,Yes,Urban,Finance,Junior,Large (1001-5000),Healthcare,Poor,Moderate (25-50 Mbps),48,Very High,Daily,90.9,94.0,99.0,80.5,95.0,7,22,100.0,5,6,7567.0
48,6,5,Female,Master Degree,In Relationship,Yes,Rural,Customer Success,Senior,Small (51-200),Technology,Excellent,Fast (50-100 Mbps),49,Moderate,Few times per week,95.8,99.9,100.0,83.7,95.0,9,0,100.0,5,1,8361.630000000001
42,12,3,Female,PhD,Married,Yes,Urban,Sales,Manager,Small (51-200),Technology,Excellent,Slow (<25 Mbps),42,High,Few times per week,98.0,88.8,97.3,91.5,95.0,5,8,100.0,3,7,8125.2
33,2,3,Female,Master Degree,Single,Yes,Urban,Design,Junior,Medium (201-1000),Manufacturing,Average,Fast (50-100 Mbps),47,Low,Daily,66.9,59.0,68.1,57.7,64.6,14,25,67.3,6,8,3404.3
35,6,2,Male,Associate Degree,Married,No,Urban,Engineering,Senior,Enterprise (5000+),Healthcare,Excellent,Slow (<25 Mbps),49,High,Few times per week,98.0,100.0,98.6,93.4,95.0,10,40,100.0,5,6,9340.0
36,8,4,Male,Master Degree,Divorced,Yes,Suburban,Engineering,Senior,Large (1001-5000),Technology,Average,Fast (50-100 Mbps),39,Very High,Few times per week,98.0,91.6,93.5,78.4,95.0,17,29,100.0,4,8,7181.4400000000005
22,0,5,Female,Associate Degree,Single,Yes,Urban,Sales,Junior,Startup (1-50),Healthcare,Average,Moderate (25-50 Mbps),38,High,Few times per week,58.8,67.7,61.1,58.1,74.7,3,0,100.0,8,4,3933.3700000000003
32,7,2,Female,High School,Single,No,Rural,Customer Success,Lead,Startup (1-50),Technology,Good,Moderate (25-50 Mbps),44,Moderate,Daily,98.0,100.0,100.0,95.0,95.0,3,32,99.3,1,7,9500.0
25,0,3,Female,Master Degree,In Relationship,No,Rural,Marketing,Junior,Large (1001-5000),Finance,Average,Very Fast (100+ Mbps),25,Low,Daily,68.3,75.0,77.2,39.7,78.9,7,16,90.8,5,7,2977.5
32,3,3,Female,Master Degree,Married,Yes,Urban,Engineering,Mid-Level,Small (51-200),Technology,Average,Moderate (25-50 Mbps),40,Moderate,Few times per week,55.8,55.2,65.3,47.2,76.5,7,15,75.5,7,8,2605.4400000000005
51,3,2,Female,Bachelor Degree,Single,No,Suburban,Engineering,Junior,Small (51-200),Technology,Good,Very Fast (100+ Mbps),30,Moderate,Few times per week,95.6,100.0,81.1,73.4,95.0,15,54,100.0,5,8,7340.000000000001
40,5,4,Male,Bachelor Degree,Married,Yes,Suburban,Sales,Junior,Large (1001-5000),Finance,Excellent,Very Fast (100+ Mbps),41,High,Bi-weekly,98.0,87.2,90.7,91.8,95.0,10,16,100.0,6,4,8004.96
29,0,2,Male,PhD,Married,No,Suburban,Marketing,Junior,Medium (201-1000),Manufacturing,Good,Moderate (25-50 Mbps),52,Very High,Daily,84.3,83.3,85.6,91.3,86.1,7,0,100.0,8,3,7605.289999999999
40,4,4,Male,Bachelor Degree,Single,No,Suburban,Finance,Mid-Level,Medium (201-1000),Technology,Excellent,Moderate (25-50 Mbps),38,Very Low,Weekly,58.4,66.4,59.4,41.0,85.4,12,37,65.4,4,10,2722.4
47,13,3,Male,Bachelor Degree,Single,No,Rural,Operations,Lead,Startup (1-50),Technology,Good,Very Fast (100+ Mbps),40,Low,Daily,85.5,72.2,93.0,57.7,95.0,8,32,100.0,3,6,4165.9400000000005
43,9,3,Female,Bachelor Degree,Married,Yes,Urban,Design,Senior,Small (51-200),Healthcare,Average,Fast (50-100 Mbps),45,High,Daily,86.7,83.9,89.0,56.4,95.0,8,15,100.0,7,8,4731.96
35,0,1,Female,Master Degree,Married,No,Suburban,Engineering,Junior,Small (51-200),Healthcare,Average,Fast (50-100 Mbps),47,Moderate,Few times per week,91.8,100.0,100.0,77.7,95.0,9,9,100.0,7,7,7770.0
29,0,4,Female,Bachelor Degree,Married,No,Urban,Sales,Junior,Small (51-200),Technology,Average,Very Fast (100+ Mbps),47,Moderate,Weekly,37.5,47.5,50.0,44.5,51.0,7,18,71.8,8,2,2113.75
41,8,1,Male,Master Degree,Divorced,No,Urban,Marketing,Mid-Level,Enterprise (5000+),Technology,Good,Moderate (25-50 Mbps),42,Moderate,Bi-weekly,93.8,89.4,86.6,84.6,95.0,4,34,98.5,10,6,7563.24
38,4,1,Male,Bachelor Degree,Married,No,Urban,Finance,Mid-Level,Startup (1-50),Technology,Good,Fast (50-100 Mbps),45,Moderate,Weekly,84.5,79.3,80.3,65.5,93.5,13,46,97.7,5,7,5194.15
43,3,3,Male,Bachelor Degree,Divorced,No,Rural,Marketing,Mid-Level,Medium (201-1000),Technology,Average,Slow (<25 Mbps),45,Very High,Daily,98.0,100.0,100.0,66.6,95.0,8,51,100.0,5,8,6659.999999999999
40,9,4,Female,Bachelor Degree,Divorced,No,Rural,Product,Lead,Medium (201-1000),Finance,Average,Very Fast (100+ Mbps),37,Low,Weekly,87.4,90.0,83.1,85.9,95.0,8,29,92.1,8,10,7731.000000000001
44,5,0,Male,Associate Degree,Single,No,Urban,Operations,Senior,Small (51-200),Technology,Average,Very Fast (100+ Mbps),31,High,Weekly,88.1,100.0,89.7,76.7,95.0,3,48,100.0,8,5,7670.0
30,2,0,Female,Bachelor Degree,Married,No,Rural,Engineering,Junior,Large (1001-5000),Education,Excellent,Moderate (25-50 Mbps),36,High,Few times per week,71.2,69.3,74.0,46.8,95.0,8,3,100.0,5,3,3243.24
46,23,4,Male,Associate Degree,Married,Yes,Suburban,Engineering,Manager,Large (1001-5000),Non-profit,Good,Very Fast (100+ Mbps),50,High,Monthly,97.2,94.9,94.0,95.0,95.0,8,8,100.0,3,6,9015.5
36,2,4,Male,Master Degree,Single,No,Suburban,HR,Junior,Enterprise (5000+),Education,Good,Very Fast (100+ Mbps),55,Moderate,Daily,35.0,46.2,50.0,34.4,55.0,5,41,52.5,6,2,1589.28
53,12,2,Female,Bachelor Degree,Divorced,Yes,Urban,Finance,Senior,Small (51-200),Finance,Excellent,Slow (<25 Mbps),41,Moderate,Weekly,98.0,100.0,95.0,95.0,95.0,8,8,81.7,4,6,9500.0
28,2,4,Female,Master Degree,Single,No,Suburban,Engineering,Mid-Level,Startup (1-50),Education,Average,Moderate (25-50 Mbps),50,Moderate,Daily,98.0,96.2,100.0,83.7,95.0,9,13,90.8,8,5,8051.9400000000005
50,5,3,Female,PhD,Married,Yes,Urban,Engineering,Mid-Level,Startup (1-50),Education,Good,Fast (50-100 Mbps),40,Moderate,Weekly,91.0,96.4,94.6,82.3,95.0,10,30,100.0,8,5,7933.72
36,2,4,Female,Master Degree,Married,No,Urban,Operations,Junior,Small (51-200),Consulting,Average,Fast (50-100 Mbps),44,Moderate,Weekly,76.7,71.0,86.5,58.6,89.4,11,30,100.0,8,1,4160.6
32,3,4,Female,Bachelor Degree,Married,No,Suburban,Marketing,Mid-Level,Small (51-200),Technology,Average,Moderate (25-50 Mbps),38,Very High,Daily,98.0,92.4,97.8,91.7,95.0,8,48,100.0,6,9,8473.08
38,1,3,Female,PhD,Single,No,Rural,Sales,Junior,Enterprise (5000+),Finance,Good,Very Fast (100+ Mbps),36,Moderate,Daily,88.7,96.5,81.0,51.1,95.0,7,7,100.0,4,3,4931.150000000001
39,8,3,Male,Master Degree,Single,Yes,Suburban,Design,Mid-Level,Medium (201-1000),Finance,Average,Very Fast (100+ Mbps),42,Very High,Bi-weekly,98.0,100.0,100.0,93.6,95.0,10,29,100.0,5,8,9360.0
29,0,4,Female,Master Degree,Divorced,Yes,Urban,Engineering,Junior,Medium (201-1000),Technology,Average,Moderate (25-50 Mbps),46,High,Daily,41.5,40.0,51.3,33.4,65.3,8,51,100.0,6,8,1336.0
34,0,5,Male,Master Degree,Single,No,Urban,HR,Junior,Small (51-200),Finance,Average,Very Fast (100+ Mbps),42,High,Few times per week,98.0,89.0,100.0,83.0,95.0,12,0,100.0,6,5,7387.0
50,21,0,Male,High School,Married,No,Rural,Engineering,Manager,Large (1001-5000),Education,Excellent,Slow (<25 Mbps),36,Very High,Weekly,92.1,86.5,96.7,95.0,95.0,3,2,100.0,4,7,8217.5
38,3,1,Male,Master Degree,Single,No,Rural,Marketing,Mid-Level,Startup (1-50),Government,Good,Moderate (25-50 Mbps),31,High,Monthly,91.0,76.6,94.2,85.3,95.0,11,53,100.0,8,3,6533.98
35,7,5,Female,Associate Degree,Married,No,Suburban,Engineering,Mid-Level,Large (1001-5000),Technology,Average,Fast (50-100 Mbps),39,Moderate,Weekly,88.8,91.3,86.7,68.0,95.0,6,0,100.0,8,5,6208.4
36,9,4,Male,Bachelor Degree,Married,No,Suburban,Finance,Senior,Medium (201-1000),Technology,Good,Fast (50-100 Mbps),41,High,Weekly,98.0,96.3,93.6,95.0,95.0,12,22,100.0,7,6,9148.5
40,9,4,Male,Bachelor Degree,Married,No,Suburban,Operations,Lead,Large (1001-5000),Consulting,Good,Very Fast (100+ Mbps),45,Moderate,Bi-weekly,98.0,95.3,100.0,76.0,95.0,5,35,100.0,7,10,7242.8
25,1,0,Female,Bachelor Degree,Married,No,Urban,Engineering,Junior,Large (1001-5000),Government,Excellent,Fast (50-100 Mbps),34,Low,Few times per week,85.1,65.5,86.7,65.2,95.0,11,63,95.1,7,5,4270.6
32,5,5,Female,High School,Single,No,Urban,Engineering,Senior,Small (51-200),Healthcare,Good,Very Fast (100+ Mbps),46,Moderate,Daily,77.1,79.6,76.4,62.0,93.0,8,0,83.9,9,6,4935.2
22,0,4,Female,Master Degree,Married,No,Suburban,HR,Junior,Medium (201-1000),Technology,Average,Fast (50-100 Mbps),38,High,Weekly,91.6,84.5,94.0,84.5,95.0,8,0,100.0,8,7,7140.25
38,7,4,Male,Master Degree,Single,Yes,Suburban,Engineering,Senior,Startup (1-50),Healthcare,Excellent,Very Fast (100+ Mbps),38,High,Daily,98.0,100.0,98.1,71.1,95.0,8,31,100.0,5,6,7109.999999999999
40,1,2,Female,Master Degree,Single,Yes,Rural,Marketing,Mid-Level,Medium (201-1000),Technology,Good,Very Fast (100+ Mbps),49,Very High,Daily,92.9,100.0,100.0,68.7,95.0,10,59,100.0,6,7,6870.0
30,0,0,Male,Bachelor Degree,Married,No,Urban,Sales,Junior,Startup (1-50),Media,Excellent,Very Fast (100+ Mbps),27,High,Weekly,63.2,69.7,62.2,53.2,82.8,8,42,100.0,6,7,3708.0400000000004
49,8,3,Male,PhD,Single,No,Suburban,Design,Senior,Medium (201-1000),Retail,Average,Moderate (25-50 Mbps),34,Very High,Monthly,91.3,100.0,82.4,74.0,95.0,5,47,100.0,6,3,7400.0
23,0,4,Female,Associate Degree,Married,Yes,Suburban,Marketing,Junior,Startup (1-50),Technology,Average,Very Fast (100+ Mbps),42,Low,Few times per week,55.3,59.4,55.5,63.2,63.1,10,28,80.9,5,6,3754.08
22,0,1,Female,Master Degree,Married,Yes,Suburban,Finance,Mid-Level,Enterprise (5000+),Media,Good,Very Fast (100+ Mbps),41,Moderate,Daily,55.9,52.2,70.3,57.6,69.3,6,68,82.0,8,8,3006.7200000000003
37,5,4,Female,Associate Degree,Divorced,No,Urban,Engineering,Senior,Medium (201-1000),Education,Excellent,Very Fast (100+ Mbps),31,High,Few times per week,98.0,100.0,96.7,74.1,95.0,9,0,100.0,8,7,7409.999999999999
44,13,2,Female,Bachelor Degree,Married,Yes,Suburban,Engineering,Manager,Enterprise (5000+),Government,Excellent,Very Fast (100+ Mbps),39,High,Few times per week,98.0,96.3,94.8,95.0,95.0,5,53,100.0,5,6,9148.5
50,8,4,Male,Bachelor Degree,Single,Yes,Suburban,Engineering,Mid-Level,Startup (1-50),Non-profit,Good,Moderate (25-50 Mbps),47,Moderate,Few times per week,98.0,100.0,93.9,93.1,95.0,7,0,100.0,3,8,9310.0
30,4,3,Female,Master Degree,Married,Yes,Suburban,Sales,Mid-Level,Medium (201-1000),Technology,Good,Fast (50-100 Mbps),35,High,Few times per week,91.1,93.9,89.2,95.0,95.0,6,30,100.0,1,7,8920.5
44,20,1,Male,High School,Single,No,Suburban,Finance,Manager,Small (51-200),Technology,Good,Very Fast (100+ Mbps),48,Low,Daily,98.0,100.0,90.9,93.0,95.0,9,11,100.0,3,8,9300.0
34,3,3,Female,Bachelor Degree,Married,No,Suburban,Operations,Mid-Level,Medium (201-1000),Healthcare,Average,Very Fast (100+ Mbps),37,High,Few times per week,80.8,82.4,78.2,59.6,95.0,10,37,100.0,4,3,4911.040000000001
33,1,3,Female,Bachelor Degree,Single,Yes,Urban,Sales,Junior,Large (1001-5000),Government,Poor,Slow (<25 Mbps),30,Low,Bi-weekly,55.8,57.3,61.4,48.0,74.3,5,18,86.6,7,7,2750.3999999999996
42,6,1,Female,Bachelor Degree,Single,Yes,Urban,Finance,Senior,Enterprise (5000+),Non-profit,Excellent,Fast (50-100 Mbps),46,Moderate,Weekly,98.0,100.0,92.2,87.1,95.0,11,37,100.0,4,7,8710.0
40,6,4,Female,Master Degree,Married,No,Suburban,Engineering,Mid-Level,Small (51-200),Healthcare,Excellent,Very Fast (100+ Mbps),43,Low,Daily,67.8,72.1,70.1,59.8,82.7,3,15,100.0,6,7,4311.579999999999
22,1,0,Female,Bachelor Degree,Married,No,Urban,Engineering,Junior,Enterprise (5000+),Technology,Good,Very Fast (100+ Mbps),33,Very High,Few times per week,60.8,67.8,69.7,72.5,85.0,6,71,100.0,5,9,4915.5
48,7,2,Female,Bachelor Degree,Married,No,Rural,Customer Success,Lead,Large (1001-5000),Technology,Good,Very Fast (100+ Mbps),38,Very High,Daily,98.0,90.8,100.0,95.0,95.0,12,30,100.0,8,6,8626.0
47,3,0,Male,Bachelor Degree,Married,Yes,Urban,Operations,Senior,Enterprise (5000+),Manufacturing,Good,Very Fast (100+ Mbps),52,Moderate,Monthly,98.0,100.0,90.8,85.7,95.0,3,17,92.9,6,8,8570.0
29,5,1,Male,Bachelor Degree,Married,Yes,Suburban,Operations,Mid-Level,Medium (201-1000),Education,Average,Moderate (25-50 Mbps),45,Low,Daily,40.7,52.7,52.8,42.8,44.0,10,5,78.0,7,8,2255.56
38,3,2,Female,Bachelor Degree,Married,No,Suburban,Sales,Mid-Level,Enterprise (5000+),Healthcare,Excellent,Very Fast (100+ Mbps),48,Moderate,Bi-weekly,98.0,99.8,96.7,65.2,95.0,9,17,84.3,6,5,6506.96
39,2,0,Female,Master Degree,Married,Yes,Urban,Sales,Junior,Large (1001-5000),Healthcare,Average,Moderate (25-50 Mbps),35,Moderate,Weekly,95.0,99.1,97.6,90.5,95.0,7,14,100.0,8,5,8968.55
37,3,3,Male,Associate Degree,Single,No,Suburban,Engineering,Mid-Level,Startup (1-50),Retail,Good,Fast (50-100 Mbps),49,Very High,Few times per week,92.6,100.0,93.2,91.3,95.0,9,25,100.0,7,9,9130.0
30,3,1,Male,Associate Degree,Married,Yes,Suburban,Customer Success,Mid-Level,Small (51-200),Consulting,Poor,Very Fast (100+ Mbps),33,High,Daily,87.4,88.9,87.1,77.3,95.0,14,29,100.0,6,5,6871.97
28,2,4,Male,Bachelor Degree,Married,Yes,Urban,Operations,Mid-Level,Small (51-200),Finance,Average,Moderate (25-50 Mbps),33,High,Bi-weekly,91.3,92.0,99.5,61.1,95.0,8,0,100.0,6,6,5621.2
34,6,0,Female,Bachelor Degree,Single,Yes,Rural,Engineering,Mid-Level,Medium (201-1000),Technology,Average,Very Fast (100+ Mbps),47,Moderate,Daily,98.0,94.3,100.0,77.7,95.0,3,26,98.4,10,7,7327.11
45,4,0,Male,Bachelor Degree,Single,No,Urban,Customer Success,Mid-Level,Large (1001-5000),Retail,Excellent,Fast (50-100 Mbps),34,High,Daily,89.9,81.5,98.4,80.8,95.0,11,0,100.0,7,5,6585.2
39,3,2,Male,Bachelor Degree,Single,Yes,Suburban,Marketing,Junior,Large (1001-5000),Media,Average,Moderate (25-50 Mbps),51,High,Daily,70.2,59.2,71.4,63.2,83.8,11,51,100.0,7,7,3741.4400000000005
31,3,5,Female,Bachelor Degree,Married,Yes,Urban,HR,Mid-Level,Large (1001-5000),Finance,Excellent,Slow (<25 Mbps),34,Moderate,Few times per week,83.6,84.3,73.8,83.1,95.0,8,0,83.3,3,5,7005.329999999999
41,11,4,Female,High School,Married,Yes,Urban,Engineering,Senior,Medium (201-1000),Technology,Average,Very Fast (100+ Mbps),36,Low,Daily,98.0,100.0,100.0,95.0,95.0,5,21,100.0,8,7,9500.0
22,1,4,Male,Master Degree,Married,Yes,Rural,Engineering,Junior,Startup (1-50),Technology,Excellent,Very Fast (100+ Mbps),48,Moderate,Monthly,87.6,82.0,91.0,76.1,95.0,6,5,88.2,6,7,6240.2
45,7,1,Male,Master Degree,Married,Yes,Suburban,Engineering,Senior,Small (51-200),Technology,Excellent,Fast (50-100 Mbps),38,Moderate,Daily,98.0,87.9,100.0,84.3,95.0,9,30,100.0,5,8,7409.97
22,1,4,Female,Master Degree,In Relationship,Yes,Urban,Engineering,Junior,Large (1001-5000),Technology,Excellent,Very Fast (100+ Mbps),46,Very Low,Weekly,53.0,58.6,52.3,49.5,68.3,8,39,100.0,6,8,2900.7000000000003
31,5,0,Male,Bachelor Degree,Single,Yes,Suburban,HR,Mid-Level,Startup (1-50),Education,Excellent,Fast (50-100 Mbps),35,Very High,Daily,98.0,99.0,100.0,81.7,95.0,10,29,100.0,6,7,8088.3
23,0,4,Female,PhD,Married,No,Rural,Operations,Junior,Medium (201-1000),Education,Poor,Fast (50-100 Mbps),46,Moderate,Daily,74.9,74.8,74.9,58.2,95.0,6,37,94.2,5,6,4353.36
45,3,2,Male,Master Degree,Married,Yes,Suburban,Product,Junior,Startup (1-50),Technology,Good,Very Fast (100+ Mbps),36,High,Monthly,98.0,93.8,96.0,74.4,95.0,14,23,100.0,7,7,6978.72
30,2,5,Female,Bachelor Degree,Married,Yes,Rural,Engineering,Mid-Level,Small (51-200),Technology,Average,Moderate (25-50 Mbps),48,High,Daily,76.6,87.0,75.3,70.1,94.8,12,0,100.0,4,5,6098.7
38,4,0,Male,Bachelor Degree,Married,No,Suburban,Product,Mid-Level,Startup (1-50),Healthcare,Excellent,Fast (50-100 Mbps),39,High,Weekly,95.7,94.3,92.6,75.5,95.0,9,17,100.0,8,9,7119.65
34,2,5,Male,Bachelor Degree,In Relationship,Yes,Suburban,Product,Junior,Enterprise (5000+),Healthcare,Good,Very Fast (100+ Mbps),42,Moderate,Daily,89.7,84.4,96.5,67.2,95.0,11,0,100.0,3,3,5671.68
39,5,4,Female,Bachelor Degree,Married,Yes,Rural,Marketing,Senior,Small (51-200),Technology,Excellent,Moderate (25-50 Mbps),35,High,Weekly,94.5,99.7,88.0,85.0,95.0,9,11,100.0,6,8,8474.5
35,2,3,Female,Bachelor Degree,Single,No,Urban,Engineering,Junior,Large (1001-5000),Consulting,Excellent,Very Fast (100+ Mbps),37,High,Daily,92.3,78.2,94.9,78.3,95.0,2,37,100.0,5,6,6123.06
23,0,0,Male,Master Degree,Married,No,Urban,Finance,Mid-Level,Startup (1-50),Technology,Excellent,Very Fast (100+ Mbps),36,High,Daily,94.8,91.8,96.4,87.2,95.0,12,39,100.0,2,9,8004.96
43,1,2,Male,Master Degree,Single,No,Urban,Sales,Mid-Level,Large (1001-5000),Finance,Good,Very Fast (100+ Mbps),38,High,Weekly,98.0,80.9,100.0,85.9,95.0,5,45,100.0,7,7,6949.310000000001
30,5,5,Male,Bachelor Degree,Married,Yes,Urban,Customer Success,Mid-Level,Medium (201-1000),Healthcare,Excellent,Moderate (25-50 Mbps),51,Low,Daily,80.0,77.1,67.8,67.3,89.2,8,0,100.0,6,8,5188.829999999999
22,0,2,Male,Associate Degree,Single,No,Urban,Engineering,Mid-Level,Large (1001-5000),Consulting,Average,Very Fast (100+ Mbps),48,Very Low,Few times per week,44.9,45.8,60.1,45.6,66.9,9,9,56.2,7,8,2088.48
31,5,4,Female,Bachelor Degree,Married,Yes,Suburban,Marketing,Mid-Level,Large (1001-5000),Finance,Good,Very Fast (100+ Mbps),44,Moderate,Daily,57.7,63.6,51.1,52.9,85.3,9,50,53.9,5,7,3364.44
48,1,5,Male,High School,Married,No,Suburban,Marketing,Junior,Medium (201-1000),Finance,Average,Slow (<25 Mbps),38,Very Low,Weekly,47.3,55.1,56.9,38.7,61.4,12,0,63.4,8,2,2132.3700000000003
31,2,3,Male,Bachelor Degree,Married,Yes,Urban,Sales,Mid-Level,Medium (201-1000),Finance,Average,Moderate (25-50 Mbps),36,Moderate,Daily,84.1,91.6,89.3,95.0,95.0,5,9,97.5,4,9,8702.0
31,0,4,Female,Bachelor Degree,Married,No,Urban,Engineering,Junior,Large (1001-5000),Retail,Average,Very Fast (100+ Mbps),40,High,Weekly,76.1,76.1,83.4,62.2,95.0,7,32,100.0,7,8,4733.42
32,0,1,Female,PhD,Married,No,Suburban,Marketing,Junior,Medium (201-1000),Technology,Excellent,Moderate (25-50 Mbps),43,Moderate,Daily,56.8,60.7,54.0,48.1,80.0,7,16,100.0,9,9,2919.67
53,3,1,Female,Bachelor Degree,Divorced,No,Suburban,Customer Success,Mid-Level,Enterprise (5000+),Consulting,Average,Fast (50-100 Mbps),45,High,Few times per week,98.0,92.4,93.1,78.2,95.0,8,3,100.0,8,6,7225.68
38,8,3,Male,Bachelor Degree,Married,No,Urban,Engineering,Senior,Large (1001-5000),Technology,Good,Moderate (25-50 Mbps),42,Moderate,Few times per week,98.0,91.5,100.0,88.5,95.0,10,31,74.6,4,6,8097.75
38,8,3,Male,Associate Degree,Single,No,Rural,HR,Senior,Small (51-200),Non-profit,Good,Slow (<25 Mbps),45,Very High,Bi-weekly,98.0,92.0,89.6,95.0,95.0,15,28,100.0,5,8,8740.0
44,2,4,Male,Bachelor Degree,In Relationship,No,Suburban,Engineering,Mid-Level,Medium (201-1000),Finance,Good,Moderate (25-50 Mbps),47,High,Daily,98.0,100.0,100.0,85.0,95.0,12,33,100.0,7,5,8500.0
32,9,5,Female,Master Degree,Married,No,Urban,Product,Senior,Large (1001-5000),Finance,Average,Moderate (25-50 Mbps),48,Moderate,Few times per week,82.0,92.2,83.2,63.3,95.0,10,0,97.4,5,6,5836.26
33,7,0,Female,Bachelor Degree,Married,Yes,Suburban,Sales,Mid-Level,Enterprise (5000+),Technology,Excellent,Fast (50-100 Mbps),36,Moderate,Few times per week,98.0,98.2,100.0,78.5,95.0,11,51,100.0,5,5,7708.7
34,6,4,Female,Bachelor Degree,Single,Yes,Suburban,Product,Senior,Small (51-200),Technology,Good,Very Fast (100+ Mbps),45,Moderate,Few times per week,74.7,94.0,81.3,81.0,91.5,6,26,99.2,2,7,7614.0
34,3,3,Male,Master Degree,In Relationship,No,Suburban,Marketing,Mid-Level,Small (51-200),Consulting,Average,Moderate (25-50 Mbps),42,High,Daily,98.0,94.0,100.0,71.7,95.0,10,23,100.0,6,5,6739.8
41,11,1,Female,High School,Married,No,Suburban,Sales,Senior,Medium (201-1000),Finance,Average,Fast (50-100 Mbps),43,Moderate,Few times per week,98.0,100.0,97.9,86.5,95.0,3,61,100.0,3,7,8650.0
41,3,4,Male,Bachelor Degree,Divorced,Yes,Suburban,Engineering,Mid-Level,Medium (201-1000),Technology,Good,Very Fast (100+ Mbps),49,Moderate,Few times per week,98.0,89.3,99.1,72.2,95.0,5,41,100.0,7,8,6447.46
34,1,5,Male,Master Degree,Married,No,Suburban,Engineering,Junior,Medium (201-1000),Government,Average,Fast (50-100 Mbps),38,Moderate,Daily,84.0,72.0,83.8,86.4,95.0,9,0,100.0,5,7,6220.8
35,4,2,Female,Bachelor Degree,Single,No,Suburban,Operations,Senior,Small (51-200),Technology,Average,Fast (50-100 Mbps),50,Low,Daily,66.7,68.9,77.8,58.5,81.3,8,0,68.5,9,8,4030.6500000000005
22,1,3,Male,Bachelor Degree,Single,No,Suburban,Customer Success,Junior,Small (51-200),Technology,Good,Fast (50-100 Mbps),50,High,Few times per week,62.4,66.2,68.1,56.2,83.1,11,16,97.1,7,10,3720.4400000000005
43,12,2,Male,Master Degree,Married,Yes,Suburban,HR,Lead,Startup (1-50),Government,Average,Very Fast (100+ Mbps),44,High,Few times per week,67.7,70.7,63.0,57.7,87.9,7,34,100.0,5,6,4079.3900000000003
38,0,0,Female,Bachelor Degree,Single,No,Urban,Engineering,Junior,Large (1001-5000),Media,Good,Fast (50-100 Mbps),40,High,Daily,96.1,100.0,98.1,87.1,95.0,11,47,100.0,7,7,8710.0
43,13,4,Female,Bachelor Degree,Divorced,Yes,Suburban,Design,Lead,Small (51-200),Technology,Average,Moderate (25-50 Mbps),36,High,Few times per week,98.0,83.9,100.0,86.4,95.0,8,37,100.0,8,3,7248.960000000001
22,1,4,Male,Associate Degree,Married,Yes,Suburban,Finance,Junior,Small (51-200),Consulting,Good,Very Fast (100+ Mbps),30,Very High,Weekly,84.7,78.1,91.5,66.0,95.0,6,40,100.0,5,10,5154.599999999999
53,5,2,Male,Master Degree,Married,Yes,Suburban,Design,Senior,Medium (201-1000),Technology,Good,Fast (50-100 Mbps),45,Moderate,Daily,66.9,70.7,59.9,60.3,82.8,8,39,95.8,6,7,4263.21
33,5,5,Female,Master Degree,Married,No,Urban,Sales,Senior,Startup (1-50),Technology,Average,Very Fast (100+ Mbps),35,High,Weekly,88.4,95.0,94.5,83.0,95.0,13,0,100.0,4,3,7885.0
44,5,0,Female,PhD,Married,No,Suburban,Finance,Mid-Level,Enterprise (5000+),Consulting,Excellent,Very Fast (100+ Mbps),36,Moderate,Monthly,93.5,100.0,82.8,84.9,95.0,8,32,99.5,5,6,8490.0
25,1,4,Male,PhD,Married,No,Suburban,Customer Success,Junior,Small (51-200),Manufacturing,Average,Fast (50-100 Mbps),45,Very High,Daily,90.5,100.0,96.1,76.6,95.0,7,42,100.0,6,3,7659.999999999999
40,3,3,Female,Master Degree,Married,Yes,Suburban,Sales,Junior,Large (1001-5000),Technology,Average,Very Fast (100+ Mbps),39,Very High,Daily,98.0,93.0,100.0,83.3,95.0,5,27,100.0,6,6,7746.9
25,1,3,Female,Master Degree,In Relationship,No,Suburban,Data Science,Junior,Medium (201-1000),Technology,Poor,Fast (50-100 Mbps),43,Moderate,Few times per week,35.0,40.0,52.3,39.7,45.8,7,43,59.1,7,5,1588.0
29,6,3,Female,Master Degree,Married,No,Urban,Engineering,Senior,Large (1001-5000),Technology,Good,Fast (50-100 Mbps),44,Low,Daily,82.9,82.4,88.8,62.7,85.5,7,32,88.1,9,6,5166.4800000000005
52,12,2,Male,Bachelor Degree,Married,No,Urban,Sales,Manager,Small (51-200),Manufacturing,Average,Very Fast (100+ Mbps),51,High,Weekly,93.4,94.4,100.0,78.8,95.0,10,35,100.0,8,3,7438.72
33,4,4,Male,Bachelor Degree,Single,No,Suburban,Design,Mid-Level,Small (51-200),Government,Average,Very Fast (100+ Mbps),43,Very High,Daily,98.0,91.2,99.2,76.9,95.0,3,38,100.0,8,8,7013.280000000001
36,1,4,Female,Bachelor Degree,Married,Yes,Urban,Data Science,Junior,Large (1001-5000),Technology,Average,Moderate (25-50 Mbps),38,Very High,Daily,98.0,99.7,100.0,95.0,95.0,5,29,100.0,6,8,9471.5
42,1,2,Male,Bachelor Degree,Married,No,Suburban,Sales,Junior,Small (51-200),Consulting,Excellent,Very Fast (100+ Mbps),41,Low,Daily,81.3,93.8,84.5,63.8,95.0,7,40,55.4,3,4,5984.44
39,2,4,Female,Master Degree,Married,No,Suburban,Engineering,Mid-Level,Large (1001-5000),Technology,Good,Fast (50-100 Mbps),38,Moderate,Daily,98.0,100.0,100.0,83.1,95.0,6,12,100.0,6,8,8310.0
36,11,2,Male,Bachelor Degree,Single,No,Rural,HR,Lead,Small (51-200),Retail,Good,Moderate (25-50 Mbps),53,Low,Daily,98.0,91.0,94.0,83.6,95.0,9,31,100.0,5,4,7607.599999999999
38,8,4,Male,Bachelor Degree,Divorced,No,Urban,Design,Senior,Large (1001-5000),Technology,Good,Moderate (25-50 Mbps),44,Very High,Daily,98.0,96.5,87.0,74.2,95.0,9,17,100.0,2,3,7160.3
56,10,1,Male,Bachelor Degree,Married,Yes,Urban,Operations,Lead,Enterprise (5000+),Education,Average,Fast (50-100 Mbps),45,Low,Daily,84.0,78.5,87.3,66.9,95.0,9,40,85.2,4,4,5251.650000000001
34,5,1,Male,Master Degree,Married,No,Suburban,Operations,Mid-Level,Enterprise (5000+),Technology,Good,Very Fast (100+ Mbps),50,Moderate,Few times per week,86.4,100.0,88.5,82.5,95.0,7,38,100.0,7,2,8250.0
36,10,2,Female,Master Degree,Married,No,Suburban,HR,Mid-Level,Small (51-200),Media,Average,Very Fast (100+ Mbps),36,Low,Daily,98.0,100.0,95.3,95.0,95.0,8,31,100.0,6,6,9500.0
44,10,3,Male,Bachelor Degree,Married,Yes,Urban,Engineering,Senior,Small (51-200),Technology,Good,Very Fast (100+ Mbps),33,Very High,Weekly,98.0,96.5,100.0,77.5,95.0,11,23,100.0,9,10,7478.75
44,4,4,Female,Bachelor Degree,Married,No,Suburban,Data Science,Senior,Enterprise (5000+),Finance,Excellent,Fast (50-100 Mbps),41,Moderate,Daily,98.0,91.0,100.0,72.9,95.0,7,31,100.0,9,9,6633.900000000001
45,11,3,Female,Bachelor Degree,Married,Yes,Suburban,Sales,Manager,Large (1001-5000),Consulting,Excellent,Very Fast (100+ Mbps),33,Moderate,Daily,97.9,99.3,95.0,79.5,95.0,12,0,100.0,6,6,7894.349999999999
40,9,0,Male,Associate Degree,Single,Yes,Urban,Operations,Mid-Level,Startup (1-50),Finance,Good,Moderate (25-50 Mbps),39,Moderate,Daily,87.4,79.7,81.8,54.4,95.0,6,5,100.0,4,8,4335.68
24,0,2,Female,Bachelor Degree,Married,No,Urban,Marketing,Junior,Medium (201-1000),Technology,Good,Fast (50-100 Mbps),28,High,Weekly,98.0,93.0,100.0,93.6,95.0,2,31,100.0,5,8,8704.8
49,13,4,Male,Master Degree,Single,No,Suburban,Marketing,Senior,Small (51-200),Healthcare,Good,Very Fast (100+ Mbps),33,Moderate,Few times per week,80.7,67.1,85.5,75.8,95.0,6,43,100.0,4,4,5086.179999999999
24,0,4,Female,Bachelor Degree,Married,Yes,Urban,Finance,Junior,Enterprise (5000+),Consulting,Average,Very Fast (100+ Mbps),49,Very Low,Daily,70.4,72.7,66.1,52.9,95.0,10,46,86.1,6,5,3845.83
37,7,1,Female,Bachelor Degree,Single,Yes,Urban,Data Science,Lead,Startup (1-50),Finance,Good,Fast (50-100 Mbps),44,Moderate,Daily,86.4,88.2,83.5,71.9,95.0,11,5,100.0,8,7,6341.580000000001
28,0,0,Male,High School,Divorced,Yes,Urban,Finance,Junior,Medium (201-1000),Technology,Poor,Very Fast (100+ Mbps),52,Moderate,Monthly,38.3,53.5,50.0,41.9,55.4,8,97,37.6,8,5,2241.65
34,0,4,Male,Bachelor Degree,Married,Yes,Suburban,Customer Success,Junior,Large (1001-5000),Finance,Poor,Fast (50-100 Mbps),41,Moderate,Weekly,72.1,69.7,80.0,70.7,81.1,3,11,100.0,4,9,4927.79
37,0,1,Female,High School,Married,Yes,Suburban,Engineering,Junior,Enterprise (5000+),Government,Excellent,Moderate (25-50 Mbps),41,Moderate,Daily,79.1,83.3,80.4,76.3,94.2,4,15,85.9,6,5,6355.79
37,8,1,Female,Bachelor Degree,Married,Yes,Urban,Customer Success,Lead,Large (1001-5000),Technology,Average,Slow (<25 Mbps),43,High,Few times per week,65.2,66.8,65.3,58.4,72.7,9,0,100.0,7,8,3901.12
38,8,0,Male,Bachelor Degree,Divorced,Yes,Urban,Sales,Lead,Small (51-200),Finance,Average,Fast (50-100 Mbps),63,High,Few times per week,98.0,100.0,92.5,88.8,95.0,3,21,100.0,5,8,8880.0
49,10,3,Female,Master Degree,Single,No,Urban,Engineering,Senior,Medium (201-1000),Education,Good,Moderate (25-50 Mbps),48,Moderate,Daily,75.8,87.7,89.8,63.4,94.5,5,19,100.0,8,6,5560.18
39,1,3,Male,Bachelor Degree,Married,No,Suburban,Engineering,Junior,Enterprise (5000+),Technology,Good,Fast (50-100 Mbps),36,Very High,Weekly,86.1,88.3,95.8,71.7,95.0,8,48,100.0,5,5,6331.11
32,4,4,Female,Bachelor Degree,Married,No,Urban,Finance,Mid-Level,Large (1001-5000),Finance,Average,Fast (50-100 Mbps),44,Moderate,Weekly,46.3,60.9,58.7,58.6,52.8,7,37,65.0,6,2,3568.74
43,10,2,Male,Bachelor Degree,Single,No,Suburban,Data Science,Lead,Large (1001-5000),Government,Poor,Fast (50-100 Mbps),42,Moderate,Few times per week,69.0,72.7,82.7,82.4,84.8,10,57,82.9,6,8,5990.4800000000005
45,8,4,Female,Master Degree,Single,Yes,Urban,Finance,Mid-Level,Large (1001-5000),Technology,Good,Very Fast (100+ Mbps),46,Moderate,Weekly,73.2,61.2,85.1,61.6,86.5,12,53,82.0,5,6,3769.92
23,0,1,Male,Associate Degree,Single,No,Urban,Engineering,Mid-Level,Small (51-200),Manufacturing,Excellent,Very Fast (100+ Mbps),53,Low,Few times per week,49.7,56.0,55.9,57.4,68.1,5,79,73.9,9,6,3214.4
40,3,4,Female,Master Degree,Single,No,Urban,Engineering,Junior,Large (1001-5000),Consulting,Good,Fast (50-100 Mbps),45,High,Daily,81.3,95.7,82.3,65.4,93.2,8,54,100.0,7,2,6258.780000000001
41,5,3,Female,Master Degree,Married,No,Suburban,Marketing,Junior,Small (51-200),Technology,Excellent,Slow (<25 Mbps),39,Very High,Daily,98.0,100.0,95.5,66.2,95.0,7,30,100.0,8,4,6620.0
32,7,3,Female,Bachelor Degree,Single,Yes,Suburban,Engineering,Mid-Level,Medium (201-1000),Technology,Good,Fast (50-100 Mbps),53,High,Few times per week,98.0,100.0,100.0,87.3,95.0,12,18,100.0,7,6,8730.0
47,4,2,Female,Master Degree,Married,Yes,Rural,Sales,Senior,Large (1001-5000),Media,Average,Fast (50-100 Mbps),34,Low,Daily,84.8,87.3,89.8,63.1,93.3,5,55,100.0,6,7,5508.63
33,8,0,Female,Master Degree,Single,No,Urban,Finance,Senior,Startup (1-50),Manufacturing,Good,Fast (50-100 Mbps),40,Very Low,Few times per week,91.4,81.6,92.0,85.1,95.0,14,20,88.3,2,5,6944.159999999999
36,1,3,Female,Bachelor Degree,Married,Yes,Urban,Data Science,Junior,Medium (201-1000),Technology,Excellent,Fast (50-100 Mbps),47,High,Daily,58.2,59.1,63.7,37.5,73.6,9,34,100.0,7,4,2216.25
33,5,4,Female,Master Degree,Divorced,No,Suburban,Sales,Senior,Small (51-200),Technology,Average,Very Fast (100+ Mbps),37,Very High,Daily,87.1,88.7,84.8,78.4,95.0,8,21,100.0,6,5,6954.080000000001
35,0,1,Female,Bachelor Degree,Married,Yes,Suburban,Engineering,Junior,Small (51-200),Education,Good,Moderate (25-50 Mbps),41,High,Bi-weekly,95.8,84.7,99.0,95.0,95.0,13,23,100.0,3,5,8046.5
25,0,5,Female,Bachelor Degree,Single,Yes,Suburban,Customer Success,Mid-Level,Large (1001-5000),Finance,Excellent,Fast (50-100 Mbps),37,Moderate,Monthly,67.0,63.0,65.0,50.4,84.7,10,0,99.1,3,6,3175.2
22,0,5,Female,Master Degree,Married,No,Urban,HR,Junior,Large (1001-5000),Healthcare,Average,Very Fast (100+ Mbps),41,Moderate,Few times per week,72.0,74.1,74.3,58.5,75.9,11,0,100.0,6,6,4334.849999999999
49,17,3,Male,Master Degree,Single,No,Urban,Customer Success,Lead,Startup (1-50),Government,Poor,Fast (50-100 Mbps),37,Moderate,Few times per week,81.0,85.1,84.4,66.7,95.0,7,0,99.9,8,3,5676.17
27,2,5,Female,PhD,Single,Yes,Urban,Engineering,Junior,Medium (201-1000),Finance,Average,Very Fast (100+ Mbps),42,Moderate,Weekly,64.0,64.2,73.4,57.1,89.2,5,0,70.9,6,7,3665.82
26,0,1,Male,Bachelor Degree,Single,No,Suburban,Sales,Junior,Medium (201-1000),Media,Good,Fast (50-100 Mbps),40,Moderate,Weekly,56.9,52.3,55.6,55.5,74.6,8,44,84.5,8,4,2902.6499999999996
22,1,0,Female,Bachelor Degree,In Relationship,Yes,Suburban,Data Science,Junior,Startup (1-50),Education,Good,Fast (50-100 Mbps),49,High,Daily,52.3,65.1,64.0,46.6,60.7,12,16,100.0,8,8,3033.66
29,3,0,Female,Bachelor Degree,Married,No,Suburban,Engineering,Mid-Level,Large (1001-5000),Technology,Excellent,Fast (50-100 Mbps),44,High,Few times per week,71.5,61.5,81.2,79.2,81.9,7,47,100.0,6,8,4870.8
49,16,0,Male,Bachelor Degree,In Relationship,No,Suburban,Engineering,Manager,Large (1001-5000),Healthcare,Good,Very Fast (100+ Mbps),42,Moderate,Few times per week,55.2,48.5,54.9,47.6,75.1,9,34,93.7,8,6,2308.6
44,4,5,Male,Bachelor Degree,In Relationship,Yes,Suburban,Marketing,Mid-Level,Small (51-200),Technology,Poor,Very Fast (100+ Mbps),39,Very High,Daily,89.4,84.8,88.3,73.0,95.0,6,0,100.0,7,6,6190.4
28,1,1,Female,Bachelor Degree,Married,Yes,Urban,Customer Success,Junior,Small (51-200),Technology,Poor,Fast (50-100 Mbps),44,High,Weekly,76.5,67.5,70.7,58.8,94.7,3,32,100.0,6,10,3969.0
55,5,2,Male,Bachelor Degree,Married,No,Rural,Marketing,Junior,Startup (1-50),Healthcare,Good,Very Fast (100+ Mbps),43,Moderate,Daily,98.0,95.7,100.0,85.4,95.0,8,6,91.1,6,5,8172.780000000001
43,1,4,Male,Bachelor Degree,Married,Yes,Suburban,Customer Success,Junior,Startup (1-50),Education,Poor,Very Fast (100+ Mbps),27,Very High,Daily,77.2,80.9,83.7,65.2,95.0,10,14,100.0,4,7,5274.68
32,1,2,Female,Professional Degree,Single,No,Suburban,Sales,Junior,Large (1001-5000),Government,Poor,Slow (<25 Mbps),42,Moderate,Daily,62.9,66.9,56.5,45.0,87.6,10,17,100.0,1,6,3010.5000000000005
22,0,2,Female,Master Degree,Married,No,Suburban,Data Science,Mid-Level,Startup (1-50),Consulting,Good,Very Fast (100+ Mbps),46,Moderate,Daily,77.1,74.5,80.7,67.9,88.0,9,17,100.0,7,8,5058.55
55,22,4,Male,Associate Degree,Married,Yes,Urban,Marketing,Manager,Startup (1-50),Technology,Good,Moderate (25-50 Mbps),37,Very High,Weekly,95.8,99.7,100.0,65.0,95.0,7,11,100.0,8,5,6480.5
22,0,2,Female,Master Degree,In Relationship,No,Suburban,Engineering,Junior,Enterprise (5000+),Manufacturing,Average,Moderate (25-50 Mbps),47,Moderate,Few times per week,35.0,40.0,50.0,34.4,46.0,10,15,63.7,4,7,1376.0
22,1,2,Male,Master Degree,Married,Yes,Suburban,Sales,Junior,Medium (201-1000),Technology,Good,Moderate (25-50 Mbps),44,Very High,Weekly,98.0,96.9,85.9,95.0,95.0,6,19,100.0,9,4,9205.5
44,9,2,Female,Master Degree,Married,No,Urban,HR,Lead,Startup (1-50),Technology,Good,Moderate (25-50 Mbps),39,High,Few times per week,98.0,96.6,92.2,73.5,95.0,8,20,100.0,3,1,7100.099999999999
56,16,3,Male,Bachelor Degree,Married,No,Suburban,Customer Success,Manager,Enterprise (5000+),Technology,Excellent,Fast (50-100 Mbps),45,High,Few times per week,95.7,86.9,93.6,80.7,95.0,11,33,100.0,6,1,7012.830000000001
47,0,5,Female,Bachelor Degree,Single,No,Suburban,Marketing,Mid-Level,Startup (1-50),Education,Good,Fast (50-100 Mbps),39,Moderate,Few times per week,71.0,88.1,81.8,50.6,88.0,11,0,79.2,3,6,4457.86
40,11,4,Male,Master Degree,Married,Yes,Urban,Operations,Manager,Large (1001-5000),Technology,Poor,Fast (50-100 Mbps),43,Moderate,Few times per week,98.0,100.0,97.6,88.3,95.0,12,27,100.0,8,8,8830.0
40,8,2,Female,Bachelor Degree,Married,No,Urban,Customer Success,Senior,Startup (1-50),Finance,Excellent,Very Fast (100+ Mbps),40,Very High,Few times per week,98.0,84.9,100.0,62.6,95.0,9,15,100.0,3,7,5314.740000000001
42,9,2,Male,Master Degree,Married,No,Urban,Customer Success,Mid-Level,Medium (201-1000),Technology,Average,Very Fast (100+ Mbps),45,Moderate,Few times per week,95.0,100.0,100.0,77.5,95.0,6,26,100.0,4,2,7750.0
41,0,3,Female,Master Degree,Married,Yes,Suburban,Finance,Junior,Medium (201-1000),Finance,Good,Very Fast (100+ Mbps),50,Very High,Monthly,86.1,89.7,86.2,64.6,95.0,7,0,100.0,8,7,5794.62
37,13,5,Male,Professional Degree,Single,Yes,Suburban,Customer Success,Senior,Small (51-200),Government,Average,Very Fast (100+ Mbps),39,Moderate,Bi-weekly,75.7,70.1,82.1,72.6,89.8,10,0,79.9,7,4,5089.259999999999
35,3,1,Male,Bachelor Degree,Married,Yes,Suburban,Operations,Mid-Level,Medium (201-1000),Non-profit,Average,Fast (50-100 Mbps),47,Moderate,Daily,60.3,59.4,66.7,37.7,84.7,11,38,73.6,5,10,2239.38
34,0,2,Female,Bachelor Degree,Married,No,Urban,Engineering,Junior,Medium (201-1000),Retail,Excellent,Slow (<25 Mbps),40,Moderate,Daily,98.0,88.7,100.0,76.5,95.0,8,29,100.0,8,6,6785.55
28,4,4,Female,Bachelor Degree,Married,No,Suburban,Engineering,Mid-Level,Large (1001-5000),Education,Good,Moderate (25-50 Mbps),40,High,Weekly,86.6,61.6,87.8,86.9,95.0,5,11,100.0,6,6,5353.040000000001
32,2,5,Male,PhD,Married,No,Suburban,Data Science,Junior,Large (1001-5000),Retail,Average,Very Fast (100+ Mbps),39,Very High,Daily,79.0,80.4,73.6,72.6,95.0,8,0,100.0,4,6,5837.04
22,0,1,Male,Bachelor Degree,Single,No,Urban,Engineering,Junior,Medium (201-1000),Manufacturing,Good,Very Fast (100+ Mbps),31,High,Daily,86.1,80.2,90.9,95.0,95.0,11,76,100.0,7,6,7619.0
34,5,2,Male,Bachelor Degree,Single,No,Suburban,Sales,Mid-Level,Medium (201-1000),Retail,Average,Fast (50-100 Mbps),45,Very High,Daily,95.7,100.0,100.0,65.7,95.0,8,29,100.0,5,10,6570.0
26,0,2,Male,Bachelor Degree,Married,Yes,Suburban,Design,Junior,Medium (201-1000),Technology,Average,Very Fast (100+ Mbps),43,Low,Few times per week,61.4,72.0,67.3,46.9,81.6,8,43,93.1,8,5,3376.7999999999997
25,2,0,Male,Bachelor Degree,Married,Yes,Urban,Engineering,Junior,Large (1001-5000),Finance,Good,Moderate (25-50 Mbps),42,Very High,Few times per week,98.0,100.0,100.0,77.6,95.0,10,28,100.0,7,7,7759.999999999999
36,1,4,Male,Bachelor Degree,Married,Yes,Urban,Customer Success,Junior,Small (51-200),Finance,Average,Fast (50-100 Mbps),51,High,Few times per week,75.1,79.8,76.9,70.2,84.1,8,7,100.0,5,8,5601.96
47,19,4,Female,Bachelor Degree,Divorced,No,Suburban,Customer Success,Manager,Medium (201-1000),Finance,Good,Fast (50-100 Mbps),51,High,Monthly,79.9,79.6,80.9,82.0,95.0,5,27,100.0,3,4,6527.2
43,12,4,Female,Master Degree,Single,No,Suburban,Data Science,Lead,Medium (201-1000),Finance,Good,Very Fast (100+ Mbps),49,Moderate,Few times per week,86.3,99.3,93.4,89.9,95.0,6,17,99.0,8,8,8927.07
22,0,0,Male,High School,Single,No,Rural,Sales,Junior,Enterprise (5000+),Manufacturing,Excellent,Very Fast (100+ Mbps),40,Moderate,Daily,72.7,61.2,77.9,61.7,92.7,13,48,81.6,5,7,3776.0400000000004
43,5,2,Female,Master Degree,Married,No,Urban,Product,Mid-Level,Small (51-200),Technology,Average,Fast (50-100 Mbps),35,Very High,Daily,98.0,90.6,90.6,81.2,95.0,6,29,100.0,1,7,7356.719999999999
26,1,2,Male,Master Degree,Married,No,Urban,Engineering,Mid-Level,Medium (201-1000),Technology,Good,Slow (<25 Mbps),42,Moderate,Bi-weekly,66.2,58.4,73.5,65.0,72.0,7,55,79.3,7,7,3796.0
32,3,4,Male,Master Degree,Divorced,No,Suburban,Marketing,Junior,Large (1001-5000),Education,Average,Very Fast (100+ Mbps),42,Very High,Daily,74.4,69.2,79.1,76.3,95.0,5,27,100.0,5,8,5279.96
39,9,1,Female,Bachelor Degree,Divorced,No,Urban,Finance,Senior,Large (1001-5000),Technology,Average,Very Fast (100+ Mbps),45,Moderate,Monthly,50.9,43.7,70.6,51.3,66.1,13,38,100.0,5,4,2241.81
26,2,0,Male,Bachelor Degree,Single,Yes,Suburban,Engineering,Mid-Level,Large (1001-5000),Technology,Good,Fast (50-100 Mbps),35,Moderate,Few times per week,93.2,100.0,83.6,88.6,95.0,7,39,100.0,8,10,8860.0
35,1,3,Male,Master Degree,In Relationship,No,Urban,Design,Junior,Large (1001-5000),Consulting,Good,Very Fast (100+ Mbps),39,High,Weekly,79.8,66.3,82.5,74.6,95.0,9,38,100.0,3,8,4945.98
22,1,3,Female,Bachelor Degree,Single,No,Urban,Finance,Junior,Small (51-200),Healthcare,Poor,Moderate (25-50 Mbps),31,High,Few times per week,84.2,83.3,80.6,63.6,95.0,10,62,100.0,2,7,5297.88
29,5,3,Female,Bachelor Degree,Married,No,Urban,Engineering,Senior,Medium (201-1000),Consulting,Poor,Very Fast (100+ Mbps),37,Very High,Bi-weekly,59.2,54.8,67.3,66.4,88.3,4,18,100.0,6,8,3638.7200000000003
37,6,4,Male,High School,Married,Yes,Urban,Engineering,Senior,Large (1001-5000),Consulting,Good,Slow (<25 Mbps),47,Moderate,Few times per week,98.0,98.4,86.3,83.8,95.0,3,23,100.0,7,8,8245.92
22,1,1,Female,Master Degree,Married,Yes,Suburban,Engineering,Junior,Small (51-200),Media,Average,Moderate (25-50 Mbps),35,Moderate,Few times per week,70.4,62.7,84.9,63.5,95.0,11,21,89.1,6,6,3981.4500000000003
38,2,4,Female,Bachelor Degree,Single,Yes,Urban,Engineering,Junior,Medium (201-1000),Technology,Good,Moderate (25-50 Mbps),52,High,Weekly,98.0,100.0,99.8,89.2,95.0,10,20,100.0,5,6,8920.0
34,8,2,Female,Bachelor Degree,Married,No,Rural,HR,Lead,Large (1001-5000),Technology,Excellent,Very Fast (100+ Mbps),48,High,Weekly,98.0,89.6,89.7,89.0,95.0,10,42,100.0,5,10,7974.4
39,8,2,Female,Associate Degree,Married,No,Suburban,Engineering,Lead,Large (1001-5000),Technology,Average,Very Fast (100+ Mbps),45,Moderate,Bi-weekly,73.5,84.6,79.3,66.4,84.2,14,44,87.1,3,9,5617.4400000000005
37,9,5,Male,Professional Degree,Single,Yes,Suburban,Sales,Lead,Enterprise (5000+),Technology,Good,Moderate (25-50 Mbps),50,High,Daily,98.0,100.0,93.6,91.2,95.0,6,0,100.0,5,10,9120.0
47,6,2,Female,Bachelor Degree,Single,No,Suburban,Product,Senior,Enterprise (5000+),Healthcare,Excellent,Moderate (25-50 Mbps),41,Very High,Daily,98.0,100.0,94.0,76.8,95.0,9,57,100.0,7,2,7680.0
36,6,4,Male,Master Degree,Married,No,Suburban,Operations,Lead,Small (51-200),Manufacturing,Average,Fast (50-100 Mbps),37,Moderate,Daily,73.8,70.3,90.4,58.4,93.9,5,19,93.8,6,8,4105.5199999999995
31,4,2,Male,Bachelor Degree,Married,Yes,Urban,Engineering,Senior,Enterprise (5000+),Government,Average,Very Fast (100+ Mbps),41,Moderate,Few times per week,58.3,52.2,52.4,55.9,73.3,5,42,81.9,8,9,2917.98
36,3,3,Male,Master Degree,Married,No,Rural,Design,Senior,Startup (1-50),Media,Poor,Very Fast (100+ Mbps),31,High,Weekly,74.3,83.4,82.7,56.5,95.0,7,11,100.0,4,6,4712.1
39,2,4,Male,Bachelor Degree,Single,No,Suburban,Engineering,Junior,Large (1001-5000),Healthcare,Good,Slow (<25 Mbps),49,Very High,Daily,82.5,70.2,85.8,78.3,94.4,7,13,100.0,5,9,5496.66
35,0,5,Male,Master Degree,Divorced,Yes,Urban,Product,Junior,Small (51-200),Education,Good,Very Fast (100+ Mbps),39,Moderate,Few times per week,66.1,68.9,71.2,64.9,85.9,9,0,93.2,7,3,4471.610000000001
35,4,4,Male,Bachelor Degree,Single,Yes,Suburban,Finance,Senior,Small (51-200),Technology,Excellent,Very Fast (100+ Mbps),37,High,Weekly,98.0,91.9,86.7,84.1,95.0,11,38,100.0,5,3,7728.79
28,3,3,Male,Bachelor Degree,Divorced,No,Suburban,HR,Junior,Enterprise (5000+),Finance,Average,Very Fast (100+ Mbps),38,Moderate,Weekly,61.5,61.3,63.8,61.9,80.3,2,20,85.2,4,5,3794.47
29,0,2,Female,Master Degree,Married,Yes,Urban,HR,Junior,Small (51-200),Consulting,Poor,Fast (50-100 Mbps),42,Moderate,Few times per week,98.0,94.7,95.9,65.3,95.0,10,21,100.0,3,2,6183.91
22,1,4,Male,Master Degree,Married,No,Rural,Marketing,Junior,Large (1001-5000),Technology,Average,Very Fast (100+ Mbps),42,High,Daily,90.5,86.0,92.6,85.1,95.0,9,1,100.0,8,7,7318.599999999999
50,12,4,Female,Master Degree,Divorced,No,Urban,Customer Success,Manager,Small (51-200),Healthcare,Average,Fast (50-100 Mbps),41,Moderate,Monthly,85.9,88.1,88.8,83.2,95.0,6,39,100.0,4,9,7329.92
23,0,0,Male,Master Degree,Married,Yes,Suburban,Customer Success,Junior,Startup (1-50),Consulting,Excellent,Very Fast (100+ Mbps),41,High,Daily,77.8,66.3,87.9,66.6,94.2,7,0,100.0,9,5,4415.579999999999
28,1,3,Male,Bachelor Degree,Single,Yes,Rural,Sales,Junior,Small (51-200),Technology,Good,Very Fast (100+ Mbps),45,Moderate,Weekly,87.1,82.8,99.3,64.3,91.0,11,1,99.4,5,7,5324.04
28,2,4,Male,Master Degree,Married,No,Urban,Sales,Junior,Medium (201-1000),Non-profit,Good,Fast (50-100 Mbps),35,Moderate,Daily,59.1,66.3,60.4,43.0,77.0,12,33,50.0,10,6,2850.9
43,3,3,Male,Associate Degree,Single,No,Urban,Product,Mid-Level,Small (51-200),Technology,Average,Very Fast (100+ Mbps),43,Moderate,Daily,63.9,78.9,74.6,56.5,79.2,19,21,78.6,2,5,4457.85
32,1,2,Female,Master Degree,Married,No,Urban,Marketing,Junior,Small (51-200),Media,Excellent,Very Fast (100+ Mbps),40,Moderate,Bi-weekly,92.1,91.9,93.8,86.8,95.0,4,42,100.0,6,9,7976.92
46,6,5,Male,Bachelor Degree,Single,Yes,Urban,Product,Senior,Large (1001-5000),Finance,Good,Fast (50-100 Mbps),30,High,Weekly,98.0,100.0,96.7,86.7,95.0,11,0,100.0,7,10,8670.0
27,0,4,Male,Bachelor Degree,Single,No,Suburban,Engineering,Junior,Enterprise (5000+),Retail,Average,Moderate (25-50 Mbps),52,Low,Few times per week,71.4,83.1,70.8,63.8,85.9,10,43,100.0,6,4,5301.78
54,10,2,Female,Bachelor Degree,Divorced,No,Suburban,Engineering,Senior,Medium (201-1000),Consulting,Good,Moderate (25-50 Mbps),44,Low,Daily,79.3,84.5,83.8,82.4,95.0,7,61,86.3,3,6,6962.8
24,0,4,Male,Bachelor Degree,Married,Yes,Urban,Marketing,Junior,Medium (201-1000),Education,Average,Very Fast (100+ Mbps),43,Very High,Weekly,87.5,78.1,87.1,78.6,95.0,5,21,100.0,6,6,6138.659999999999
37,4,1,Female,Associate Degree,Married,No,Suburban,Operations,Mid-Level,Large (1001-5000),Media,Good,Very Fast (100+ Mbps),39,High,Weekly,86.2,95.3,89.5,79.4,95.0,10,12,100.0,6,5,7566.820000000001
40,15,2,Female,Bachelor Degree,Married,Yes,Suburban,Operations,Senior,Large (1001-5000),Consulting,Excellent,Very Fast (100+ Mbps),38,Very High,Bi-weekly,98.0,93.9,100.0,92.0,95.0,8,34,100.0,5,7,8638.800000000001
38,1,1,Male,Associate Degree,Married,No,Urban,Finance,Junior,Large (1001-5000),Technology,Good,Moderate (25-50 Mbps),34,Low,Few times per week,57.7,58.3,57.2,44.5,78.4,8,18,78.3,6,8,2594.35
33,7,5,Male,Bachelor Degree,Married,Yes,Suburban,Finance,Senior,Enterprise (5000+),Education,Poor,Fast (50-100 Mbps),40,High,Weekly,76.8,72.6,72.7,73.8,95.0,17,0,100.0,5,8,5357.879999999999
33,3,3,Male,Associate Degree,Married,No,Urban,Customer Success,Mid-Level,Startup (1-50),Finance,Good,Very Fast (100+ Mbps),50,Moderate,Few times per week,98.0,95.3,96.1,94.7,95.0,8,16,75.5,7,8,9024.91
35,5,2,Male,Bachelor Degree,Single,Yes,Rural,Sales,Senior,Enterprise (5000+),Healthcare,Excellent,Moderate (25-50 Mbps),34,Very High,Daily,98.0,100.0,98.6,81.8,95.0,8,72,100.0,2,3,8180.0
33,1,0,Female,Master Degree,In Relationship,No,Suburban,Operations,Junior,Enterprise (5000+),Technology,Good,Fast (50-100 Mbps),38,High,Few times per week,62.6,58.6,63.5,51.1,84.2,5,51,98.8,1,3,2994.46
43,8,1,Male,Master Degree,Married,No,Suburban,Engineering,Senior,Large (1001-5000),Technology,Good,Very Fast (100+ Mbps),47,High,Bi-weekly,88.2,84.7,97.7,64.6,95.0,9,29,100.0,6,6,5471.62
54,8,3,Male,Associate Degree,Single,No,Suburban,Marketing,Senior,Medium (201-1000),Education,Good,Very Fast (100+ Mbps),47,High,Daily,98.0,93.4,95.5,92.1,95.0,9,23,100.0,10,7,8602.14
29,2,0,Female,Master Degree,Married,No,Suburban,Engineering,Junior,Large (1001-5000),Technology,Good,Very Fast (100+ Mbps),37,High,Daily,79.6,77.9,71.6,74.5,95.0,9,25,100.0,5,8,5803.55
22,0,3,Female,Master Degree,Married,No,Urban,Sales,Junior,Small (51-200),Education,Poor,Slow (<25 Mbps),48,High,Few times per week,47.2,51.6,57.0,30.8,58.6,6,27,100.0,1,6,1589.28
34,6,3,Male,Bachelor Degree,Single,Yes,Suburban,Sales,Senior,Large (1001-5000),Media,Average,Fast (50-100 Mbps),39,Very High,Daily,98.0,100.0,100.0,95.0,95.0,10,18,100.0,5,2,9500.0
58,4,4,Female,Master Degree,Single,Yes,Suburban,Engineering,Mid-Level,Small (51-200),Technology,Excellent,Very Fast (100+ Mbps),35,High,Bi-weekly,98.0,93.0,96.0,69.0,95.0,10,41,100.0,6,2,6417.0
27,3,4,Female,Bachelor Degree,Single,No,Urban,Marketing,Mid-Level,Large (1001-5000),Manufacturing,Average,Fast (50-100 Mbps),50,Low,Daily,49.2,60.8,51.1,33.3,62.6,6,24,83.5,8,8,2024.6399999999996
49,10,3,Female,Bachelor Degree,Divorced,Yes,Rural,Data Science,Lead,Medium (201-1000),Education,Average,Fast (50-100 Mbps),42,Moderate,Weekly,73.7,65.3,77.3,63.6,95.0,11,11,100.0,3,4,4153.08
50,6,2,Female,Bachelor Degree,Married,Yes,Suburban,Sales,Lead,Startup (1-50),Technology,Average,Very Fast (100+ Mbps),40,Moderate,Few times per week,82.5,96.7,77.6,81.6,95.0,8,63,78.1,9,9,7890.719999999999
30,3,4,Female,Associate Degree,Married,Yes,Urban,HR,Junior,Large (1001-5000),Manufacturing,Good,Very Fast (100+ Mbps),43,High,Daily,98.0,100.0,100.0,73.9,95.0,5,32,100.0,9,6,7390.000000000001
40,8,4,Male,Master Degree,Single,No,Suburban,Marketing,Senior,Medium (201-1000),Technology,Good,Fast (50-100 Mbps),36,Moderate,Weekly,98.0,80.9,100.0,95.0,95.0,7,30,100.0,6,7,7685.500000000001
49,15,1,Female,Bachelor Degree,Married,Yes,Suburban,Sales,Senior,Large (1001-5000),Technology,Average,Very Fast (100+ Mbps),38,High,Few times per week,94.0,94.3,97.0,95.0,95.0,6,0,100.0,4,4,8958.5
31,4,5,Female,Bachelor Degree,Married,Yes,Suburban,Engineering,Mid-Level,Small (51-200),Technology,Average,Very Fast (100+ Mbps),50,Very High,Daily,93.6,91.8,100.0,95.0,95.0,8,0,100.0,6,6,8721.0
33,5,0,Female,Bachelor Degree,Married,Yes,Suburban,Engineering,Mid-Level,Large (1001-5000),Healthcare,Good,Very Fast (100+ Mbps),53,High,Daily,98.0,100.0,100.0,85.9,95.0,10,34,100.0,8,9,8590.0
29,0,0,Male,Master Degree,In Relationship,No,Suburban,HR,Mid-Level,Medium (201-1000),Healthcare,Excellent,Very Fast (100+ Mbps),35,Very High,Few times per week,98.0,93.3,100.0,88.8,95.0,8,20,100.0,5,10,8285.039999999999
25,1,1,Male,Master Degree,Married,No,Suburban,Engineering,Mid-Level,Medium (201-1000),Finance,Average,Fast (50-100 Mbps),39,Very High,Daily,83.0,82.1,87.3,68.3,95.0,7,0,100.0,8,8,5607.429999999999
23,0,3,Male,Bachelor Degree,Married,No,Urban,Sales,Junior,Large (1001-5000),Consulting,Excellent,Fast (50-100 Mbps),43,High,Few times per week,98.0,98.4,98.8,75.0,95.0,4,23,100.0,5,9,7380.0
35,3,4,Male,Bachelor Degree,Divorced,Yes,Urban,Operations,Mid-Level,Large (1001-5000),Consulting,Good,Very Fast (100+ Mbps),36,High,Few times per week,62.6,64.2,73.3,53.2,80.8,7,22,100.0,10,5,3415.4400000000005
28,3,2,Male,Bachelor Degree,Single,Yes,Urban,Finance,Mid-Level,Small (51-200),Healthcare,Good,Fast (50-100 Mbps),45,Moderate,Daily,93.6,96.0,91.6,93.3,95.0,7,60,100.0,6,8,8956.8
22,0,2,Male,Bachelor Degree,Married,No,Suburban,Marketing,Junior,Medium (201-1000),Technology,Good,Fast (50-100 Mbps),47,Low,Daily,77.9,87.1,70.8,72.7,95.0,5,18,70.9,4,5,6332.17
37,4,4,Male,Bachelor Degree,Single,No,Suburban,Marketing,Senior,Enterprise (5000+),Consulting,Excellent,Fast (50-100 Mbps),46,Very High,Few times per week,63.3,66.6,62.2,72.3,84.5,9,14,100.0,8,3,4815.179999999999
42,13,0,Female,Bachelor Degree,Married,Yes,Urban,Engineering,Manager,Large (1001-5000),Technology,Excellent,Fast (50-100 Mbps),42,High,Few times per week,86.3,90.5,84.3,81.8,95.0,4,39,100.0,5,5,7402.9
22,0,2,Male,PhD,Married,No,Urban,Sales,Junior,Medium (201-1000),Technology,Excellent,Fast (50-100 Mbps),47,Low,Daily,60.3,65.6,61.4,49.1,83.1,3,58,59.7,7,7,3220.96
38,6,1,Female,Master Degree,Single,No,Urban,Operations,Lead,Small (51-200),Healthcare,Good,Very Fast (100+ Mbps),45,High,Daily,98.0,81.4,97.6,86.3,95.0,7,34,100.0,8,7,7024.820000000001
46,14,5,Female,Bachelor Degree,Married,No,Urban,Operations,Manager,Medium (201-1000),Retail,Excellent,Slow (<25 Mbps),33,Moderate,Daily,75.0,66.2,81.3,76.2,93.9,3,0,88.8,4,3,5044.4400000000005
24,1,3,Male,Bachelor Degree,Married,No,Urban,HR,Junior,Large (1001-5000),Healthcare,Good,Moderate (25-50 Mbps),33,High,Few times per week,98.0,98.0,100.0,95.0,95.0,7,16,100.0,6,7,9310.0
50,24,3,Female,Associate Degree,Married,No,Suburban,Finance,Lead,Startup (1-50),Technology,Good,Fast (50-100 Mbps),43,High,Few times per week,98.0,98.7,97.0,95.0,95.0,11,22,100.0,5,6,9376.5
38,13,3,Female,Master Degree,Single,No,Urban,Engineering,Manager,Large (1001-5000),Retail,Excellent,Moderate (25-50 Mbps),49,Very High,Few times per week,98.0,90.3,96.9,74.3,95.0,5,34,100.0,4,1,6709.29
28,2,5,Male,Master Degree,In Relationship,No,Suburban,Engineering,Mid-Level,Small (51-200),Education,Excellent,Very Fast (100+ Mbps),44,Low,Monthly,48.4,41.2,61.7,39.8,64.0,10,0,69.0,3,9,1639.76
34,10,5,Male,Professional Degree,Single,No,Suburban,Marketing,Mid-Level,Small (51-200),Retail,Average,Very Fast (100+ Mbps),45,Very High,Few times per week,83.4,71.5,93.5,80.4,95.0,5,0,100.0,2,5,5748.6
40,5,4,Female,Bachelor Degree,Married,No,Urban,HR,Mid-Level,Startup (1-50),Technology,Good,Fast (50-100 Mbps),35,High,Weekly,84.8,88.5,98.3,73.0,95.0,11,42,100.0,7,7,6460.5
35,0,2,Male,Master Degree,Single,No,Urban,Engineering,Junior,Large (1001-5000),Manufacturing,Average,Moderate (25-50 Mbps),42,Moderate,Daily,69.4,68.1,69.1,58.8,86.6,8,58,83.6,7,7,4004.2799999999993
39,3,1,Female,Bachelor Degree,Married,No,Urban,Design,Senior,Enterprise (5000+),Healthcare,Good,Very Fast (100+ Mbps),48,Moderate,Daily,95.7,89.1,92.8,81.9,95.0,7,32,70.0,6,6,7297.29
26,0,5,Female,Master Degree,Single,Yes,Urban,Marketing,Mid-Level,Startup (1-50),Healthcare,Average,Fast (50-100 Mbps),44,Low,Daily,67.0,68.6,73.1,60.2,87.5,4,0,95.2,6,5,4129.72
36,9,3,Male,Master Degree,Single,No,Urban,Sales,Senior,Medium (201-1000),Healthcare,Good,Moderate (25-50 Mbps),42,Very High,Few times per week,98.0,98.6,99.6,59.1,95.0,6,31,100.0,4,6,5827.26
22,1,2,Female,Master Degree,Single,Yes,Suburban,Finance,Junior,Small (51-200),Technology,Good,Moderate (25-50 Mbps),45,Moderate,Daily,98.0,87.0,100.0,86.8,95.0,3,51,93.9,7,5,7551.599999999999
33,2,3,Male,Bachelor Degree,Married,No,Urban,Engineering,Mid-Level,Large (1001-5000),Technology,Good,Very Fast (100+ Mbps),43,High,Few times per week,96.0,73.0,95.1,95.0,95.0,8,23,100.0,6,6,6935.0
26,3,5,Female,Master Degree,Married,No,Rural,Marketing,Mid-Level,Large (1001-5000),Technology,Average,Very Fast (100+ Mbps),49,Very High,Weekly,76.3,95.8,76.9,50.7,87.5,7,0,100.0,8,3,4857.06
28,3,3,Male,Bachelor Degree,Single,No,Urban,Marketing,Senior,Small (51-200),Finance,Good,Very Fast (100+ Mbps),43,Moderate,Daily,67.9,60.3,69.6,69.1,82.1,5,35,82.4,7,4,4166.73
46,7,3,Female,Associate Degree,In Relationship,No,Suburban,Engineering,Senior,Startup (1-50),Healthcare,Average,Fast (50-100 Mbps),41,High,Few times per week,95.5,100.0,93.8,95.0,95.0,5,36,100.0,1,4,9500.0
44,18,4,Female,High School,Single,No,Suburban,Customer Success,Manager,Large (1001-5000),Retail,Good,Moderate (25-50 Mbps),35,Moderate,Daily,77.9,69.4,77.3,41.0,92.6,10,32,74.1,8,7,2845.4
40,1,3,Female,Bachelor Degree,Married,Yes,Urban,Customer Success,Junior,Large (1001-5000),Technology,Average,Fast (50-100 Mbps),49,Low,Few times per week,80.3,79.4,78.5,65.4,92.4,8,37,100.0,2,7,5192.760000000001
25,0,2,Female,Bachelor Degree,Single,No,Urban,Engineering,Junior,Startup (1-50),Media,Average,Moderate (25-50 Mbps),36,High,Weekly,86.1,92.6,87.8,72.9,95.0,15,76,100.0,8,9,6750.54
32,3,5,Female,Associate Degree,Married,No,Suburban,Sales,Senior,Medium (201-1000),Technology,Poor,Fast (50-100 Mbps),43,Moderate,Weekly,73.9,70.4,72.0,72.2,89.2,3,0,93.1,10,5,5082.880000000001
45,7,5,Male,Bachelor Degree,Married,Yes,Suburban,Engineering,Lead,Large (1001-5000),Finance,Average,Fast (50-100 Mbps),46,Moderate,Daily,81.0,88.3,85.7,75.5,90.3,7,0,100.0,6,6,6666.65
36,2,4,Female,Bachelor Degree,Married,No,Urban,Customer Success,Mid-Level,Medium (201-1000),Technology,Good,Very Fast (100+ Mbps),52,Moderate,Daily,60.0,56.4,72.2,62.8,94.2,8,12,81.0,4,7,3541.9199999999996
55,9,4,Female,Bachelor Degree,Married,Yes,Urban,Sales,Mid-Level,Medium (201-1000),Education,Good,Very Fast (100+ Mbps),43,Low,Few times per week,84.1,83.5,95.6,65.0,95.0,12,44,100.0,1,10,5427.5
38,0,2,Female,Bachelor Degree,Single,No,Urban,Marketing,Junior,Medium (201-1000),Retail,Good,Very Fast (100+ Mbps),50,High,Daily,98.0,86.4,88.3,89.1,95.0,6,38,100.0,4,6,7698.24
36,6,5,Female,Associate Degree,Married,Yes,Urban,Sales,Senior,Medium (201-1000),Media,Excellent,Very Fast (100+ Mbps),42,Moderate,Monthly,66.9,65.6,72.4,68.8,90.4,8,0,82.6,6,5,4513.28
32,2,2,Male,Bachelor Degree,Single,No,Rural,Sales,Mid-Level,Medium (201-1000),Finance,Excellent,Very Fast (100+ Mbps),38,High,Daily,98.0,99.1,100.0,95.0,95.0,10,33,100.0,8,6,9414.5
36,2,4,Male,Bachelor Degree,Married,Yes,Suburban,HR,Junior,Enterprise (5000+),Technology,Good,Very Fast (100+ Mbps),58,Moderate,Bi-weekly,98.0,100.0,89.4,82.2,95.0,6,16,100.0,8,5,8220.0
33,0,5,Male,Master Degree,Single,No,Urban,HR,Mid-Level,Small (51-200),Retail,Average,Very Fast (100+ Mbps),34,High,Bi-weekly,78.2,85.4,82.5,67.9,95.0,7,0,100.0,7,3,5798.660000000001
41,11,4,Female,Bachelor Degree,Single,Yes,Urban,Marketing,Manager,Medium (201-1000),Retail,Excellent,Fast (50-100 Mbps),59,Low,Few times per week,98.0,100.0,80.8,84.2,95.0,12,29,100.0,3,6,8420.0
43,2,4,Male,Master Degree,Single,Yes,Urban,Finance,Junior,Small (51-200),Government,Good,Very Fast (100+ Mbps),51,Low,Daily,83.3,93.2,82.9,58.4,95.0,10,17,64.7,10,7,5442.88
27,1,4,Female,Bachelor Degree,Divorced,No,Suburban,Marketing,Mid-Level,Small (51-200),Technology,Good,Fast (50-100 Mbps),38,Moderate,Weekly,56.5,41.0,60.9,53.5,70.0,13,22,86.7,7,4,2193.5
23,0,1,Male,PhD,Married,Yes,Rural,Engineering,Mid-Level,Large (1001-5000),Retail,Average,Fast (50-100 Mbps),45,Moderate,Daily,84.3,98.6,88.8,78.3,91.7,9,5,100.0,5,8,7720.379999999999
22,0,4,Male,Bachelor Degree,Married,No,Urban,Engineering,Mid-Level,Enterprise (5000+),Technology,Excellent,Fast (50-100 Mbps),33,Moderate,Few times per week,85.8,73.5,86.6,62.3,95.0,7,26,73.3,8,8,4579.05
39,12,1,Male,Bachelor Degree,Single,Yes,Suburban,Sales,Lead,Small (51-200),Healthcare,Good,Fast (50-100 Mbps),45,High,Daily,83.7,64.1,87.7,91.5,95.0,4,16,100.0,6,7,5865.15
25,0,3,Male,Associate Degree,Married,Yes,Rural,HR,Mid-Level,Enterprise (5000+),Technology,Poor,Fast (50-100 Mbps),43,Very High,Few times per week,67.0,76.3,68.7,48.9,87.3,6,22,100.0,6,8,3731.0699999999997
22,0,1,Female,Bachelor Degree,Married,No,Urban,Product,Junior,Small (51-200),Education,Good,Moderate (25-50 Mbps),47,High,Daily,58.8,60.1,69.6,60.7,75.5,12,35,100.0,9,5,3648.07
38,2,3,Male,Master Degree,Married,No,Urban,Engineering,Junior,Medium (201-1000),Education,Average,Very Fast (100+ Mbps),39,Moderate,Daily,94.0,97.5,97.9,89.9,95.0,8,11,100.0,8,5,8765.25
57,9,4,Male,Associate Degree,Single,No,Urban,Sales,Senior,Small (51-200),Technology,Average,Very Fast (100+ Mbps),42,High,Weekly,98.0,89.4,95.2,95.0,95.0,5,10,100.0,4,8,8493.0
34,6,5,Male,Bachelor Degree,In Relationship,No,Urban,Engineering,Mid-Level,Medium (201-1000),Finance,Excellent,Very Fast (100+ Mbps),44,High,Monthly,98.0,83.8,90.5,81.1,95.0,10,0,100.0,4,8,6796.179999999999
42,1,2,Female,Master Degree,Married,Yes,Urban,Customer Success,Mid-Level,Medium (201-1000),Finance,Poor,Fast (50-100 Mbps),39,Very High,Daily,63.0,62.2,69.4,50.0,78.3,9,26,100.0,4,8,3110.0
35,5,3,Female,Bachelor Degree,In Relationship,Yes,Rural,Customer Success,Mid-Level,Medium (201-1000),Technology,Average,Very Fast (100+ Mbps),50,High,Few times per week,91.1,100.0,91.6,71.3,95.0,11,14,100.0,6,5,7130.0
34,7,3,Male,Associate Degree,Single,Yes,Suburban,Engineering,Senior,Medium (201-1000),Technology,Excellent,Fast (50-100 Mbps),42,High,Few times per week,98.0,100.0,100.0,65.0,95.0,13,26,100.0,5,6,6500.0
43,7,5,Female,High School,Single,No,Urban,Finance,Senior,Medium (201-1000),Finance,Good,Very Fast (100+ Mbps),44,High,Daily,98.0,80.8,100.0,79.6,95.0,7,0,100.0,6,6,6431.679999999999
32,5,3,Male,Associate Degree,Single,No,Urban,HR,Senior,Medium (201-1000),Manufacturing,Good,Fast (50-100 Mbps),37,High,Few times per week,87.0,98.0,95.6,83.1,95.0,6,22,100.0,2,4,8143.799999999999
37,4,4,Male,PhD,Married,Yes,Suburban,Engineering,Senior,Medium (201-1000),Finance,Average,Fast (50-100 Mbps),32,Moderate,Weekly,96.6,94.7,83.5,85.5,95.0,11,38,100.0,4,8,8096.85
37,10,5,Female,Master Degree,Married,Yes,Urban,Marketing,Mid-Level,Large (1001-5000),Finance,Excellent,Very Fast (100+ Mbps),33,High,Daily,98.0,91.6,100.0,95.0,95.0,11,0,100.0,7,4,8702.0
28,1,2,Male,Master Degree,Divorced,Yes,Urban,Operations,Mid-Level,Large (1001-5000),Government,Average,Fast (50-100 Mbps),45,Low,Weekly,65.1,69.0,74.8,61.2,78.4,8,36,100.0,7,5,4222.8
43,13,5,Female,PhD,Divorced,No,Urban,Engineering,Lead,Small (51-200),Technology,Good,Moderate (25-50 Mbps),37,Moderate,Weekly,88.9,87.9,96.7,95.0,95.0,4,0,100.0,5,2,8350.5
33,5,5,Male,Bachelor Degree,Married,No,Suburban,Sales,Mid-Level,Small (51-200),Manufacturing,Average,Fast (50-100 Mbps),46,Very High,Daily,98.0,100.0,100.0,95.0,95.0,10,0,100.0,5,7,9500.0
28,3,5,Female,Bachelor Degree,Married,Yes,Urban,Engineering,Senior,Large (1001-5000),Healthcare,Average,Very Fast (100+ Mbps),51,High,Few times per week,98.0,92.7,88.7,87.8,95.0,11,0,100.0,8,9,8139.06
39,0,2,Male,Bachelor Degree,Married,No,Urban,Marketing,Mid-Level,Startup (1-50),Government,Good,Moderate (25-50 Mbps),46,Moderate,Few times per week,46.8,61.6,51.2,62.0,70.4,8,41,81.8,4,6,3819.2000000000003
26,0,3,Female,Master Degree,Married,Yes,Suburban,Customer Success,Mid-Level,Large (1001-5000),Finance,Good,Very Fast (100+ Mbps),44,Very High,Weekly,58.7,61.4,63.4,56.2,85.9,5,23,100.0,5,9,3450.6800000000003
35,4,5,Female,Master Degree,Married,No,Urban,Marketing,Mid-Level,Small (51-200),Retail,Average,Very Fast (100+ Mbps),45,Low,Few times per week,72.0,72.4,66.6,76.1,84.8,1,0,100.0,7,8,5509.64
34,1,2,Male,Bachelor Degree,Married,No,Rural,Engineering,Junior,Medium (201-1000),Technology,Good,Very Fast (100+ Mbps),48,High,Daily,86.4,89.1,84.7,72.5,95.0,9,3,100.0,6,8,6459.75
44,11,4,Female,Bachelor Degree,Divorced,Yes,Suburban,Engineering,Lead,Small (51-200),Media,Average,Moderate (25-50 Mbps),43,Moderate,Weekly,98.0,100.0,94.2,78.2,95.0,8,23,100.0,2,4,7820.0
39,9,1,Male,PhD,Married,No,Urban,Operations,Senior,Enterprise (5000+),Finance,Excellent,Very Fast (100+ Mbps),45,Very Low,Few times per week,81.2,82.6,91.1,74.5,91.6,9,0,85.9,1,6,6153.7
34,4,0,Female,Associate Degree,In Relationship,No,Urban,Sales,Mid-Level,Enterprise (5000+),Healthcare,Average,Very Fast (100+ Mbps),38,Moderate,Weekly,98.0,100.0,96.7,71.2,95.0,7,25,100.0,1,7,7120.0
42,5,3,Male,Master Degree,Single,Yes,Suburban,Operations,Mid-Level,Enterprise (5000+),Technology,Average,Moderate (25-50 Mbps),36,Low,Daily,75.6,76.2,84.0,49.5,95.0,8,33,100.0,7,6,3771.9
47,3,3,Male,Bachelor Degree,Married,No,Urban,Engineering,Mid-Level,Small (51-200),Government,Good,Fast (50-100 Mbps),38,Low,Weekly,64.0,75.8,62.0,53.0,88.5,2,7,98.3,6,7,4017.3999999999996
40,4,3,Female,Bachelor Degree,Single,No,Suburban,HR,Mid-Level,Large (1001-5000),Retail,Average,Fast (50-100 Mbps),40,Low,Few times per week,98.0,91.7,97.7,75.9,95.0,10,0,100.0,2,5,6960.030000000001
35,0,3,Male,Bachelor Degree,Single,No,Suburban,Product,Junior,Medium (201-1000),Technology,Good,Very Fast (100+ Mbps),39,Moderate,Weekly,74.3,66.1,58.6,57.8,91.1,8,13,100.0,3,6,3820.5799999999995
23,0,3,Female,Master Degree,Divorced,Yes,Suburban,Product,Junior,Large (1001-5000),Technology,Poor,Very Fast (100+ Mbps),48,High,Few times per week,98.0,93.1,94.1,75.8,95.0,2,27,100.0,7,8,7056.98
25,0,4,Male,Bachelor Degree,Divorced,Yes,Rural,Sales,Junior,Small (51-200),Finance,Excellent,Slow (<25 Mbps),25,High,Few times per week,71.9,74.4,76.9,68.2,95.0,8,18,100.0,5,4,5074.080000000001
32,2,4,Male,Bachelor Degree,Married,No,Urban,Finance,Mid-Level,Large (1001-5000),Technology,Excellent,Fast (50-100 Mbps),40,High,Daily,74.6,76.8,83.8,74.6,95.0,11,5,100.0,10,8,5729.28
29,0,3,Female,Master Degree,In Relationship,No,Urban,Engineering,Junior,Enterprise (5000+),Finance,Average,Moderate (25-50 Mbps),46,Very Low,Weekly,75.7,71.2,80.8,78.1,86.9,8,17,92.8,5,7,5560.72
33,2,3,Female,Master Degree,Single,Yes,Suburban,HR,Junior,Small (51-200),Non-profit,Average,Slow (<25 Mbps),46,High,Few times per week,84.4,80.3,83.5,73.3,95.0,7,32,100.0,5,6,5885.99
35,9,1,Male,Master Degree,Single,No,Suburban,Engineering,Senior,Small (51-200),Education,Good,Fast (50-100 Mbps),37,Very High,Monthly,98.0,100.0,98.6,89.9,95.0,8,28,100.0,5,6,8990.0
39,0,3,Male,Bachelor Degree,Married,Yes,Suburban,HR,Junior,Startup (1-50),Media,Poor,Very Fast (100+ Mbps),52,Moderate,Few times per week,88.6,91.9,94.2,70.8,95.0,12,37,100.0,8,9,6506.52
34,0,3,Male,Master Degree,Divorced,Yes,Suburban,Marketing,Junior,Small (51-200),Finance,Average,Very Fast (100+ Mbps),33,High,Weekly,98.0,96.7,90.9,69.1,95.0,5,16,100.0,6,7,6681.969999999999
39,5,3,Male,Bachelor Degree,Single,No,Urban,Customer Success,Senior,Medium (201-1000),Retail,Poor,Very Fast (100+ Mbps),39,Moderate,Few times per week,67.3,58.9,69.5,50.8,95.0,8,2,88.3,8,7,2992.12
35,1,2,Male,Bachelor Degree,In Relationship,Yes,Suburban,HR,Junior,Large (1001-5000),Healthcare,Good,Very Fast (100+ Mbps),40,Low,Few times per week,98.0,85.4,87.5,90.5,95.0,10,68,100.0,5,8,7728.700000000001
22,0,4,Male,Associate Degree,Married,Yes,Urban,Sales,Junior,Small (51-200),Finance,Excellent,Moderate (25-50 Mbps),40,Moderate,Weekly,73.8,74.9,68.2,62.2,95.0,7,30,100.0,6,6,4658.780000000001
26,0,0,Female,Bachelor Degree,In Relationship,No,Suburban,Product,Junior,Medium (201-1000),Healthcare,Good,Fast (50-100 Mbps),50,Moderate,Daily,66.3,66.8,69.1,47.2,71.7,7,61,95.7,1,5,3152.96
33,0,5,Female,Master Degree,Married,Yes,Urban,Sales,Mid-Level,Medium (201-1000),Finance,Poor,Moderate (25-50 Mbps),42,Moderate,Few times per week,41.5,49.4,51.8,54.4,52.3,10,0,97.1,6,5,2687.3599999999997
24,0,0,Male,Bachelor Degree,Married,No,Urban,Data Science,Junior,Small (51-200),Non-profit,Good,Moderate (25-50 Mbps),43,Moderate,Few times per week,51.5,46.0,56.1,70.5,70.1,7,33,66.1,3,7,3243.0
40,10,5,Male,Bachelor Degree,Married,No,Rural,HR,Lead,Medium (201-1000),Healthcare,Poor,Slow (<25 Mbps),47,Very High,Daily,74.1,73.7,80.3,75.9,92.1,7,0,100.0,4,10,5593.830000000001
48,4,3,Male,Master Degree,Married,No,Urban,Data Science,Mid-Level,Small (51-200),Consulting,Average,Moderate (25-50 Mbps),38,High,Few times per week,96.7,90.8,100.0,72.1,95.0,10,20,100.0,10,9,6546.679999999999
45,12,3,Female,Master Degree,Single,Yes,Urban,Engineering,Lead,Medium (201-1000),Education,Good,Fast (50-100 Mbps),41,Very High,Few times per week,98.0,91.6,98.7,77.7,95.0,7,46,100.0,6,6,7117.32
33,6,2,Female,Master Degree,In Relationship,Yes,Urban,Engineering,Mid-Level,Startup (1-50),Healthcare,Good,Moderate (25-50 Mbps),52,Moderate,Daily,98.0,90.1,100.0,79.3,95.0,4,65,100.0,8,4,7144.929999999999
48,7,0,Female,Bachelor Degree,Divorced,No,Urban,HR,Lead,Large (1001-5000),Healthcare,Good,Fast (50-100 Mbps),44,Moderate,Daily,98.0,97.6,100.0,85.8,95.0,8,8,100.0,2,9,8374.08
36,5,2,Female,Master Degree,Single,No,Suburban,Design,Senior,Small (51-200),Finance,Average,Fast (50-100 Mbps),35,High,Weekly,87.7,72.2,96.9,71.6,95.0,7,22,100.0,5,9,5169.5199999999995
31,3,1,Female,Bachelor Degree,Single,No,Urban,Engineering,Mid-Level,Enterprise (5000+),Technology,Excellent,Fast (50-100 Mbps),36,Moderate,Daily,65.0,60.8,75.2,50.9,89.3,9,16,70.5,8,4,3094.72
29,0,4,Male,Professional Degree,Married,Yes,Urban,Engineering,Junior,Large (1001-5000),Manufacturing,Poor,Fast (50-100 Mbps),47,High,Daily,75.0,68.3,77.0,63.1,95.0,3,34,100.0,5,9,4309.73
32,5,2,Male,Bachelor Degree,Married,No,Urban,Engineering,Mid-Level,Small (51-200),Media,Good,Very Fast (100+ Mbps),35,High,Weekly,91.3,93.0,90.9,80.2,95.0,9,19,100.0,4,6,7458.6
31,4,4,Female,Master Degree,Married,Yes,Urban,Customer Success,Mid-Level,Medium (201-1000),Technology,Poor,Very Fast (100+ Mbps),39,High,Daily,98.0,98.3,100.0,69.3,95.0,9,32,100.0,6,1,6812.19
36,4,2,Male,Associate Degree,Single,No,Urban,HR,Mid-Level,Small (51-200),Media,Good,Very Fast (100+ Mbps),43,Moderate,Few times per week,98.0,96.5,100.0,63.9,95.0,13,51,100.0,6,9,6166.349999999999
36,0,5,Female,Bachelor Degree,Married,No,Urban,Sales,Mid-Level,Large (1001-5000),Technology,Good,Very Fast (100+ Mbps),42,Moderate,Daily,73.6,74.6,69.7,68.7,86.6,6,0,100.0,10,2,5125.0199999999995
35,1,3,Female,Associate Degree,Married,Yes,Urban,Engineering,Junior,Medium (201-1000),Healthcare,Good,Fast (50-100 Mbps),50,High,Weekly,79.3,74.7,85.8,76.8,95.0,6,53,100.0,5,2,5736.96
38,7,1,Female,Bachelor Degree,Single,No,Urban,Operations,Senior,Large (1001-5000),Finance,Average,Moderate (25-50 Mbps),27,Moderate,Daily,90.0,84.7,92.7,90.2,95.0,8,13,100.0,9,10,7639.9400000000005
45,8,3,Male,Bachelor Degree,Married,Yes,Rural,Engineering,Lead,Startup (1-50),Technology,Good,Fast (50-100 Mbps),44,High,Daily,83.5,84.9,84.7,81.2,95.0,8,42,100.0,8,5,6893.880000000001
43,12,2,Female,Master Degree,Single,No,Rural,HR,Manager,Startup (1-50),Technology,Poor,Very Fast (100+ Mbps),40,Low,Few times per week,81.5,75.3,74.7,83.6,95.0,9,30,100.0,5,7,6295.079999999999
22,0,1,Female,Associate Degree,Single,No,Urban,Marketing,Junior,Small (51-200),Finance,Good,Moderate (25-50 Mbps),49,High,Daily,73.4,56.4,69.9,80.4,92.4,10,73,100.0,9,9,4534.56
22,0,3,Female,Master Degree,Married,Yes,Urban,Finance,Junior,Startup (1-50),Technology,Poor,Moderate (25-50 Mbps),40,Low,Weekly,70.7,65.6,70.6,70.1,93.4,7,40,75.2,7,9,4598.5599999999995
43,5,4,Female,High School,In Relationship,No,Suburban,Customer Success,Senior,Medium (201-1000),Technology,Average,Moderate (25-50 Mbps),40,Moderate,Weekly,74.8,77.2,81.2,65.3,95.0,10,39,87.4,8,4,5041.16
32,0,3,Male,Master Degree,Married,No,Rural,Sales,Junior,Large (1001-5000),Technology,Good,Very Fast (100+ Mbps),38,Moderate,Few times per week,61.0,54.1,61.3,61.2,79.0,2,13,52.6,3,1,3310.92
24,0,5,Male,Master Degree,Single,Yes,Urban,HR,Junior,Large (1001-5000),Technology,Good,Very Fast (100+ Mbps),38,High,Weekly,63.1,60.2,66.7,50.8,89.8,4,0,100.0,8,3,3058.16
22,0,5,Male,Bachelor Degree,Single,No,Suburban,Engineering,Junior,Small (51-200),Education,Average,Fast (50-100 Mbps),41,Moderate,Few times per week,74.3,69.6,62.2,52.9,91.7,14,0,74.3,6,9,3681.8399999999997
39,9,5,Male,High School,Married,Yes,Suburban,Product,Lead,Medium (201-1000),Consulting,Good,Very Fast (100+ Mbps),51,High,Daily,98.0,98.8,93.8,79.2,95.0,10,0,100.0,6,6,7824.96
41,4,3,Female,Master Degree,Married,No,Suburban,Engineering,Mid-Level,Medium (201-1000),Technology,Average,Very Fast (100+ Mbps),39,High,Daily,98.0,88.1,100.0,71.6,95.0,6,22,100.0,5,4,6307.959999999999
22,1,2,Male,Bachelor Degree,In Relationship,Yes,Urban,Engineering,Junior,Medium (201-1000),Retail,Good,Fast (50-100 Mbps),39,High,Bi-weekly,94.0,80.7,92.3,84.2,95.0,9,23,100.0,2,4,6794.9400000000005
30,3,4,Male,Master Degree,Single,Yes,Urban,Engineering,Mid-Level,Startup (1-50),Technology,Good,Very Fast (100+ Mbps),42,High,Daily,87.2,75.2,96.0,64.1,95.0,12,35,100.0,5,10,4820.32
38,11,3,Male,Bachelor Degree,Divorced,No,Urban,Sales,Lead,Small (51-200),Retail,Excellent,Very Fast (100+ Mbps),52,Low,Bi-weekly,93.2,100.0,88.1,77.3,95.0,12,52,90.8,6,7,7730.0
22,0,1,Female,Associate Degree,Divorced,No,Suburban,Design,Junior,Medium (201-1000),Technology,Excellent,Very Fast (100+ Mbps),37,Low,Weekly,98.0,88.5,100.0,65.1,95.0,5,22,98.1,4,6,5761.349999999999
36,7,3,Male,Master Degree,Married,No,Urban,Data Science,Lead,Enterprise (5000+),Technology,Average,Very Fast (100+ Mbps),56,Moderate,Few times per week,68.6,72.2,69.5,69.9,86.9,7,14,100.0,7,6,5046.780000000001
34,6,0,Male,Master Degree,Single,Yes,Urban,Engineering,Senior,Large (1001-5000),Technology,Average,Fast (50-100 Mbps),44,Moderate,Weekly,92.0,80.2,80.8,88.4,95.0,13,23,100.0,8,9,7089.68
40,8,4,Male,Associate Degree,Married,No,Suburban,Engineering,Mid-Level,Small (51-200),Technology,Excellent,Very Fast (100+ Mbps),35,Very Low,Daily,88.7,85.9,96.5,77.6,95.0,6,47,100.0,2,9,6665.84
36,2,0,Male,Bachelor Degree,Married,Yes,Suburban,Sales,Junior,Large (1001-5000),Manufacturing,Average,Moderate (25-50 Mbps),38,Moderate,Weekly,78.2,87.7,82.9,68.0,95.0,19,31,86.4,6,9,5963.6
26,0,4,Female,Associate Degree,Divorced,No,Urban,Sales,Junior,Enterprise (5000+),Technology,Excellent,Moderate (25-50 Mbps),30,Low,Weekly,35.0,46.1,50.7,30.0,63.3,6,49,67.8,6,6,1383.0
45,4,4,Male,Master Degree,Married,No,Urban,HR,Mid-Level,Startup (1-50),Non-profit,Good,Fast (50-100 Mbps),42,High,Few times per week,70.8,90.7,67.3,62.1,95.0,7,36,100.0,7,8,5632.47
33,2,1,Male,Master Degree,Married,No,Urban,Marketing,Junior,Large (1001-5000),Finance,Excellent,Fast (50-100 Mbps),48,Moderate,Bi-weekly,78.6,88.4,75.8,63.3,93.7,9,43,81.4,7,6,5595.72
34,3,3,Male,Bachelor Degree,Divorced,Yes,Urban,HR,Senior,Medium (201-1000),Media,Poor,Very Fast (100+ Mbps),42,Very High,Daily,88.0,93.9,77.2,86.8,95.0,4,53,100.0,6,7,8150.52
26,0,4,Female,High School,In Relationship,No,Suburban,HR,Junior,Large (1001-5000),Technology,Poor,Fast (50-100 Mbps),46,Moderate,Weekly,71.2,60.0,72.6,62.6,93.2,9,13,79.8,5,6,3756.0
31,2,2,Female,High School,Married,No,Urban,Operations,Mid-Level,Medium (201-1000),Technology,Good,Fast (50-100 Mbps),44,Moderate,Daily,78.5,76.7,85.1,66.3,93.0,10,0,99.7,10,7,5085.21
27,1,1,Male,Bachelor Degree,Divorced,No,Suburban,Customer Success,Junior,Enterprise (5000+),Healthcare,Good,Fast (50-100 Mbps),49,High,Weekly,87.3,83.1,93.3,73.3,95.0,10,20,100.0,6,6,6091.23
33,3,2,Male,Master Degree,Married,Yes,Urban,Engineering,Mid-Level,Small (51-200),Technology,Good,Very Fast (100+ Mbps),36,Moderate,Few times per week,71.3,72.6,64.8,90.3,88.2,8,31,85.3,5,4,6555.779999999999
50,13,3,Female,Associate Degree,Married,No,Rural,Engineering,Senior,Large (1001-5000),Manufacturing,Average,Very Fast (100+ Mbps),47,Low,Weekly,82.0,77.2,87.0,77.5,93.2,4,29,89.8,10,3,5983.0
22,1,3,Male,Bachelor Degree,Married,No,Suburban,HR,Mid-Level,Small (51-200),Finance,Excellent,Very Fast (100+ Mbps),53,Low,Few times per week,89.2,88.6,100.0,84.5,95.0,11,36,93.9,4,9,7486.7
22,0,1,Female,Bachelor Degree,Married,Yes,Rural,Engineering,Junior,Medium (201-1000),Retail,Good,Fast (50-100 Mbps),57,Very High,Bi-weekly,89.9,93.1,85.9,84.3,95.0,7,42,100.0,4,6,7848.329999999999
48,3,3,Male,Bachelor Degree,Married,Yes,Urban,Engineering,Mid-Level,Enterprise (5000+),Technology,Average,Fast (50-100 Mbps),50,Moderate,Daily,98.0,99.7,92.9,92.5,95.0,10,32,100.0,9,9,9222.25
33,6,2,Male,Bachelor Degree,Married,Yes,Suburban,Product,Senior,Large (1001-5000),Education,Good,Fast (50-100 Mbps),43,High,Daily,98.0,100.0,97.1,86.5,95.0,8,33,100.0,7,7,8650.0
28,1,4,Female,Bachelor Degree,Married,Yes,Suburban,Operations,Mid-Level,Small (51-200),Education,Excellent,Fast (50-100 Mbps),36,Moderate,Daily,58.9,62.0,60.9,58.0,79.2,6,34,94.9,6,3,3596.0
44,7,2,Female,Master Degree,Married,Yes,Suburban,Marketing,Lead,Medium (201-1000),Manufacturing,Good,Very Fast (100+ Mbps),37,High,Weekly,82.9,94.0,83.0,75.9,91.8,14,41,100.0,2,5,7134.6
29,5,4,Female,PhD,Married,No,Urban,Finance,Mid-Level,Startup (1-50),Technology,Average,Moderate (25-50 Mbps),40,Very High,Few times per week,35.0,40.0,50.0,33.1,52.2,12,44,100.0,5,8,1324.0
51,19,3,Male,PhD,Married,No,Urban,Sales,Manager,Small (51-200),Government,Poor,Fast (50-100 Mbps),53,High,Few times per week,86.7,100.0,89.4,94.5,95.0,10,33,100.0,5,4,9450.0
41,11,4,Male,Bachelor Degree,Married,No,Urban,Design,Manager,Large (1001-5000),Government,Excellent,Very Fast (100+ Mbps),38,High,Weekly,98.0,99.5,100.0,78.6,95.0,11,36,100.0,6,1,7820.7
30,4,3,Male,Master Degree,Single,Yes,Urban,Engineering,Senior,Medium (201-1000),Consulting,Good,Fast (50-100 Mbps),43,Moderate,Weekly,98.0,91.8,100.0,95.0,95.0,6,64,100.0,5,4,8721.0
54,3,4,Female,PhD,Divorced,No,Suburban,Operations,Mid-Level,Medium (201-1000),Education,Good,Fast (50-100 Mbps),47,Very High,Daily,55.2,60.3,64.5,44.4,73.0,6,20,100.0,5,6,2677.3199999999997
29,0,3,Female,Associate Degree,Divorced,No,Suburban,HR,Mid-Level,Large (1001-5000),Finance,Excellent,Very Fast (100+ Mbps),25,Moderate,Few times per week,91.0,84.8,83.0,82.7,95.0,12,40,100.0,10,4,7012.96
41,2,4,Male,High School,Married,Yes,Suburban,Marketing,Junior,Medium (201-1000),Technology,Good,Fast (50-100 Mbps),35,Very Low,Daily,65.3,56.6,72.4,53.5,74.8,6,26,87.8,9,2,3028.1
37,5,3,Female,High School,Single,Yes,Urban,HR,Mid-Level,Startup (1-50),Government,Excellent,Moderate (25-50 Mbps),53,Moderate,Bi-weekly,98.0,98.9,100.0,88.3,95.0,9,21,100.0,3,8,8732.87
46,12,3,Female,Bachelor Degree,In Relationship,No,Urban,Design,Senior,Medium (201-1000),Government,Good,Very Fast (100+ Mbps),48,High,Weekly,98.0,100.0,98.7,79.8,95.0,5,23,100.0,4,10,7980.0
49,6,3,Male,Master Degree,Divorced,No,Urban,HR,Senior,Enterprise (5000+),Technology,Average,Fast (50-100 Mbps),48,Moderate,Weekly,90.2,90.2,90.7,90.0,95.0,11,36,100.0,9,10,8118.0
35,10,4,Female,Bachelor Degree,Single,No,Urban,Sales,Senior,Large (1001-5000),Finance,Good,Very Fast (100+ Mbps),36,Very High,Weekly,98.0,100.0,94.0,83.1,95.0,7,22,100.0,5,9,8310.0
28,0,4,Male,Bachelor Degree,Single,No,Suburban,Operations,Junior,Medium (201-1000),Media,Poor,Moderate (25-50 Mbps),50,High,Few times per week,91.2,100.0,98.1,83.0,95.0,9,0,100.0,6,1,8300.0
39,4,2,Male,Bachelor Degree,Married,Yes,Urban,Product,Mid-Level,Startup (1-50),Technology,Good,Very Fast (100+ Mbps),37,Low,Few times per week,87.6,99.4,81.5,78.8,95.0,13,25,100.0,7,5,7832.72
53,25,4,Male,Bachelor Degree,Single,Yes,Suburban,Finance,Lead,Large (1001-5000),Non-profit,Good,Fast (50-100 Mbps),46,Low,Daily,77.2,67.3,78.7,54.9,95.0,5,35,97.8,1,7,3694.7699999999995
36,12,5,Male,High School,Married,Yes,Rural,Marketing,Senior,Small (51-200),Consulting,Excellent,Very Fast (100+ Mbps),46,Very High,Bi-weekly,98.0,100.0,95.7,95.0,95.0,12,0,100.0,8,8,9500.0
31,1,4,Female,Associate Degree,Married,Yes,Urban,Engineering,Mid-Level,Medium (201-1000),Media,Average,Very Fast (100+ Mbps),44,Very High,Few times per week,68.2,70.5,67.2,55.5,91.3,5,0,100.0,7,7,3912.75
26,2,4,Female,Master Degree,Married,No,Urban,Operations,Junior,Small (51-200),Education,Average,Very Fast (100+ Mbps),42,High,Weekly,65.1,59.5,71.7,64.3,82.5,6,0,100.0,8,6,3825.85
45,0,3,Male,Master Degree,In Relationship,No,Suburban,Engineering,Mid-Level,Medium (201-1000),Healthcare,Poor,Moderate (25-50 Mbps),28,Very High,Few times per week,91.2,90.4,94.2,77.3,95.0,6,24,100.0,5,4,6987.92
29,4,5,Female,Master Degree,Married,Yes,Suburban,Customer Success,Mid-Level,Small (51-200),Technology,Excellent,Moderate (25-50 Mbps),45,Moderate,Daily,60.9,67.4,55.0,39.7,65.4,9,0,70.6,3,7,2675.78
25,0,2,Female,Master Degree,Married,No,Urban,Marketing,Junior,Small (51-200),Media,Good,Fast (50-100 Mbps),36,Low,Daily,74.2,86.5,71.6,57.8,95.0,15,59,85.5,5,1,4999.7
39,6,0,Male,Master Degree,Married,No,Urban,HR,Lead,Enterprise (5000+),Media,Excellent,Fast (50-100 Mbps),41,Moderate,Few times per week,98.0,100.0,100.0,82.3,95.0,10,15,100.0,8,2,8230.0
45,8,0,Female,Master Degree,Single,No,Suburban,Engineering,Senior,Small (51-200),Technology,Average,Fast (50-100 Mbps),38,Very High,Daily,84.1,88.0,85.7,65.7,95.0,5,23,100.0,6,7,5781.6
41,8,4,Male,Bachelor Degree,Divorced,No,Urban,Product,Senior,Small (51-200),Technology,Excellent,Very Fast (100+ Mbps),45,Very High,Daily,98.0,100.0,94.5,77.7,95.0,6,20,100.0,5,8,7770.0
43,4,5,Male,Bachelor Degree,Single,No,Suburban,Operations,Mid-Level,Medium (201-1000),Technology,Good,Very Fast (100+ Mbps),37,Moderate,Weekly,78.3,87.8,78.2,59.3,95.0,5,0,100.0,4,4,5206.54
28,2,0,Female,Master Degree,Single,Yes,Suburban,HR,Junior,Large (1001-5000),Healthcare,Good,Fast (50-100 Mbps),43,Moderate,Bi-weekly,83.0,68.9,75.0,64.8,95.0,7,0,94.3,5,7,4464.72
22,0,4,Female,Bachelor Degree,Divorced,No,Suburban,Engineering,Junior,Large (1001-5000),Technology,Good,Very Fast (100+ Mbps),43,Low,Bi-weekly,65.3,73.4,75.1,59.7,80.4,10,57,88.8,10,8,4381.9800000000005
48,7,4,Male,Bachelor Degree,Married,No,Suburban,Sales,Lead,Startup (1-50),Healthcare,Average,Fast (50-100 Mbps),42,Moderate,Daily,89.5,78.6,88.8,76.6,95.0,10,37,100.0,8,9,6020.759999999999
32,0,4,Male,Bachelor Degree,Married,No,Suburban,Engineering,Junior,Large (1001-5000),Healthcare,Good,Fast (50-100 Mbps),44,Very High,Bi-weekly,97.3,91.6,91.6,87.0,95.0,4,27,100.0,6,6,7969.2
32,3,2,Female,Bachelor Degree,Single,No,Suburban,Design,Senior,Medium (201-1000),Media,Good,Fast (50-100 Mbps),34,High,Weekly,82.2,81.8,82.3,83.6,95.0,6,21,100.0,8,4,6838.48
46,12,4,Male,PhD,Single,Yes,Suburban,Engineering,Lead,Medium (201-1000),Technology,Poor,Moderate (25-50 Mbps),35,Moderate,Weekly,98.0,91.5,89.6,95.0,95.0,9,5,100.0,5,3,8692.5
40,4,0,Male,Bachelor Degree,Divorced,No,Urban,Finance,Mid-Level,Large (1001-5000),Healthcare,Good,Fast (50-100 Mbps),50,High,Daily,98.0,100.0,99.5,87.9,95.0,9,19,100.0,6,8,8790.0
39,8,4,Female,Bachelor Degree,Married,No,Urban,Engineering,Senior,Small (51-200),Retail,Excellent,Slow (<25 Mbps),32,Very Low,Weekly,95.2,88.3,93.5,81.6,95.0,3,41,100.0,8,3,7205.279999999999
54,18,2,Female,Bachelor Degree,Married,No,Rural,Engineering,Lead,Enterprise (5000+),Education,Average,Fast (50-100 Mbps),54,High,Weekly,98.0,97.0,92.2,89.6,95.0,12,21,100.0,5,8,8691.199999999999
29,1,3,Female,Master Degree,Single,Yes,Urban,Sales,Junior,Medium (201-1000),Government,Average,Very Fast (100+ Mbps),41,Moderate,Few times per week,80.3,90.7,81.3,59.5,95.0,10,23,58.6,8,6,5396.650000000001
43,11,4,Female,Bachelor Degree,Married,No,Suburban,Customer Success,Manager,Small (51-200),Education,Good,Fast (50-100 Mbps),36,High,Few times per week,98.0,90.2,100.0,68.7,95.0,9,25,100.0,6,6,6196.740000000001
35,3,2,Female,Master Degree,Married,Yes,Suburban,HR,Mid-Level,Medium (201-1000),Media,Excellent,Fast (50-100 Mbps),47,Very High,Weekly,98.0,85.2,94.2,89.1,95.0,12,101,100.0,6,6,7591.32
37,10,1,Female,Master Degree,Divorced,No,Suburban,Design,Mid-Level,Small (51-200),Technology,Average,Fast (50-100 Mbps),38,Moderate,Bi-weekly,78.9,73.3,84.4,78.7,95.0,4,23,87.7,2,4,5768.71
48,13,4,Male,Bachelor Degree,Married,No,Urban,Product,Lead,Medium (201-1000),Healthcare,Average,Fast (50-100 Mbps),44,Moderate,Bi-weekly,84.0,80.7,93.1,74.3,95.0,4,8,100.0,8,8,5996.01
39,13,3,Female,Bachelor Degree,Married,Yes,Urban,Engineering,Senior,Startup (1-50),Healthcare,Average,Very Fast (100+ Mbps),49,Very High,Daily,98.0,100.0,96.4,95.0,95.0,6,0,100.0,7,5,9500.0
39,9,3,Male,Bachelor Degree,Married,Yes,Urban,Customer Success,Lead,Small (51-200),Non-profit,Average,Slow (<25 Mbps),46,High,Few times per week,97.6,92.8,87.4,73.8,95.0,7,15,100.0,2,7,6848.639999999999
44,3,2,Male,Master Degree,Married,Yes,Urban,Marketing,Mid-Level,Large (1001-5000),Technology,Excellent,Moderate (25-50 Mbps),44,Moderate,Daily,91.4,76.6,92.5,69.6,95.0,12,81,93.9,6,1,5331.359999999999
31,7,0,Male,Master Degree,Married,No,Rural,Product,Senior,Large (1001-5000),Technology,Average,Fast (50-100 Mbps),45,Moderate,Weekly,98.0,100.0,98.8,84.2,95.0,11,46,100.0,7,5,8420.0
27,2,3,Female,Bachelor Degree,Single,No,Suburban,Engineering,Junior,Small (51-200),Education,Excellent,Very Fast (100+ Mbps),42,High,Weekly,98.0,100.0,95.4,73.5,95.0,4,47,100.0,7,2,7350.0
25,1,1,Male,Associate Degree,Single,No,Suburban,Customer Success,Junior,Medium (201-1000),Technology,Average,Moderate (25-50 Mbps),46,Moderate,Daily,87.3,84.3,96.2,76.4,95.0,7,44,89.6,3,5,6440.52
22,0,5,Male,Associate Degree,In Relationship,Yes,Suburban,Engineering,Junior,Medium (201-1000),Education,Average,Very Fast (100+ Mbps),35,High,Bi-weekly,61.5,58.1,71.9,73.8,82.2,5,0,100.0,6,4,4287.78
53,18,0,Female,Master Degree,Single,No,Urban,Sales,Manager,Medium (201-1000),Non-profit,Good,Very Fast (100+ Mbps),50,Moderate,Weekly,82.1,80.3,83.5,75.6,95.0,10,28,100.0,4,3,6070.679999999999
25,1,3,Female,High School,Single,No,Urban,Engineering,Mid-Level,Small (51-200),Government,Good,Fast (50-100 Mbps),41,Moderate,Daily,61.5,55.4,84.3,69.5,73.0,6,35,75.4,6,8,3850.2999999999997
33,2,0,Female,High School,Married,Yes,Urban,Engineering,Junior,Large (1001-5000),Technology,Excellent,Fast (50-100 Mbps),43,Very High,Few times per week,79.5,80.5,87.9,72.9,86.2,12,16,100.0,6,6,5868.450000000001
32,7,1,Male,Bachelor Degree,Married,No,Suburban,Marketing,Lead,Small (51-200),Technology,Excellent,Very Fast (100+ Mbps),40,Moderate,Daily,90.5,80.4,91.8,81.2,95.0,11,48,72.9,2,8,6528.4800000000005
37,8,4,Male,Master Degree,Married,Yes,Suburban,Customer Success,Lead,Enterprise (5000+),Healthcare,Good,Fast (50-100 Mbps),45,High,Few times per week,98.0,100.0,100.0,83.4,95.0,6,40,100.0,5,9,8340.0
42,11,4,Female,Master Degree,Married,No,Suburban,HR,Senior,Medium (201-1000),Education,Average,Fast (50-100 Mbps),48,Very High,Daily,94.2,97.4,91.7,82.3,95.0,15,39,100.0,7,6,8016.02
42,5,0,Male,Bachelor Degree,In Relationship,Yes,Suburban,Engineering,Junior,Large (1001-5000),Education,Good,Fast (50-100 Mbps),36,Moderate,Weekly,95.9,97.7,93.8,60.8,95.0,8,30,100.0,8,7,5940.16
29,3,0,Female,Master Degree,Married,Yes,Rural,Engineering,Senior,Small (51-200),Retail,Excellent,Very Fast (100+ Mbps),41,High,Weekly,86.4,84.8,93.7,79.2,95.0,12,59,100.0,5,7,6716.16
33,6,0,Male,Bachelor Degree,Divorced,No,Urban,Sales,Lead,Large (1001-5000),Education,Average,Very Fast (100+ Mbps),43,Moderate,Few times per week,88.7,74.1,100.0,83.2,95.0,12,12,100.0,5,7,6165.12
37,6,4,Female,PhD,Single,No,Suburban,Product,Senior,Startup (1-50),Technology,Excellent,Very Fast (100+ Mbps),44,Very High,Daily,98.0,92.2,100.0,82.1,95.0,7,35,100.0,8,7,7569.62
32,1,3,Female,Bachelor Degree,Single,Yes,Urban,Engineering,Junior,Large (1001-5000),Manufacturing,Average,Very Fast (100+ Mbps),40,Moderate,Few times per week,87.3,90.8,86.0,86.6,95.0,8,29,100.0,4,7,7863.279999999999
49,2,0,Male,Master Degree,Married,No,Suburban,Marketing,Junior,Medium (201-1000),Technology,Good,Very Fast (100+ Mbps),39,Very High,Few times per week,87.8,91.3,82.1,80.8,95.0,12,21,100.0,7,6,7377.04
39,3,3,Female,Bachelor Degree,Single,No,Urban,Engineering,Mid-Level,Medium (201-1000),Technology,Good,Very Fast (100+ Mbps),47,High,Bi-weekly,98.0,100.0,99.1,75.7,95.0,8,8,100.0,5,9,7570.0
41,3,4,Male,Bachelor Degree,Single,Yes,Suburban,Marketing,Mid-Level,Small (51-200),Manufacturing,Good,Very Fast (100+ Mbps),45,Moderate,Few times per week,59.6,74.6,65.7,33.5,78.8,7,23,60.0,10,8,2499.1
40,0,5,Male,Master Degree,Single,No,Urban,Engineering,Mid-Level,Startup (1-50),Healthcare,Average,Very Fast (100+ Mbps),43,High,Daily,94.8,91.3,92.8,63.0,95.0,10,0,100.0,6,5,5751.9
45,2,5,Female,Bachelor Degree,Married,No,Urban,Engineering,Junior,Large (1001-5000),Retail,Excellent,Very Fast (100+ Mbps),49,Very Low,Few times per week,78.8,85.9,87.1,56.5,87.4,4,0,98.5,3,6,4853.35
36,4,2,Male,Bachelor Degree,Married,No,Suburban,Engineering,Mid-Level,Medium (201-1000),Finance,Excellent,Very Fast (100+ Mbps),33,Moderate,Weekly,85.3,100.0,91.8,72.5,95.0,4,36,100.0,4,6,7250.0
23,0,1,Male,Bachelor Degree,Married,Yes,Urban,Engineering,Junior,Medium (201-1000),Technology,Good,Fast (50-100 Mbps),46,High,Daily,58.4,53.7,56.4,62.9,63.0,7,22,100.0,2,2,3377.73
38,11,2,Male,Bachelor Degree,Single,No,Urban,Engineering,Senior,Small (51-200),Finance,Average,Fast (50-100 Mbps),44,Low,Few times per week,69.0,72.3,72.9,58.9,83.7,4,9,80.0,7,10,4258.469999999999
29,2,4,Male,Bachelor Degree,Married,No,Suburban,Operations,Junior,Small (51-200),Education,Excellent,Very Fast (100+ Mbps),33,High,Weekly,89.2,83.1,90.3,67.9,95.0,10,37,100.0,5,6,5642.49
30,0,5,Male,Bachelor Degree,Single,No,Suburban,Engineering,Mid-Level,Large (1001-5000),Technology,Average,Very Fast (100+ Mbps),48,High,Daily,94.1,94.2,84.0,95.0,93.5,6,0,100.0,1,8,8949.0
40,8,3,Female,Master Degree,Married,Yes,Suburban,Engineering,Lead,Large (1001-5000),Retail,Average,Fast (50-100 Mbps),45,High,Daily,95.8,76.3,88.6,92.7,95.0,9,39,100.0,3,4,7073.01
46,17,2,Female,Master Degree,Married,No,Suburban,Engineering,Director,Small (51-200),Manufacturing,Good,Very Fast (100+ Mbps),46,Low,Weekly,80.6,83.6,76.3,86.2,95.0,6,76,100.0,5,7,7206.32
35,7,3,Male,Bachelor Degree,Married,Yes,Urban,Product,Senior,Medium (201-1000),Healthcare,Good,Moderate (25-50 Mbps),40,Moderate,Weekly,74.5,64.2,76.2,71.4,94.9,6,14,100.0,5,6,4583.880000000001
37,4,2,Male,Bachelor Degree,Divorced,No,Urban,Operations,Mid-Level,Large (1001-5000),Consulting,Good,Fast (50-100 Mbps),46,Moderate,Weekly,83.3,75.7,86.6,68.3,95.0,10,36,100.0,9,9,5170.31
50,3,2,Female,Master Degree,Divorced,No,Suburban,HR,Senior,Large (1001-5000),Consulting,Good,Very Fast (100+ Mbps),37,Moderate,Few times per week,86.3,79.1,83.9,58.1,95.0,5,54,100.0,6,9,4595.71
58,29,0,Female,Bachelor Degree,Divorced,Yes,Rural,Engineering,Director,Large (1001-5000),Education,Excellent,Fast (50-100 Mbps),41,Moderate,Few times per week,87.6,94.2,86.9,91.6,95.0,9,42,96.8,4,3,8628.72
40,2,2,Female,Master Degree,Married,No,Urban,Engineering,Junior,Small (51-200),Finance,Good,Very Fast (100+ Mbps),46,High,Weekly,98.0,97.0,86.9,85.5,95.0,2,49,100.0,5,6,8293.5
22,0,4,Female,Master Degree,Divorced,No,Suburban,Marketing,Junior,Large (1001-5000),Healthcare,Good,Very Fast (100+ Mbps),48,Very High,Few times per week,78.7,66.1,80.4,59.6,93.5,9,15,100.0,8,1,3939.56
41,7,0,Male,Associate Degree,Married,Yes,Rural,Operations,Senior,Medium (201-1000),Retail,Good,Fast (50-100 Mbps),42,High,Daily,98.0,93.0,96.5,95.0,95.0,5,37,100.0,6,6,8835.0
38,0,1,Male,Bachelor Degree,Married,No,Suburban,Product,Junior,Medium (201-1000),Technology,Good,Moderate (25-50 Mbps),42,Low,Daily,41.8,40.5,50.0,32.4,58.2,14,17,73.4,6,6,1312.2
46,4,2,Male,Bachelor Degree,Married,No,Urban,Product,Mid-Level,Medium (201-1000),Retail,Average,Very Fast (100+ Mbps),48,Moderate,Weekly,90.8,90.7,88.7,68.6,95.0,8,48,94.6,6,6,6222.0199999999995
41,3,5,Female,Professional Degree,Single,No,Suburban,Sales,Mid-Level,Medium (201-1000),Healthcare,Good,Very Fast (100+ Mbps),39,Moderate,Few times per week,98.0,88.6,100.0,87.2,95.0,6,0,100.0,6,6,7725.92
33,2,4,Female,Bachelor Degree,Married,No,Suburban,Sales,Mid-Level,Medium (201-1000),Technology,Excellent,Very Fast (100+ Mbps),38,Very High,Daily,79.5,86.0,77.9,74.8,95.0,11,41,100.0,6,7,6432.8
23,0,0,Female,Professional Degree,In Relationship,Yes,Suburban,Engineering,Junior,Large (1001-5000),Healthcare,Excellent,Fast (50-100 Mbps),51,High,Daily,98.0,91.3,85.6,85.0,95.0,10,104,100.0,7,4,7760.5
33,1,3,Male,Bachelor Degree,Married,No,Urban,Engineering,Junior,Medium (201-1000),Technology,Good,Fast (50-100 Mbps),40,Moderate,Bi-weekly,91.6,83.9,89.6,84.2,95.0,12,47,81.4,3,2,7064.380000000001
27,0,2,Female,Bachelor Degree,Single,Yes,Suburban,Design,Junior,Startup (1-50),Technology,Good,Very Fast (100+ Mbps),47,High,Monthly,94.8,93.1,96.4,94.4,95.0,11,0,100.0,7,8,8788.64
29,2,4,Female,Bachelor Degree,Married,Yes,Urban,Engineering,Junior,Startup (1-50),Media,Average,Fast (50-100 Mbps),50,Moderate,Daily,46.5,63.8,55.9,54.5,59.6,10,9,82.0,4,8,3477.1
40,1,4,Female,Master Degree,Divorced,Yes,Urban,Data Science,Junior,Large (1001-5000),Healthcare,Good,Very Fast (100+ Mbps),43,High,Few times per week,98.0,100.0,97.4,74.2,95.0,13,47,100.0,5,7,7420.0
50,1,5,Male,Bachelor Degree,In Relationship,No,Suburban,Marketing,Junior,Large (1001-5000),Healthcare,Average,Fast (50-100 Mbps),43,Moderate,Daily,91.3,89.7,100.0,77.0,95.0,7,0,100.0,8,8,6906.900000000001
38,6,3,Female,Bachelor Degree,Married,No,Urban,Marketing,Senior,Large (1001-5000),Technology,Average,Very Fast (100+ Mbps),52,Moderate,Daily,98.0,97.3,100.0,72.6,95.0,5,33,100.0,6,6,7063.98
24,0,5,Male,Master Degree,Divorced,Yes,Suburban,Engineering,Junior,Small (51-200),Healthcare,Excellent,Fast (50-100 Mbps),34,Moderate,Few times per week,70.5,51.7,69.4,65.0,76.6,4,0,86.6,9,1,3360.5
39,12,5,Female,Professional Degree,Divorced,No,Suburban,Finance,Senior,Medium (201-1000),Technology,Average,Moderate (25-50 Mbps),34,High,Daily,84.9,81.7,85.3,80.3,93.6,13,0,100.0,4,4,6560.51
45,17,5,Female,Bachelor Degree,Single,No,Rural,Marketing,Manager,Small (51-200),Retail,Excellent,Fast (50-100 Mbps),46,Moderate,Weekly,90.6,89.6,92.0,90.4,95.0,15,0,100.0,9,6,8099.84
29,1,3,Male,Associate Degree,Divorced,No,Suburban,Sales,Junior,Enterprise (5000+),Consulting,Good,Very Fast (100+ Mbps),39,High,Few times per week,97.8,100.0,100.0,74.1,95.0,5,26,100.0,6,8,7409.999999999999
33,5,3,Female,Master Degree,Married,No,Suburban,Engineering,Mid-Level,Small (51-200),Consulting,Good,Fast (50-100 Mbps),47,Low,Weekly,86.6,94.8,80.8,84.8,95.0,11,24,100.0,5,5,8039.039999999999
35,0,2,Male,Master Degree,Married,Yes,Urban,Engineering,Junior,Medium (201-1000),Technology,Average,Fast (50-100 Mbps),41,Moderate,Weekly,83.7,61.9,87.2,66.4,84.9,7,15,70.6,7,2,4110.16
27,0,0,Female,Associate Degree,Married,Yes,Suburban,Marketing,Junior,Large (1001-5000),Healthcare,Good,Slow (<25 Mbps),46,High,Daily,64.7,70.0,67.4,45.9,85.1,7,0,100.0,9,6,3213.0
40,6,2,Male,PhD,Married,No,Urban,Sales,Lead,Large (1001-5000),Manufacturing,Average,Very Fast (100+ Mbps),36,Moderate,Daily,98.0,91.4,100.0,71.9,95.0,8,16,91.5,7,3,6571.660000000001
33,5,4,Female,Associate Degree,Married,No,Urban,Finance,Senior,Startup (1-50),Technology,Good,Fast (50-100 Mbps),45,Moderate,Bi-weekly,93.2,80.0,95.9,80.9,95.0,5,21,100.0,1,7,6472.0
38,1,4,Female,Master Degree,Married,Yes,Suburban,Finance,Junior,Small (51-200),Technology,Good,Very Fast (100+ Mbps),38,Moderate,Weekly,98.0,95.0,89.6,80.3,95.0,11,28,100.0,1,3,7628.5
27,3,5,Male,Bachelor Degree,Divorced,No,Urban,Sales,Mid-Level,Medium (201-1000),Consulting,Excellent,Very Fast (100+ Mbps),46,Very High,Few times per week,98.0,97.3,95.9,94.2,95.0,7,0,100.0,3,1,9165.66
31,5,0,Female,Bachelor Degree,Divorced,No,Urban,Finance,Junior,Medium (201-1000),Manufacturing,Average,Very Fast (100+ Mbps),56,High,Daily,98.0,78.6,100.0,83.2,95.0,8,29,100.0,8,9,6539.5199999999995
41,5,1,Male,Bachelor Degree,Married,No,Suburban,Engineering,Mid-Level,Startup (1-50),Finance,Excellent,Very Fast (100+ Mbps),37,Low,Bi-weekly,98.0,96.8,92.9,83.8,95.0,8,9,100.0,7,7,8111.839999999999
31,0,4,Male,Master Degree,Married,Yes,Urban,Finance,Mid-Level,Large (1001-5000),Technology,Good,Very Fast (100+ Mbps),39,Low,Daily,80.0,84.0,88.1,69.7,95.0,10,16,92.4,6,4,5854.8
50,1,2,Female,PhD,Single,No,Urban,Engineering,Junior,Medium (201-1000),Healthcare,Good,Very Fast (100+ Mbps),41,High,Daily,89.7,80.6,90.4,92.4,95.0,9,37,100.0,7,7,7447.44
31,8,1,Female,Bachelor Degree,Married,No,Urban,Engineering,Senior,Large (1001-5000),Finance,Excellent,Very Fast (100+ Mbps),43,Very High,Bi-weekly,98.0,100.0,100.0,57.2,95.0,7,39,100.0,6,5,5720.0
37,0,5,Female,Bachelor Degree,Divorced,Yes,Suburban,Engineering,Junior,Small (51-200),Healthcare,Excellent,Fast (50-100 Mbps),28,High,Weekly,87.9,93.7,88.1,57.8,95.0,13,0,100.0,5,8,5415.86
43,0,4,Female,Bachelor Degree,Single,Yes,Suburban,HR,Mid-Level,Small (51-200),Finance,Excellent,Fast (50-100 Mbps),42,High,Weekly,59.6,73.3,75.6,62.0,67.0,10,18,100.0,7,8,4544.599999999999
22,1,3,Female,Master Degree,In Relationship,No,Suburban,Engineering,Mid-Level,Large (1001-5000),Healthcare,Good,Moderate (25-50 Mbps),40,High,Daily,95.5,98.3,100.0,78.5,95.0,9,19,100.0,9,6,7716.55
22,1,4,Female,PhD,Divorced,No,Urban,Engineering,Junior,Large (1001-5000),Retail,Good,Fast (50-100 Mbps),40,High,Few times per week,98.0,100.0,100.0,95.0,95.0,8,37,100.0,7,6,9500.0
22,0,4,Female,Master Degree,Married,Yes,Suburban,Sales,Junior,Large (1001-5000),Manufacturing,Good,Moderate (25-50 Mbps),43,Moderate,Weekly,70.2,75.6,82.2,49.0,95.0,6,28,88.6,8,5,3704.3999999999996
46,7,4,Female,Bachelor Degree,Married,Yes,Suburban,Engineering,Mid-Level,Large (1001-5000),Education,Average,Fast (50-100 Mbps),44,Very High,Weekly,98.0,100.0,89.8,84.7,95.0,14,19,100.0,4,2,8470.0
30,1,4,Male,PhD,Married,Yes,Urban,HR,Junior,Startup (1-50),Technology,Good,Very Fast (100+ Mbps),44,Moderate,Few times per week,72.0,72.0,86.7,59.9,93.5,11,30,86.5,5,7,4312.8
58,12,1,Male,Bachelor Degree,Married,Yes,Suburban,Operations,Senior,Small (51-200),Finance,Good,Fast (50-100 Mbps),35,Moderate,Monthly,94.5,100.0,90.2,94.9,95.0,6,0,100.0,6,6,9490.0
29,4,4,Female,Bachelor Degree,Married,Yes,Suburban,Product,Mid-Level,Small (51-200),Technology,Average,Fast (50-100 Mbps),40,Moderate,Daily,98.0,98.1,96.3,93.6,95.0,5,20,100.0,6,5,9182.159999999998
36,8,0,Female,Bachelor Degree,Divorced,No,Suburban,Engineering,Mid-Level,Enterprise (5000+),Healthcare,Good,Fast (50-100 Mbps),40,Moderate,Daily,95.0,98.5,94.8,82.8,95.0,9,31,100.0,6,7,8155.799999999999
48,2,0,Female,Bachelor Degree,Married,No,Suburban,Engineering,Mid-Level,Medium (201-1000),Non-profit,Poor,Moderate (25-50 Mbps),45,Moderate,Daily,52.0,40.0,50.0,34.4,64.7,2,34,77.6,6,6,1376.0
53,5,5,Male,Master Degree,Married,No,Urban,HR,Senior,Startup (1-50),Education,Good,Fast (50-100 Mbps),36,Moderate,Weekly,78.5,89.7,84.1,58.3,89.4,9,0,71.4,8,5,5229.51
45,2,4,Male,Associate Degree,Single,Yes,Suburban,Engineering,Junior,Large (1001-5000),Technology,Average,Moderate (25-50 Mbps),51,Very High,Weekly,88.6,92.9,88.4,71.2,95.0,11,34,100.0,4,5,6614.4800000000005
44,12,4,Female,Bachelor Degree,Single,Yes,Suburban,Operations,Senior,Large (1001-5000),Technology,Average,Fast (50-100 Mbps),26,Very High,Daily,92.1,74.2,93.9,88.6,95.0,10,6,100.0,3,6,6574.12
40,4,5,Male,Bachelor Degree,Divorced,Yes,Suburban,Customer Success,Mid-Level,Enterprise (5000+),Technology,Poor,Very Fast (100+ Mbps),40,Moderate,Bi-weekly,71.4,64.1,64.8,64.9,81.0,12,0,100.0,5,7,4160.09
